"gene","BHI_mean","Serum_mean","HSerum_mean","BHI_norm","Serum_norm","HSerum_norm","any_insertions"
"FGLBJAKE_00001",0,0,0,0,0,0,FALSE
"FGLBJAKE_00002",0,0,0,0,0,0,FALSE
"FGLBJAKE_00003",0,0,0,0,0,0,FALSE
"FGLBJAKE_00004",0,0,0,0,0,0,FALSE
"FGLBJAKE_00005",0,0,0,0,0,0,FALSE
"FGLBJAKE_00006",0,0,0,0,0,0,FALSE
"FGLBJAKE_00007",0,0,0,0,0,0,FALSE
"FGLBJAKE_00008",26.3333333333333,43.3333333333333,64.3333333333333,262.910923116859,527.355555285117,635.776075054519,TRUE
"FGLBJAKE_00009",0,0,0,0,0,0,FALSE
"FGLBJAKE_00010",0,0,0,0,0,0,FALSE
"FGLBJAKE_00011",0,0,0,0,0,0,FALSE
"FGLBJAKE_00012",206.666666666667,169.333333333333,72,2063.35154851206,2060.74324680646,711.542135812311,TRUE
"FGLBJAKE_00013",0,0,0,0,0,0,FALSE
"FGLBJAKE_00014",154.333333333333,64.6666666666667,278,1540.85768864691,786.976751733174,2747.34324660865,TRUE
"FGLBJAKE_00015",0,0,0,0,0,0,FALSE
"FGLBJAKE_00016",80,19,83.3333333333333,798.71672845628,231.225128086551,823.544138671656,TRUE
"FGLBJAKE_00017",0,0,0,0,0,0,FALSE
"FGLBJAKE_00018",0,0,0,0,0,0,FALSE
"FGLBJAKE_00019",0,0,0,0,0,0,FALSE
"FGLBJAKE_00020",0,0,0.666666666666667,0,0,6.58835310937325,TRUE
"FGLBJAKE_00021",0,0,0,0,0,0,FALSE
"FGLBJAKE_00022",0,13,17.3333333333333,0,158.206666585535,171.297180843704,TRUE
"FGLBJAKE_00023",21.3333333333333,13.3333333333333,99.6666666666667,212.991127588341,162.263247780036,984.958789851301,TRUE
"FGLBJAKE_00024",0,0,0,0,0,0,FALSE
"FGLBJAKE_00025",28.6666666666667,88.6666666666667,88.6666666666667,286.206827696834,1079.05059773724,876.250963546642,TRUE
"FGLBJAKE_00026",0,0,0,0,0,0,FALSE
"FGLBJAKE_00027",19.6666666666667,40.6666666666667,58.3333333333333,196.351195745502,494.90290572911,576.480897070159,TRUE
"FGLBJAKE_00028",0,0,0,0,0,0,FALSE
"FGLBJAKE_00029",0,0,0,0,0,0,FALSE
"FGLBJAKE_00030",0,0,0,0,0,0,FALSE
"FGLBJAKE_00031",28.3333333333333,44.6666666666667,51,282.878841328266,543.58188006312,504.009012867054,TRUE
"FGLBJAKE_00032",0,0,0,0,0,0,FALSE
"FGLBJAKE_00033",0,0,0,0,0,0,FALSE
"FGLBJAKE_00034",0,0,0,0,0,0,FALSE
"FGLBJAKE_00035",103.333333333333,173,141,1031.67577425603,2105.36563994597,1393.43668263244,TRUE
"FGLBJAKE_00036",0,0,0,0,0,0,FALSE
"FGLBJAKE_00037",0,0,30.6666666666667,0,0,303.064243031169,TRUE
"FGLBJAKE_00038",0,0,0,0,0,0,FALSE
"FGLBJAKE_00039",0,0,0,0,0,0,FALSE
"FGLBJAKE_00040",0,0,0,0,0,0,FALSE
"FGLBJAKE_00041",0,0,0,0,0,0,FALSE
"FGLBJAKE_00042",2.33333333333333,1,0,23.2959045799748,12.1697435835027,0,TRUE
"FGLBJAKE_00043",0,0,0,0,0,0,FALSE
"FGLBJAKE_00044",0,0,0,0,0,0,FALSE
"FGLBJAKE_00045",0,77.6666666666667,40.3333333333333,0,945.183418318709,398.595363117082,TRUE
"FGLBJAKE_00046",11.6666666666667,2.33333333333333,27,116.479522899874,28.3960683615063,266.828300929617,TRUE
"FGLBJAKE_00047",0,0,0,0,0,0,FALSE
"FGLBJAKE_00048",0,0,0,0,0,0,FALSE
"FGLBJAKE_00049",5.33333333333333,6,14.6666666666667,53.2477818970853,73.0184615010162,144.943768406211,TRUE
"FGLBJAKE_00050",0,0,0,0,0,0,FALSE
"FGLBJAKE_00051",0,0,1.33333333333333,0,0,13.1767062187465,TRUE
"FGLBJAKE_00052",458.666666666667,173.666666666667,489.666666666667,4579.30924314934,2113.47880233497,4839.14535883465,TRUE
"FGLBJAKE_00053",0,0,0,0,0,0,FALSE
"FGLBJAKE_00054",1.66666666666667,0,0,16.6399318428392,0,0,TRUE
"FGLBJAKE_00055",0,0,0,0,0,0,FALSE
"FGLBJAKE_00056",0,0,0,0,0,0,FALSE
"FGLBJAKE_00057",0,0,0,0,0,0,FALSE
"FGLBJAKE_00058",0,0,0,0,0,0,FALSE
"FGLBJAKE_00059",0,4.66666666666667,0,0,56.7921367230126,0,TRUE
"FGLBJAKE_00060",0,0,0,0,0,0,FALSE
"FGLBJAKE_00061",0,0,0,0,0,0,FALSE
"FGLBJAKE_00062",0,0,0,0,0,0,FALSE
"FGLBJAKE_00063",0,0,0,0,0,0,FALSE
"FGLBJAKE_00064",126.333333333333,20.6666666666667,82,1261.30683368721,251.508034059056,810.36743245291,TRUE
"FGLBJAKE_00065",0,0,0,0,0,0,FALSE
"FGLBJAKE_00066",0,0,0,0,0,0,FALSE
"FGLBJAKE_00067",0,0,0,0,0,0,FALSE
"FGLBJAKE_00068",0,0,0,0,0,0,FALSE
"FGLBJAKE_00069",0,0,0,0,0,0,FALSE
"FGLBJAKE_00070",0,0,0,0,0,0,FALSE
"FGLBJAKE_00071",0,0,0,0,0,0,FALSE
"FGLBJAKE_00072",295,342,341,2945.26793618253,4162.05230555792,3369.94261544442,TRUE
"FGLBJAKE_00073",132.666666666667,97.3333333333333,195.333333333333,1324.53857469,1184.52170879426,1930.38746104636,TRUE
"FGLBJAKE_00074",0,0,0,0,0,0,FALSE
"FGLBJAKE_00075",0,0,0,0,0,0,FALSE
"FGLBJAKE_00076",0,0,0,0,0,0,FALSE
"FGLBJAKE_00077",22,0,0,219.647100325477,0,0,TRUE
"FGLBJAKE_00078",0,0,21.3333333333333,0,0,210.827299499944,TRUE
"FGLBJAKE_00079",0,0,0,0,0,0,FALSE
"FGLBJAKE_00080",20,0,0,199.67918211407,0,0,TRUE
"FGLBJAKE_00081",0,0,0,0,0,0,FALSE
"FGLBJAKE_00082",88,10.6666666666667,68.6666666666667,878.588401301908,129.810598224029,678.600370265445,TRUE
"FGLBJAKE_00083",0,0,0,0,0,0,FALSE
"FGLBJAKE_00084",204,77.6666666666667,169.666666666667,2036.72765756351,945.183418318709,1676.73586633549,TRUE
"FGLBJAKE_00085",0,0,0,0,0,0,FALSE
"FGLBJAKE_00086",0,0,0,0,0,0,FALSE
"FGLBJAKE_00087",0,0,0,0,0,0,FALSE
"FGLBJAKE_00088",0,0,0,0,0,0,FALSE
"FGLBJAKE_00089",0,0,0,0,0,0,FALSE
"FGLBJAKE_00090",0,0,0,0,0,0,FALSE
"FGLBJAKE_00091",0,0,0,0,0,0,FALSE
"FGLBJAKE_00092",0,0,0,0,0,0,FALSE
"FGLBJAKE_00093",0,0,0,0,0,0,FALSE
"FGLBJAKE_00094",0.666666666666667,0.666666666666667,0,6.65597273713567,8.1131623890018,0,TRUE
"FGLBJAKE_00095",0,0,17.3333333333333,0,0,171.297180843704,TRUE
"FGLBJAKE_00096",0,0,0,0,0,0,FALSE
"FGLBJAKE_00097",0,0,0,0,0,0,FALSE
"FGLBJAKE_00098",0,0,0,0,0,0,FALSE
"FGLBJAKE_00099",0,0,0,0,0,0,FALSE
"FGLBJAKE_00100",0,0,28,0,0,276.710830593676,TRUE
"FGLBJAKE_00101",61.3333333333333,23.6666666666667,16.6666666666667,612.349491816482,288.017264809564,164.708827734331,TRUE
"FGLBJAKE_00102",10.3333333333333,8.33333333333333,58,103.167577425603,101.414529862522,573.186720515473,TRUE
"FGLBJAKE_00103",1887.66666666667,5894,13732.3333333333,18846.3868051996,71728.4686811649,135710.191523425,TRUE
"FGLBJAKE_00104",0,0,0,0,0,0,FALSE
"FGLBJAKE_00105",0,0,0,0,0,0,FALSE
"FGLBJAKE_00106",68.3333333333333,0,51,682.237205556406,0,504.009012867054,TRUE
"FGLBJAKE_00107",0,0,0,0,0,0,FALSE
"FGLBJAKE_00108",0,0,0,0,0,0,FALSE
"FGLBJAKE_00109",0,0,0,0,0,0,FALSE
"FGLBJAKE_00110",0,0,0,0,0,0,FALSE
"FGLBJAKE_00111",0,0,0,0,0,0,FALSE
"FGLBJAKE_00112",0,0,0,0,0,0,FALSE
"FGLBJAKE_00113",0,0,0,0,0,0,FALSE
"FGLBJAKE_00114",19.6666666666667,0,0,196.351195745502,0,0,TRUE
"FGLBJAKE_00115",0,0,0,0,0,0,FALSE
"FGLBJAKE_00116",0,0,0,0,0,0,FALSE
"FGLBJAKE_00117",0,0,0,0,0,0,FALSE
"FGLBJAKE_00144",0,0.333333333333333,0.333333333333333,0,4.0565811945009,3.29417655468662,TRUE
"FGLBJAKE_00145",0,0,0,0,0,0,FALSE
"FGLBJAKE_00146",0,0,0,0,0,0,FALSE
"FGLBJAKE_00147",0,0,0,0,0,0,FALSE
"FGLBJAKE_00148",0.333333333333333,3.66666666666667,0,3.32798636856783,44.6223931395099,0,TRUE
"FGLBJAKE_00149",93.3333333333333,31.6666666666667,2.33333333333333,931.836183198994,385.375213477585,23.0592358828064,TRUE
"FGLBJAKE_00150",0,0,17.6666666666667,0,0,174.591357398391,TRUE
"FGLBJAKE_00151",0,0,0,0,0,0,FALSE
"FGLBJAKE_00152",7.66666666666667,2.33333333333333,65.6666666666667,76.5436864770602,28.3960683615063,648.952781273265,TRUE
"FGLBJAKE_00153",0,0,0,0,0,0,FALSE
"FGLBJAKE_00154",19.3333333333333,12.3333333333333,0,193.023209376934,150.093504196533,0,TRUE
"FGLBJAKE_00155",0,0,0,0,0,0,FALSE
"FGLBJAKE_00156",0,0,0,0,0,0,FALSE
"FGLBJAKE_00157",0,0,0,0,0,0,FALSE
"FGLBJAKE_00158",0,51.3333333333333,23.6666666666667,0,624.713503953138,233.88653538275,TRUE
"FGLBJAKE_00159",0,0,0,0,0,0,FALSE
"FGLBJAKE_00160",0,0,0,0,0,0,FALSE
"FGLBJAKE_00161",17.6666666666667,1.66666666666667,0,176.383277534095,20.2829059725045,0,TRUE
"FGLBJAKE_00162",31.6666666666667,0,58,316.158705013944,0,573.186720515473,TRUE
"FGLBJAKE_00163",0,0,0,0,0,0,FALSE
"FGLBJAKE_00164",0,0,0,0,0,0,FALSE
"FGLBJAKE_00165",20,32.6666666666667,0,199.67918211407,397.544957061088,0,TRUE
"FGLBJAKE_00166",212,104.666666666667,121,2116.59933040914,1273.76649507328,1195.78608935124,TRUE
"FGLBJAKE_00167",0,0,0,0,0,0,FALSE
"FGLBJAKE_00168",0,0,0,0,0,0,FALSE
"FGLBJAKE_00169",0,14,19.6666666666667,0,170.376410169038,194.356416726511,TRUE
"FGLBJAKE_00170",0,0,0,0,0,0,FALSE
"FGLBJAKE_00171",715.333333333333,571.333333333333,895.666666666667,7141.85874694657,6952.98016737454,8851.45240244296,TRUE
"FGLBJAKE_00172",225.333333333333,113.333333333333,217.666666666667,2249.71878515186,1379.23760613031,2151.09729021037,TRUE
"FGLBJAKE_00173",0,154,0,0,1874.14051185942,0,TRUE
"FGLBJAKE_00174",20.3333333333333,13.3333333333333,44.6666666666667,203.007168482638,162.263247780036,441.419658328008,TRUE
"FGLBJAKE_00175",0,0,0,0,0,0,FALSE
"FGLBJAKE_00176",30.6666666666667,0,0,306.174745908241,0,0,TRUE
"FGLBJAKE_00177",9.33333333333333,4.66666666666667,39,93.1836183198994,56.7921367230126,385.418656898335,TRUE
"FGLBJAKE_00178",120,130,175,1198.07509268442,1582.06666585535,1729.44269121048,TRUE
"FGLBJAKE_00179",0,3.33333333333333,4,0,40.565811945009,39.5301186562395,TRUE
"FGLBJAKE_00180",99,46.6666666666667,31.3333333333333,988.411951464647,567.921367230126,309.652596140543,TRUE
"FGLBJAKE_00181",0,0,0,0,0,0,FALSE
"FGLBJAKE_00182",0,0,0,0,0,0,FALSE
"FGLBJAKE_00183",185.333333333333,139.666666666667,315.333333333333,1850.36042092372,1699.70752049588,3116.29102073355,TRUE
"FGLBJAKE_00184",0,0,0,0,0,0,FALSE
"FGLBJAKE_00185",72.6666666666667,20,51.6666666666667,725.501028347788,243.394871670054,510.597365976427,TRUE
"FGLBJAKE_00186",0,0,0,0,0,0,FALSE
"FGLBJAKE_00187",0,0,0,0,0,0,FALSE
"FGLBJAKE_00188",39.3333333333333,16,1,392.702391491004,194.715897336043,9.88252966405988,TRUE
"FGLBJAKE_00189",0,0,0,0,0,0,FALSE
"FGLBJAKE_00190",0,0,0,0,0,0,FALSE
"FGLBJAKE_00191",62,4.66666666666667,15.3333333333333,619.005464553617,56.7921367230126,151.532121515585,TRUE
"FGLBJAKE_00192",0,0,0,0,0,0,FALSE
"FGLBJAKE_00193",0,0,0,0,0,0,FALSE
"FGLBJAKE_00194",0,0,0,0,0,0,FALSE
"FGLBJAKE_00195",257.666666666667,87,123.333333333333,2572.53346290294,1058.76769176473,1218.84532523405,TRUE
"FGLBJAKE_00196",53,30.6666666666667,68.3333333333333,529.149832602286,373.205469894083,675.306193710758,TRUE
"FGLBJAKE_00197",0,0,0,0,0,0,FALSE
"FGLBJAKE_00198",0,0,0,0,0,0,FALSE
"FGLBJAKE_00199",0,0,0,0,0,0,FALSE
"FGLBJAKE_00200",290.666666666667,302,255.333333333333,2902.00411339115,3675.26256221781,2523.33924088995,TRUE
"FGLBJAKE_00201",156,7,41.3333333333333,1557.49762048975,85.1882050845189,408.477892781142,TRUE
"FGLBJAKE_00202",246.666666666667,332.333333333333,208,2462.7099127402,4044.4114509174,2055.56617012445,TRUE
"FGLBJAKE_00203",0,0,0,0,0,0,FALSE
"FGLBJAKE_00204",0.333333333333333,0,0,3.32798636856783,0,0,TRUE
"FGLBJAKE_00205",0,21.6666666666667,27,0,263.677777642558,266.828300929617,TRUE
"FGLBJAKE_00206",143.666666666667,51.6666666666667,161.333333333333,1434.36212485274,628.770085147639,1594.38145246833,TRUE
"FGLBJAKE_00207",0,4.33333333333333,0,0,52.7355555285117,0,TRUE
"FGLBJAKE_00208",281.333333333333,174,317.666666666667,2808.82049507125,2117.53538352947,3139.35025661635,TRUE
"FGLBJAKE_00209",0,0,0,0,0,0,FALSE
"FGLBJAKE_00210",0,0,7.66666666666667,0,0,75.7660607577924,TRUE
"FGLBJAKE_00211",0,0,0,0,0,0,FALSE
"FGLBJAKE_00212",0,0,0,0,0,0,FALSE
"FGLBJAKE_00213",0,0,0,0,0,0,FALSE
"FGLBJAKE_00214",0,0,0,0,0,0,FALSE
"FGLBJAKE_00215",0.333333333333333,0.333333333333333,0,3.32798636856783,4.0565811945009,0,TRUE
"FGLBJAKE_00216",0,6.66666666666667,0.333333333333333,0,81.131623890018,3.29417655468662,TRUE
"FGLBJAKE_00217",0,0,0,0,0,0,FALSE
"FGLBJAKE_00218",0,0,0,0,0,0,FALSE
"FGLBJAKE_00219",0,0,0,0,0,0,FALSE
"FGLBJAKE_00220",16.3333333333333,5.33333333333333,34,163.071332059824,64.9052991120144,336.006008578036,TRUE
"FGLBJAKE_00221",179,116.666666666667,161.333333333333,1787.12867992093,1419.80341807531,1594.38145246833,TRUE
"FGLBJAKE_00222",0,0,0,0,0,0,FALSE
"FGLBJAKE_00223",58.3333333333333,0,1.33333333333333,582.397614499371,0,13.1767062187465,TRUE
"FGLBJAKE_00224",0,0,0,0,0,0,FALSE
"FGLBJAKE_00225",0,0,0,0,0,0,FALSE
"FGLBJAKE_00226",0,0,0,0,0,0,FALSE
"FGLBJAKE_00227",0,0,0,0,0,0,FALSE
"FGLBJAKE_00228",10.3333333333333,6,4,103.167577425603,73.0184615010162,39.5301186562395,TRUE
"FGLBJAKE_00229",25.3333333333333,12.3333333333333,7,252.926964011155,150.093504196533,69.1777076484191,TRUE
"FGLBJAKE_00230",0,0,0,0,0,0,FALSE
"FGLBJAKE_00231",0,0,0,0,0,0,FALSE
"FGLBJAKE_00232",0,0,0,0,0,0,FALSE
"FGLBJAKE_00233",0,0,0,0,0,0,FALSE
"FGLBJAKE_00234",0,0,0,0,0,0,FALSE
"FGLBJAKE_00235",0,0,0,0,0,0,FALSE
"FGLBJAKE_00236",74.3333333333333,15.3333333333333,48,742.140960190627,186.602734947041,474.361423874874,TRUE
"FGLBJAKE_00237",0,0,0,0,0,0,FALSE
"FGLBJAKE_00238",0,0,0,0,0,0,FALSE
"FGLBJAKE_00239",0,0,0,0,0,0,FALSE
"FGLBJAKE_00240",314.666666666667,231,484.666666666667,3141.61913192804,2811.21076778912,4789.73271051435,TRUE
"FGLBJAKE_00241",0,0,0,0,0,0,FALSE
"FGLBJAKE_00242",0,0,0,0,0,0,FALSE
"FGLBJAKE_00243",0,0,0,0,0,0,FALSE
"FGLBJAKE_00244",0,0,0,0,0,0,FALSE
"FGLBJAKE_00245",6.66666666666667,0,3.66666666666667,66.5597273713567,0,36.2359421015529,TRUE
"FGLBJAKE_00246",0,0,0,0,0,0,FALSE
"FGLBJAKE_00247",0,0,0,0,0,0,FALSE
"FGLBJAKE_00248",0,0,0,0,0,0,FALSE
"FGLBJAKE_00249",0,16.3333333333333,0,0,198.772478530544,0,TRUE
"FGLBJAKE_00250",0,0.333333333333333,0,0,4.0565811945009,0,TRUE
"FGLBJAKE_00251",0,0,0,0,0,0,FALSE
"FGLBJAKE_00252",0,0,0,0,0,0,FALSE
"FGLBJAKE_00253",0,0,0,0,0,0,FALSE
"FGLBJAKE_00254",1.33333333333333,0,0,13.3119454742713,0,0,TRUE
"FGLBJAKE_00255",0,0,0,0,0,0,FALSE
"FGLBJAKE_00256",73.3333333333333,21.3333333333333,24.3333333333333,732.157001084924,259.621196448058,240.474888492124,TRUE
"FGLBJAKE_00257",0,0,0,0,0,0,FALSE
"FGLBJAKE_00258",0,0,0,0,0,0,FALSE
"FGLBJAKE_00259",0,0,0,0,0,0,FALSE
"FGLBJAKE_00260",38.3333333333333,12,15,382.718432385301,146.036923002032,148.237944960898,TRUE
"FGLBJAKE_00261",0,0,0,0,0,0,FALSE
"FGLBJAKE_00262",0,0,0,0,0,0,FALSE
"FGLBJAKE_00263",0,0,0,0,0,0,FALSE
"FGLBJAKE_00264",0,0,0,0,0,0,FALSE
"FGLBJAKE_00265",44.6666666666667,59.6666666666667,59,445.95017338809,726.128033815661,583.069250179533,TRUE
"FGLBJAKE_00266",39.6666666666667,0,0,396.030377859572,0,0,TRUE
"FGLBJAKE_00267",0,0,0,0,0,0,FALSE
"FGLBJAKE_00268",0,29.3333333333333,49,0,356.979145116079,484.243953538934,TRUE
"FGLBJAKE_00269",0,0,0,0,0,0,FALSE
"FGLBJAKE_00270",0,0,0,0,0,0,FALSE
"FGLBJAKE_00271",0,0,0,0,0,0,FALSE
"FGLBJAKE_00272",0,0,0,0,0,0,FALSE
"FGLBJAKE_00273",0,0,0,0,0,0,FALSE
"FGLBJAKE_00274",0,0,0,0,0,0,FALSE
"FGLBJAKE_00275",11,10,21.6666666666667,109.823550162739,121.697435835027,214.121476054631,TRUE
"FGLBJAKE_00276",25.6666666666667,42,63.3333333333333,256.254950379723,511.129230507113,625.893545390459,TRUE
"FGLBJAKE_00277",0,0,0,0,0,0,FALSE
"FGLBJAKE_00278",0,0,0,0,0,0,FALSE
"FGLBJAKE_00279",0,0,0,0,0,0,FALSE
"FGLBJAKE_00280",0,0,0,0,0,0,FALSE
"FGLBJAKE_00281",0,0,0,0,0,0,FALSE
"FGLBJAKE_00282",0,10.3333333333333,0,0,125.754017029528,0,TRUE
"FGLBJAKE_00283",0.666666666666667,0,33.3333333333333,6.65597273713567,0,329.417655468663,TRUE
"FGLBJAKE_00284",0,0,0,0,0,0,FALSE
"FGLBJAKE_00285",0,0,0,0,0,0,FALSE
"FGLBJAKE_00286",0,0,0,0,0,0,FALSE
"FGLBJAKE_00287",0,0,0,0,0,0,FALSE
"FGLBJAKE_00288",0,0,0,0,0,0,FALSE
"FGLBJAKE_00289",53.6666666666667,42,41,535.805805339421,511.129230507113,405.183716226455,TRUE
"FGLBJAKE_00290",23.3333333333333,4.33333333333333,0.666666666666667,232.959045799748,52.7355555285117,6.58835310937325,TRUE
"FGLBJAKE_00291",0,0,0,0,0,0,FALSE
"FGLBJAKE_00292",0,0,0,0,0,0,FALSE
"FGLBJAKE_00293",3.33333333333333,1,0,33.2798636856783,12.1697435835027,0,TRUE
"FGLBJAKE_00294",0,0,0,0,0,0,FALSE
"FGLBJAKE_00295",6,0,0,59.903754634221,0,0,TRUE
"FGLBJAKE_00296",1.66666666666667,8.33333333333333,0,16.6399318428392,101.414529862522,0,TRUE
"FGLBJAKE_00297",0,0,0,0,0,0,FALSE
"FGLBJAKE_00298",0,0,0,0,0,0,FALSE
"FGLBJAKE_00299",0,0,0,0,0,0,FALSE
"FGLBJAKE_00300",0,17,117,0,206.885640919546,1156.25597069501,TRUE
"FGLBJAKE_00301",0,0,0,0,0,0,FALSE
"FGLBJAKE_00302",0,0,0,0,0,0,FALSE
"FGLBJAKE_00303",0,0,0,0,0,0,FALSE
"FGLBJAKE_00304",0,0,13.6666666666667,0,0,135.061238742152,TRUE
"FGLBJAKE_00305",0,0,0,0,0,0,FALSE
"FGLBJAKE_00306",0,0,0,0,0,0,FALSE
"FGLBJAKE_00307",0,0,0,0,0,0,FALSE
"FGLBJAKE_00308",0,0,0,0,0,0,FALSE
"FGLBJAKE_00309",0,0,0,0,0,0,FALSE
"FGLBJAKE_00311",0,0,0,0,0,0,FALSE
"FGLBJAKE_00312",0,0,0,0,0,0,FALSE
"FGLBJAKE_00313",0.333333333333333,24.3333333333333,0,3.32798636856783,296.130427198566,0,TRUE
"FGLBJAKE_00314",0,0,0,0,0,0,FALSE
"FGLBJAKE_00315",0,0,0,0,0,0,FALSE
"FGLBJAKE_00316",0,0,0,0,0,0,FALSE
"FGLBJAKE_00317",0,0,12.3333333333333,0,0,121.884532523405,TRUE
"FGLBJAKE_00318",1.66666666666667,114,183.333333333333,16.6399318428392,1387.35076851931,1811.79710507764,TRUE
"FGLBJAKE_00319",0,0,0,0,0,0,FALSE
"FGLBJAKE_00320",76,327.333333333333,220.333333333333,758.780892033466,3983.56273299988,2177.45070264786,TRUE
"FGLBJAKE_00321",33.6666666666667,5.66666666666667,40,336.126623225351,68.9618803065153,395.301186562395,TRUE
"FGLBJAKE_00322",0,0,3.33333333333333,0,0,32.9417655468663,TRUE
"FGLBJAKE_00323",23.3333333333333,22.3333333333333,107.333333333333,232.959045799748,271.79094003156,1060.72485060909,TRUE
"FGLBJAKE_00324",0,0,0,0,0,0,FALSE
"FGLBJAKE_00325",0,0,0,0,0,0,FALSE
"FGLBJAKE_00326",1.66666666666667,0,0,16.6399318428392,0,0,TRUE
"FGLBJAKE_00327",0,0,0,0,0,0,FALSE
"FGLBJAKE_00328",0,0,0,0,0,0,FALSE
"FGLBJAKE_00329",0,0,0,0,0,0,FALSE
"FGLBJAKE_00330",0,0,0,0,0,0,FALSE
"FGLBJAKE_00331",39.6666666666667,36.3333333333333,13.3333333333333,396.030377859572,442.167350200598,131.767062187465,TRUE
"FGLBJAKE_00332",0,0,0,0,0,0,FALSE
"FGLBJAKE_00333",0,0,0,0,0,0,FALSE
"FGLBJAKE_00334",0,0,0,0,0,0,FALSE
"FGLBJAKE_00335",0,0,0,0,0,0,FALSE
"FGLBJAKE_00336",0,0,0,0,0,0,FALSE
"FGLBJAKE_00337",0,0,0,0,0,0,FALSE
"FGLBJAKE_00338",0,0,0,0,0,0,FALSE
"FGLBJAKE_00339",0,0,0,0,0,0,FALSE
"FGLBJAKE_00340",0,0,0,0,0,0,FALSE
"FGLBJAKE_00341",0,0,0,0,0,0,FALSE
"FGLBJAKE_00342",0,7.33333333333333,0,0,89.2447862790198,0,TRUE
"FGLBJAKE_00343",2107.33333333333,1472.33333333333,3136,21039.5298220858,17917.9191361105,30991.6130264918,TRUE
"FGLBJAKE_00344",0,0,0,0,0,0,FALSE
"FGLBJAKE_00345",0,0,0,0,0,0,FALSE
"FGLBJAKE_00346",0,0,0,0,0,0,FALSE
"FGLBJAKE_00347",0,0,0,0,0,0,FALSE
"FGLBJAKE_00348",0,0,0,0,0,0,FALSE
"FGLBJAKE_00349",0,0,0,0,0,0,FALSE
"FGLBJAKE_00350",0,0,0,0,0,0,FALSE
"FGLBJAKE_00351",0,0,0,0,0,0,FALSE
"FGLBJAKE_00352",0,0,0,0,0,0,FALSE
"FGLBJAKE_00353",0,0,0,0,0,0,FALSE
"FGLBJAKE_00354",0,0,0,0,0,0,FALSE
"FGLBJAKE_00355",0,0,0,0,0,0,FALSE
"FGLBJAKE_00356",0,0,0,0,0,0,FALSE
"FGLBJAKE_00357",0,0,0,0,0,0,FALSE
"FGLBJAKE_00358",0,0,0,0,0,0,FALSE
"FGLBJAKE_00359",0,0,0,0,0,0,FALSE
"FGLBJAKE_00360",0,17.3333333333333,72.6666666666667,0,210.942222114047,718.130488921684,TRUE
"FGLBJAKE_00361",212.333333333333,280,638.333333333333,2119.92731677771,3407.52820338075,6308.34810222489,TRUE
"FGLBJAKE_00362",586.333333333333,364,693.666666666667,5853.92802231082,4429.78666439498,6855.18141030287,TRUE
"FGLBJAKE_00363",0,0,0,0,0,0,FALSE
"FGLBJAKE_00364",0,0,0,0,0,0,FALSE
"FGLBJAKE_00365",118.333333333333,155.333333333333,95,1181.43516084158,1890.36683663742,938.840318085688,TRUE
"FGLBJAKE_00366",0,0,0,0,0,0,FALSE
"FGLBJAKE_00367",0,0,0,0,0,0,FALSE
"FGLBJAKE_00368",0,0,0,0,0,0,FALSE
"FGLBJAKE_00369",68.3333333333333,51.3333333333333,162.333333333333,682.237205556406,624.713503953138,1604.26398213239,TRUE
"FGLBJAKE_00370",0,0,0,0,0,0,FALSE
"FGLBJAKE_00371",0,0,0,0,0,0,FALSE
"FGLBJAKE_00372",0,0,0,0,0,0,FALSE
"FGLBJAKE_00373",40,61,18.3333333333333,399.35836422814,742.354358593664,181.179710507764,TRUE
"FGLBJAKE_00374",0,0,0,0,0,0,FALSE
"FGLBJAKE_00375",0,0,0,0,0,0,FALSE
"FGLBJAKE_00376",0,4.33333333333333,0,0,52.7355555285117,0,TRUE
"FGLBJAKE_00377",0,0,0,0,0,0,FALSE
"FGLBJAKE_00378",19,23,109.666666666667,189.695223008367,279.904102420562,1083.7840864919,TRUE
"FGLBJAKE_00379",181.333333333333,335.666666666667,368.333333333333,1810.4245845009,4084.9772628624,3640.06509292872,TRUE
"FGLBJAKE_00380",0,0,0,0,0,0,FALSE
"FGLBJAKE_00381",0,0,0,0,0,0,FALSE
"FGLBJAKE_00382",0,0,0,0,0,0,FALSE
"FGLBJAKE_00383",0,0,0,0,0,0,FALSE
"FGLBJAKE_00384",0,0,0,0,0,0,FALSE
"FGLBJAKE_00385",0,0,0,0,0,0,FALSE
"FGLBJAKE_00386",0,0,0,0,0,0,FALSE
"FGLBJAKE_00387",0,0,0,0,0,0,FALSE
"FGLBJAKE_00388",0,0,0,0,0,0,FALSE
"FGLBJAKE_00390",0,0,0,0,0,0,FALSE
"FGLBJAKE_00391",0,0,0,0,0,0,FALSE
"FGLBJAKE_00392",0,0,0,0,0,0,FALSE
"FGLBJAKE_00393",0,0,0,0,0,0,FALSE
"FGLBJAKE_00394",0,0,0,0,0,0,FALSE
"FGLBJAKE_00395",0,0,0,0,0,0,FALSE
"FGLBJAKE_00396",0,0,0,0,0,0,FALSE
"FGLBJAKE_00397",29.6666666666667,14.3333333333333,59.6666666666667,296.190786802537,174.432991363539,589.657603288906,TRUE
"FGLBJAKE_00398",76.6666666666667,18.3333333333333,26.3333333333333,765.436864770602,223.111965697549,260.239947820243,TRUE
"FGLBJAKE_00399",0,0,0,0,0,0,FALSE
"FGLBJAKE_00400",0,0,0,0,0,0,FALSE
"FGLBJAKE_00401",0,0,0,0,0,0,FALSE
"FGLBJAKE_00402",0,0,18.6666666666667,0,0,184.473887062451,TRUE
"FGLBJAKE_00403",0,0,0,0,0,0,FALSE
"FGLBJAKE_00404",0,0,0,0,0,0,FALSE
"FGLBJAKE_00405",0,0.666666666666667,0,0,8.1131623890018,0,TRUE
"FGLBJAKE_00406",0,0,0,0,0,0,FALSE
"FGLBJAKE_00407",1.33333333333333,0,0,13.3119454742713,0,0,TRUE
"FGLBJAKE_00408",0,0,0,0,0,0,FALSE
"FGLBJAKE_00409",0,0,0,0,0,0,FALSE
"FGLBJAKE_00410",0,0,0,0,0,0,FALSE
"FGLBJAKE_00411",0,0,13.6666666666667,0,0,135.061238742152,TRUE
"FGLBJAKE_00412",0.333333333333333,0.666666666666667,0,3.32798636856783,8.1131623890018,0,TRUE
"FGLBJAKE_00413",0,0,0,0,0,0,FALSE
"FGLBJAKE_00414",0,0,0,0,0,0,FALSE
"FGLBJAKE_00415",0,7.33333333333333,2,0,89.2447862790198,19.7650593281198,TRUE
"FGLBJAKE_00416",0,0,0,0,0,0,FALSE
"FGLBJAKE_00417",0,0,0,0,0,0,FALSE
"FGLBJAKE_00418",0,0.666666666666667,0,0,8.1131623890018,0,TRUE
"FGLBJAKE_00419",0,0,0,0,0,0,FALSE
"FGLBJAKE_00420",0,0,0,0,0,0,FALSE
"FGLBJAKE_00421",0,0.333333333333333,0,0,4.0565811945009,0,TRUE
"FGLBJAKE_00422",0,0,0,0,0,0,FALSE
"FGLBJAKE_00423",0,0,0,0,0,0,FALSE
"FGLBJAKE_00424",0,0,0,0,0,0,FALSE
"FGLBJAKE_00425",0,0,0,0,0,0,FALSE
"FGLBJAKE_00426",0,0,0,0,0,0,FALSE
"FGLBJAKE_00427",0,0,0,0,0,0,FALSE
"FGLBJAKE_00428",0,0,0,0,0,0,FALSE
"FGLBJAKE_00429",0,0,0,0,0,0,FALSE
"FGLBJAKE_00430",0,9.33333333333333,14.3333333333333,0,113.584273446025,141.649591851525,TRUE
"FGLBJAKE_00431",0,0,0,0,0,0,FALSE
"FGLBJAKE_00432",0,0,0,0,0,0,FALSE
"FGLBJAKE_00433",0,0,1.33333333333333,0,0,13.1767062187465,TRUE
"FGLBJAKE_00434",0,0,0,0,0,0,FALSE
"FGLBJAKE_00435",0,0,0,0,0,0,FALSE
"FGLBJAKE_00436",0,0,0,0,0,0,FALSE
"FGLBJAKE_00437",0,0,0,0,0,0,FALSE
"FGLBJAKE_00438",0,0,0,0,0,0,FALSE
"FGLBJAKE_00439",0,0,0,0,0,0,FALSE
"FGLBJAKE_00440",0,0,0,0,0,0,FALSE
"FGLBJAKE_00441",0,0,0,0,0,0,FALSE
"FGLBJAKE_00442",0,0,0,0,0,0,FALSE
"FGLBJAKE_00443",0,0,0,0,0,0,FALSE
"FGLBJAKE_00444",0,0,0,0,0,0,FALSE
"FGLBJAKE_00445",0,0,0,0,0,0,FALSE
"FGLBJAKE_00446",0,0,0,0,0,0,FALSE
"FGLBJAKE_00447",0,0,0,0,0,0,FALSE
"FGLBJAKE_00448",18.6666666666667,7,32.3333333333333,186.367236639799,85.1882050845189,319.535125804603,TRUE
"FGLBJAKE_00449",0,0,0,0,0,0,FALSE
"FGLBJAKE_00450",0,0,0,0,0,0,FALSE
"FGLBJAKE_00451",0,0,0,0,0,0,FALSE
"FGLBJAKE_00452",0,0,0,0,0,0,FALSE
"FGLBJAKE_00453",0,0,0,0,0,0,FALSE
"FGLBJAKE_00454",114,214,375,1138.1713380502,2604.32512686958,3705.94862402245,TRUE
"FGLBJAKE_00455",0,25.6666666666667,89,0,312.356751976569,879.545140101329,TRUE
"FGLBJAKE_00456",12.6666666666667,0,0.333333333333333,126.463482005578,0,3.29417655468662,TRUE
"FGLBJAKE_00457",0,0,0,0,0,0,FALSE
"FGLBJAKE_00458",0,0,0,0,0,0,FALSE
"FGLBJAKE_00459",7.33333333333333,6.66666666666667,8.66666666666667,73.2157001084923,81.131623890018,85.6485904218522,TRUE
"FGLBJAKE_00460",0,0,0,0,0,0,FALSE
"FGLBJAKE_00461",0,0,0,0,0,0,FALSE
"FGLBJAKE_00462",0,12,6,0,146.036923002032,59.2951779843592,TRUE
"FGLBJAKE_00463",0,50,51.6666666666667,0,608.487179175135,510.597365976427,TRUE
"FGLBJAKE_00464",0,0,0,0,0,0,FALSE
"FGLBJAKE_00465",0,0,0,0,0,0,FALSE
"FGLBJAKE_00466",0,0,0,0,0,0,FALSE
"FGLBJAKE_00467",0,0,0,0,0,0,FALSE
"FGLBJAKE_00468",0,0,0,0,0,0,FALSE
"FGLBJAKE_00469",0,0,0,0,0,0,FALSE
"FGLBJAKE_00470",0,0,0,0,0,0,FALSE
"FGLBJAKE_00471",0,1.33333333333333,0,0,16.2263247780036,0,TRUE
"FGLBJAKE_00472",0,0,30,0,0,296.475889921796,TRUE
"FGLBJAKE_00473",0,0,0,0,0,0,FALSE
"FGLBJAKE_00474",0,0,0,0,0,0,FALSE
"FGLBJAKE_00475",0,0,0,0,0,0,FALSE
"FGLBJAKE_00476",0,0,0,0,0,0,FALSE
"FGLBJAKE_00477",0,0,0,0,0,0,FALSE
"FGLBJAKE_00478",0,0,0,0,0,0,FALSE
"FGLBJAKE_00479",0,0,0,0,0,0,FALSE
"FGLBJAKE_00480",0,0,0,0,0,0,FALSE
"FGLBJAKE_00481",62.6666666666667,46.3333333333333,36.3333333333333,625.661437290753,563.864786035625,359.065244460842,TRUE
"FGLBJAKE_00482",0,0,0,0,0,0,FALSE
"FGLBJAKE_00483",0.333333333333333,7.66666666666667,0,3.32798636856783,93.3013674735207,0,TRUE
"FGLBJAKE_00484",0,0,0,0,0,0,FALSE
"FGLBJAKE_00485",0,0,0,0,0,0,FALSE
"FGLBJAKE_00486",0,0,0,0,0,0,FALSE
"FGLBJAKE_00487",0,0,0,0,0,0,FALSE
"FGLBJAKE_00488",0,0,0,0,0,0,FALSE
"FGLBJAKE_00489",18,0,0,179.711263902663,0,0,TRUE
"FGLBJAKE_00490",0,0,0,0,0,0,FALSE
"FGLBJAKE_00491",0,0,0,0,0,0,FALSE
"FGLBJAKE_00492",1.33333333333333,0,2.33333333333333,13.3119454742713,0,23.0592358828064,TRUE
"FGLBJAKE_00493",0,0,0,0,0,0,FALSE
"FGLBJAKE_00494",0,0,0,0,0,0,FALSE
"FGLBJAKE_00495",0,0,0,0,0,0,FALSE
"FGLBJAKE_00496",28,1.66666666666667,14.3333333333333,279.550854959698,20.2829059725045,141.649591851525,TRUE
"FGLBJAKE_00497",0,0,0,0,0,0,FALSE
"FGLBJAKE_00498",0,0,0,0,0,0,FALSE
"FGLBJAKE_00499",0,0,0,0,0,0,FALSE
"FGLBJAKE_00500",0,0,0,0,0,0,FALSE
"FGLBJAKE_00501",0,0,0,0,0,0,FALSE
"FGLBJAKE_00502",0,0,0,0,0,0,FALSE
"FGLBJAKE_00503",0,0,0,0,0,0,FALSE
"FGLBJAKE_00504",0,0,0,0,0,0,FALSE
"FGLBJAKE_00505",0,0,0,0,0,0,FALSE
"FGLBJAKE_00506",0,0,0,0,0,0,FALSE
"FGLBJAKE_00507",0,14.6666666666667,0,0,178.48957255804,0,TRUE
"FGLBJAKE_00508",0,0,0,0,0,0,FALSE
"FGLBJAKE_00509",0,0,0,0,0,0,FALSE
"FGLBJAKE_00526",0,0,0,0,0,0,FALSE
"FGLBJAKE_00527",0,0,0,0,0,0,FALSE
"FGLBJAKE_00528",0,0,0,0,0,0,FALSE
"FGLBJAKE_00529",0,0,0,0,0,0,FALSE
"FGLBJAKE_00530",9.33333333333333,0,0,93.1836183198994,0,0,TRUE
"FGLBJAKE_00531",193.666666666667,234,214.666666666667,1933.56008013791,2847.71999853963,2121.44970121819,TRUE
"FGLBJAKE_00532",0,0,0,0,0,0,FALSE
"FGLBJAKE_00533",0,0,0,0,0,0,FALSE
"FGLBJAKE_00534",0,0,0,0,0,0,FALSE
"FGLBJAKE_00535",0,0,0,0,0,0,FALSE
"FGLBJAKE_00536",0,0,0,0,0,0,FALSE
"FGLBJAKE_00537",0,0,0,0,0,0,FALSE
"FGLBJAKE_00538",0,0,0,0,0,0,FALSE
"FGLBJAKE_00539",0,0,0,0,0,0,FALSE
"FGLBJAKE_00540",17,3.33333333333333,39.6666666666667,169.72730479696,40.565811945009,392.007010007708,TRUE
"FGLBJAKE_00541",0,0,0,0,0,0,FALSE
"FGLBJAKE_00542",0,0,0,0,0,0,FALSE
"FGLBJAKE_00543",19,77.6666666666667,175,189.695223008367,945.183418318709,1729.44269121048,TRUE
"FGLBJAKE_00544",0,0,0,0,0,0,FALSE
"FGLBJAKE_00545",0,0,0,0,0,0,FALSE
"FGLBJAKE_00546",0,0,0,0,0,0,FALSE
"FGLBJAKE_00547",0,0,0,0,0,0,FALSE
"FGLBJAKE_00548",0,0,0,0,0,0,FALSE
"FGLBJAKE_00549",0,0,0,0,0,0,FALSE
"FGLBJAKE_00550",0,0,0,0,0,0,FALSE
"FGLBJAKE_00551",0,0,0,0,0,0,FALSE
"FGLBJAKE_00552",0,0,0,0,0,0,FALSE
"FGLBJAKE_00553",0,0,0,0,0,0,FALSE
"FGLBJAKE_00554",0.666666666666667,0,0,6.65597273713567,0,0,TRUE
"FGLBJAKE_00555",0,0,0,0,0,0,FALSE
"FGLBJAKE_00556",27.6666666666667,4.66666666666667,71,276.22286859113,56.7921367230126,701.659606148251,TRUE
"FGLBJAKE_00557",778.666666666667,549,1878.66666666667,7774.17615697446,6681.18922734298,18565.9790622138,TRUE
"FGLBJAKE_00558",27.6666666666667,12.6666666666667,35,276.22286859113,154.150085391034,345.888538242096,TRUE
"FGLBJAKE_00559",0,0,0,0,0,0,FALSE
"FGLBJAKE_00560",0,9.66666666666667,0,0,117.640854640526,0,TRUE
"FGLBJAKE_00561",0,0,0,0,0,0,FALSE
"FGLBJAKE_00562",0,0,0,0,0,0,FALSE
"FGLBJAKE_00563",0,0,19.3333333333333,0,0,191.062240171824,TRUE
"FGLBJAKE_00564",0,53,0,0,644.996409925643,0,TRUE
"FGLBJAKE_00565",0,1.33333333333333,1,0,16.2263247780036,9.88252966405988,TRUE
"FGLBJAKE_00566",0.666666666666667,18.3333333333333,1,6.65597273713567,223.111965697549,9.88252966405988,TRUE
"FGLBJAKE_00567",26.6666666666667,0,0,266.238909485427,0,0,TRUE
"FGLBJAKE_00568",0,0,0,0,0,0,FALSE
"FGLBJAKE_00569",0,0,0,0,0,0,FALSE
"FGLBJAKE_00570",0,0,0,0,0,0,FALSE
"FGLBJAKE_00571",173.666666666667,22.3333333333333,170.666666666667,1733.88089802384,271.79094003156,1686.61839599955,TRUE
"FGLBJAKE_00572",0,0,0,0,0,0,FALSE
"FGLBJAKE_00573",0,2.33333333333333,0,0,28.3960683615063,0,TRUE
"FGLBJAKE_00574",0,0,0,0,0,0,FALSE
"FGLBJAKE_00575",0,0,0,0,0,0,FALSE
"FGLBJAKE_00576",0,0,0,0,0,0,FALSE
"FGLBJAKE_00577",0,1,0,0,12.1697435835027,0,TRUE
"FGLBJAKE_00578",151,137.333333333333,205,1507.57782496123,1671.31145213437,2025.91858113227,TRUE
"FGLBJAKE_00579",0,0,0,0,0,0,FALSE
"FGLBJAKE_00580",0,0,0,0,0,0,FALSE
"FGLBJAKE_00581",0,0,0,0,0,0,FALSE
"FGLBJAKE_00582",0,0,27.6666666666667,0,0,273.41665403899,TRUE
"FGLBJAKE_00583",0,0,0,0,0,0,FALSE
"FGLBJAKE_00584",0,0,0,0,0,0,FALSE
"FGLBJAKE_00585",0,0,0,0,0,0,FALSE
"FGLBJAKE_00586",0,0,13.3333333333333,0,0,131.767062187465,TRUE
"FGLBJAKE_00587",0,0,0,0,0,0,FALSE
"FGLBJAKE_00588",20.3333333333333,0,0,203.007168482638,0,0,TRUE
"FGLBJAKE_00589",0,0,0,0,0,0,FALSE
"FGLBJAKE_00590",0,0,0,0,0,0,FALSE
"FGLBJAKE_00591",0,0,0,0,0,0,FALSE
"FGLBJAKE_00592",0,0,0,0,0,0,FALSE
"FGLBJAKE_00593",15.6666666666667,8,19.6666666666667,156.415359322688,97.3579486680216,194.356416726511,TRUE
"FGLBJAKE_00594",0,0,0,0,0,0,FALSE
"FGLBJAKE_00595",0,0,0,0,0,0,FALSE
"FGLBJAKE_00596",0.666666666666667,2.33333333333333,0,6.65597273713567,28.3960683615063,0,TRUE
"FGLBJAKE_00597",0,0,0,0,0,0,FALSE
"FGLBJAKE_00598",0,0,0,0,0,0,FALSE
"FGLBJAKE_00599",0,0,0,0,0,0,FALSE
"FGLBJAKE_00600",0,0,0,0,0,0,FALSE
"FGLBJAKE_00601",8,33,12.3333333333333,79.871672845628,401.601538255589,121.884532523405,TRUE
"FGLBJAKE_00602",0.333333333333333,61,32.3333333333333,3.32798636856783,742.354358593664,319.535125804603,TRUE
"FGLBJAKE_00603",0,13.6666666666667,0,0,166.319828974537,0,TRUE
"FGLBJAKE_00604",0,0,0,0,0,0,FALSE
"FGLBJAKE_00605",12.6666666666667,28.3333333333333,40.6666666666667,126.463482005578,344.809401532576,401.889539671768,TRUE
"FGLBJAKE_00606",0,0,0,0,0,0,FALSE
"FGLBJAKE_00607",0,0,0,0,0,0,FALSE
"FGLBJAKE_00608",0,0,0,0,0,0,FALSE
"FGLBJAKE_00609",0,0,0,0,0,0,FALSE
"FGLBJAKE_00610",0,0,0,0,0,0,FALSE
"FGLBJAKE_00611",183.333333333333,205.333333333333,326,1830.39250271231,2498.85401581255,3221.70467048352,TRUE
"FGLBJAKE_00612",177.333333333333,128.666666666667,87,1770.48874807809,1565.84034107735,859.780080773209,TRUE
"FGLBJAKE_00613",0,0,0,0,0,0,FALSE
"FGLBJAKE_00614",0,0,0,0,0,0,FALSE
"FGLBJAKE_00615",0,0,0,0,0,0,FALSE
"FGLBJAKE_00616",0,3.66666666666667,13.3333333333333,0,44.6223931395099,131.767062187465,TRUE
"FGLBJAKE_00617",0,0,0,0,0,0,FALSE
"FGLBJAKE_00618",0,0,36,0,0,355.771067906155,TRUE
"FGLBJAKE_00619",0,0,0,0,0,0,FALSE
"FGLBJAKE_00620",0,0.333333333333333,10.6666666666667,0,4.0565811945009,105.413649749972,TRUE
"FGLBJAKE_00621",0,0,0,0,0,0,FALSE
"FGLBJAKE_00622",67.3333333333333,0,0,672.253246450702,0,0,TRUE
"FGLBJAKE_00623",0,0,0,0,0,0,FALSE
"FGLBJAKE_00624",0,0,0,0,0,0,FALSE
"FGLBJAKE_00625",70.3333333333333,74.6666666666667,26,702.205123767813,908.674187568201,256.945771265557,TRUE
"FGLBJAKE_00626",0,0,0,0,0,0,FALSE
"FGLBJAKE_00627",0,0,0,0,0,0,FALSE
"FGLBJAKE_00628",0,0,0,0,0,0,FALSE
"FGLBJAKE_00629",35,11.6666666666667,19.3333333333333,349.438568699623,141.980341807531,191.062240171824,TRUE
"FGLBJAKE_00630",6,13,82.3333333333333,59.903754634221,158.206666585535,813.661609007596,TRUE
"FGLBJAKE_00631",8,0,0,79.871672845628,0,0,TRUE
"FGLBJAKE_00632",0,0,2,0,0,19.7650593281198,TRUE
"FGLBJAKE_00633",0,0,0,0,0,0,FALSE
"FGLBJAKE_00634",0,4.66666666666667,17.3333333333333,0,56.7921367230126,171.297180843704,TRUE
"FGLBJAKE_00635",0,0,0,0,0,0,FALSE
"FGLBJAKE_00636",0,0,0,0,0,0,FALSE
"FGLBJAKE_00637",33.6666666666667,203.333333333333,222.666666666667,336.126623225351,2474.51452864555,2200.50993853067,TRUE
"FGLBJAKE_00638",153.333333333333,212.333333333333,254,1530.8737295412,2584.04222089707,2510.16253467121,TRUE
"FGLBJAKE_00639",0,0,0,0,0,0,FALSE
"FGLBJAKE_00640",0,0,0,0,0,0,FALSE
"FGLBJAKE_00641",0,0,0,0,0,0,FALSE
"FGLBJAKE_00642",0,0,0,0,0,0,FALSE
"FGLBJAKE_00643",0,0,12.3333333333333,0,0,121.884532523405,TRUE
"FGLBJAKE_00644",10.3333333333333,0,0,103.167577425603,0,0,TRUE
"FGLBJAKE_00645",0,0,0,0,0,0,FALSE
"FGLBJAKE_00646",1,6,3,9.9839591057035,73.0184615010162,29.6475889921796,TRUE
"FGLBJAKE_00647",2.33333333333333,32.3333333333333,46.6666666666667,23.2959045799748,393.488375866587,461.184717656127,TRUE
"FGLBJAKE_00648",0,0,0,0,0,0,FALSE
"FGLBJAKE_00649",0,0,0,0,0,0,FALSE
"FGLBJAKE_00650",0,0,0,0,0,0,FALSE
"FGLBJAKE_00651",0,0,0,0,0,0,FALSE
"FGLBJAKE_00652",0,0,0,0,0,0,FALSE
"FGLBJAKE_00653",0,0,0,0,0,0,FALSE
"FGLBJAKE_00654",0,0,0,0,0,0,FALSE
"FGLBJAKE_00655",0,0,0,0,0,0,FALSE
"FGLBJAKE_00656",0,8,34.3333333333333,0,97.3579486680216,339.300185132722,TRUE
"FGLBJAKE_00657",19,100,7,189.695223008367,1216.97435835027,69.1777076484191,TRUE
"FGLBJAKE_00658",0.333333333333333,3,0.333333333333333,3.32798636856783,36.5092307505081,3.29417655468662,TRUE
"FGLBJAKE_00659",0.333333333333333,132,6.33333333333333,3.32798636856783,1606.40615302236,62.5893545390459,TRUE
"FGLBJAKE_00660",0,0,0,0,0,0,FALSE
"FGLBJAKE_00661",18.6666666666667,21.6666666666667,0,186.367236639799,263.677777642558,0,TRUE
"FGLBJAKE_00662",0,0.666666666666667,0,0,8.1131623890018,0,TRUE
"FGLBJAKE_00663",7,1.66666666666667,5.66666666666667,69.8877137399245,20.2829059725045,56.0010014296726,TRUE
"FGLBJAKE_00664",0,0,0,0,0,0,FALSE
"FGLBJAKE_00665",0,40.6666666666667,0,0,494.90290572911,0,TRUE
"FGLBJAKE_00666",0,0,0,0,0,0,FALSE
"FGLBJAKE_00667",0,0,0,0,0,0,FALSE
"FGLBJAKE_00668",0,0,0,0,0,0,FALSE
"FGLBJAKE_00669",0,0,0,0,0,0,FALSE
"FGLBJAKE_00670",0,0,0,0,0,0,FALSE
"FGLBJAKE_00671",0,0,0,0,0,0,FALSE
"FGLBJAKE_00672",243.333333333333,326.333333333333,400.666666666667,2429.43004905452,3971.39298941638,3959.60021873332,TRUE
"FGLBJAKE_00673",26.3333333333333,0,0.333333333333333,262.910923116859,0,3.29417655468662,TRUE
"FGLBJAKE_00674",0,14,0,0,170.376410169038,0,TRUE
"FGLBJAKE_00675",0,0,0,0,0,0,FALSE
"FGLBJAKE_00676",0,0,0,0,0,0,FALSE
"FGLBJAKE_00677",0,0,0,0,0,0,FALSE
"FGLBJAKE_00678",0,0,0,0,0,0,FALSE
"FGLBJAKE_00679",39.6666666666667,73,82,396.030377859572,888.391281595697,810.36743245291,TRUE
"FGLBJAKE_00680",0,0,0,0,0,0,FALSE
"FGLBJAKE_00681",0,0,0,0,0,0,FALSE
"FGLBJAKE_00682",0,0,0,0,0,0,FALSE
"FGLBJAKE_00683",0,15,18.3333333333333,0,182.54615375254,181.179710507764,TRUE
"FGLBJAKE_00684",467,249.333333333333,331.666666666667,4662.50890236354,3034.32273348667,3277.70567191319,TRUE
"FGLBJAKE_00686",0,0,0,0,0,0,FALSE
"FGLBJAKE_00687",134.666666666667,116.333333333333,84.3333333333333,1344.5064929014,1415.74683688081,833.426668335716,TRUE
"FGLBJAKE_00688",48.3333333333333,14.3333333333333,42.3333333333333,482.558023442336,174.432991363539,418.360422445201,TRUE
"FGLBJAKE_00689",0,0,0,0,0,0,FALSE
"FGLBJAKE_00690",20.6666666666667,29,22.6666666666667,206.335154851206,352.922563921578,224.004005718691,TRUE
"FGLBJAKE_00691",0,0,0,0,0,0,FALSE
"FGLBJAKE_00692",0,0,0,0,0,0,FALSE
"FGLBJAKE_00693",0,0,0,0,0,0,FALSE
"FGLBJAKE_00694",0,0,0,0,0,0,FALSE
"FGLBJAKE_00695",0,0,0,0,0,0,FALSE
"FGLBJAKE_00696",0,0,0,0,0,0,FALSE
"FGLBJAKE_00697",0,17,42,0,206.885640919546,415.066245890515,TRUE
"FGLBJAKE_00698",0,0,0,0,0,0,FALSE
"FGLBJAKE_00699",0,82.6666666666667,112,0,1006.03213623622,1106.84332237471,TRUE
"FGLBJAKE_00700",0,0,0,0,0,0,FALSE
"FGLBJAKE_00701",0,0,0,0,0,0,FALSE
"FGLBJAKE_00702",0,0,0,0,0,0,FALSE
"FGLBJAKE_00703",34.6666666666667,27.3333333333333,22.3333333333333,346.110582331055,332.639657949074,220.709829164004,TRUE
"FGLBJAKE_00704",11.3333333333333,0,0,113.151536531306,0,0,TRUE
"FGLBJAKE_00705",0,0,0,0,0,0,FALSE
"FGLBJAKE_00706",0,0,0,0,0,0,FALSE
"FGLBJAKE_00707",0,0,0,0,0,0,FALSE
"FGLBJAKE_00708",0,0,0,0,0,0,FALSE
"FGLBJAKE_00709",0,0,0,0,0,0,FALSE
"FGLBJAKE_00710",15.6666666666667,74,22.3333333333333,156.415359322688,900.561025179199,220.709829164004,TRUE
"FGLBJAKE_00711",0,0,0,0,0,0,FALSE
"FGLBJAKE_00712",0,0,0,0,0,0,FALSE
"FGLBJAKE_00713",25.3333333333333,34,65,252.926964011155,413.771281839092,642.364428163892,TRUE
"FGLBJAKE_00714",0,0,0,0,0,0,FALSE
"FGLBJAKE_00715",1.33333333333333,0,0.333333333333333,13.3119454742713,0,3.29417655468662,TRUE
"FGLBJAKE_00716",0,0,0,0,0,0,FALSE
"FGLBJAKE_00717",0,0,0,0,0,0,FALSE
"FGLBJAKE_00718",86,0.333333333333333,0.666666666666667,858.620483090501,4.0565811945009,6.58835310937325,TRUE
"FGLBJAKE_00719",0.333333333333333,0,0,3.32798636856783,0,0,TRUE
"FGLBJAKE_00720",0,0,0,0,0,0,FALSE
"FGLBJAKE_00721",0,0,0,0,0,0,FALSE
"FGLBJAKE_00722",26,0,0,259.582936748291,0,0,TRUE
"FGLBJAKE_00723",100,24,70,998.39591057035,292.073846004065,691.777076484191,TRUE
"FGLBJAKE_00724",0,0,0,0,0,0,FALSE
"FGLBJAKE_00725",0,0,0,0,0,0,FALSE
"FGLBJAKE_00726",0,0,0,0,0,0,FALSE
"FGLBJAKE_00727",0,0,0,0,0,0,FALSE
"FGLBJAKE_00728",0,0,0,0,0,0,FALSE
"FGLBJAKE_00729",71.3333333333333,12.3333333333333,92,712.189082873516,150.093504196533,909.192729093508,TRUE
"FGLBJAKE_00730",16,44.6666666666667,76,159.743345691256,543.58188006312,751.07225446855,TRUE
"FGLBJAKE_00731",0,0,0,0,0,0,FALSE
"FGLBJAKE_00732",9.66666666666667,0,0,96.5116046884672,0,0,TRUE
"FGLBJAKE_00733",0,0,0,0,0,0,FALSE
"FGLBJAKE_00734",8.66666666666667,0,0,86.5276455827637,0,0,TRUE
"FGLBJAKE_00735",0,0,0,0,0,0,FALSE
"FGLBJAKE_00736",0,0,0,0,0,0,FALSE
"FGLBJAKE_00737",0,0,0,0,0,0,FALSE
"FGLBJAKE_00738",0,0,0,0,0,0,FALSE
"FGLBJAKE_00739",0,0,0,0,0,0,FALSE
"FGLBJAKE_00740",0,0,0,0,0,0,FALSE
"FGLBJAKE_00741",0,0,0,0,0,0,FALSE
"FGLBJAKE_00742",82.3333333333333,0,0,822.012633036255,0,0,TRUE
"FGLBJAKE_00743",2.33333333333333,0.333333333333333,2.33333333333333,23.2959045799748,4.0565811945009,23.0592358828064,TRUE
"FGLBJAKE_00744",0,0,0,0,0,0,FALSE
"FGLBJAKE_00745",0,55.3333333333333,0,0,673.392478287149,0,TRUE
"FGLBJAKE_00746",0,0,0,0,0,0,FALSE
"FGLBJAKE_00747",0,0,0,0,0,0,FALSE
"FGLBJAKE_00748",0,0,0,0,0,0,FALSE
"FGLBJAKE_00749",12.6666666666667,13.3333333333333,0,126.463482005578,162.263247780036,0,TRUE
"FGLBJAKE_00750",0,34.3333333333333,0,0,417.827863033593,0,TRUE
"FGLBJAKE_00751",0,0,0,0,0,0,FALSE
"FGLBJAKE_00752",0,0,0,0,0,0,FALSE
"FGLBJAKE_00753",0,0,0,0,0,0,FALSE
"FGLBJAKE_00754",0,0,0,0,0,0,FALSE
"FGLBJAKE_00755",0,0,0,0,0,0,FALSE
"FGLBJAKE_00756",0,0,0,0,0,0,FALSE
"FGLBJAKE_00757",19.6666666666667,0,5.66666666666667,196.351195745502,0,56.0010014296726,TRUE
"FGLBJAKE_00758",0,0,0,0,0,0,FALSE
"FGLBJAKE_00759",3.66666666666667,0,0,36.6078500542462,0,0,TRUE
"FGLBJAKE_00760",0,0,0,0,0,0,FALSE
"FGLBJAKE_00761",0,0,0,0,0,0,FALSE
"FGLBJAKE_00762",0,0,0,0,0,0,FALSE
"FGLBJAKE_00763",17.3333333333333,0,0,173.055291165527,0,0,TRUE
"FGLBJAKE_00764",0,0,0,0,0,0,FALSE
"FGLBJAKE_00765",25,20,25.3333333333333,249.598977642588,243.394871670054,250.357418156183,TRUE
"FGLBJAKE_00766",0,0,0,0,0,0,FALSE
"FGLBJAKE_00767",0,0,0,0,0,0,FALSE
"FGLBJAKE_00769",0,0,0,0,0,0,FALSE
"FGLBJAKE_00770",0,0,0,0,0,0,FALSE
"FGLBJAKE_00771",0,0,0,0,0,0,FALSE
"FGLBJAKE_00772",0,0,0,0,0,0,FALSE
"FGLBJAKE_00773",0,0,0,0,0,0,FALSE
"FGLBJAKE_00774",0,0,0,0,0,0,FALSE
"FGLBJAKE_00775",33,42.6666666666667,0,329.470650488216,519.242392896115,0,TRUE
"FGLBJAKE_00776",0,0,0,0,0,0,FALSE
"FGLBJAKE_00777",0,0,0,0,0,0,FALSE
"FGLBJAKE_00779",0,0,0,0,0,0,FALSE
"FGLBJAKE_00780",0,0,0,0,0,0,FALSE
"FGLBJAKE_00781",0,0,0,0,0,0,FALSE
"FGLBJAKE_00782",0,0,0,0,0,0,FALSE
"FGLBJAKE_00783",0,0,7.33333333333333,0,0,72.4718842031057,TRUE
"FGLBJAKE_00784",0,0,0,0,0,0,FALSE
"FGLBJAKE_00785",0,0,0,0,0,0,FALSE
"FGLBJAKE_00786",0,0,0,0,0,0,FALSE
"FGLBJAKE_00787",0,0,0,0,0,0,FALSE
"FGLBJAKE_00788",0,0.666666666666667,12.3333333333333,0,8.1131623890018,121.884532523405,TRUE
"FGLBJAKE_00789",0,0,0,0,0,0,FALSE
"FGLBJAKE_00790",0,0,0,0,0,0,FALSE
"FGLBJAKE_00791",0,0,0,0,0,0,FALSE
"FGLBJAKE_00792",0,0,0,0,0,0,FALSE
"FGLBJAKE_00793",0,4.66666666666667,0,0,56.7921367230126,0,TRUE
"FGLBJAKE_00794",1.66666666666667,0,0,16.6399318428392,0,0,TRUE
"FGLBJAKE_00795",0,0,0,0,0,0,FALSE
"FGLBJAKE_00796",0,0,0,0,0,0,FALSE
"FGLBJAKE_00797",0,0,0,0,0,0,FALSE
"FGLBJAKE_00798",0,0,0,0,0,0,FALSE
"FGLBJAKE_00799",0,0,0,0,0,0,FALSE
"FGLBJAKE_00800",0,2.66666666666667,0,0,32.4526495560072,0,TRUE
"FGLBJAKE_00801",0,0,20.6666666666667,0,0,204.238946390571,TRUE
"FGLBJAKE_00802",0,0,0,0,0,0,FALSE
"FGLBJAKE_00803",0,0,0,0,0,0,FALSE
"FGLBJAKE_00804",0,0,0,0,0,0,FALSE
"FGLBJAKE_00805",0,0,0,0,0,0,FALSE
"FGLBJAKE_00806",0,0,0,0,0,0,FALSE
"FGLBJAKE_00807",0,0,0,0,0,0,FALSE
"FGLBJAKE_00808",0,0,0,0,0,0,FALSE
"FGLBJAKE_00809",0,11,11,0,133.86717941853,108.707826304659,TRUE
"FGLBJAKE_00810",0,0,0,0,0,0,FALSE
"FGLBJAKE_00811",0,0,0,0,0,0,FALSE
"FGLBJAKE_00812",0,0,8.66666666666667,0,0,85.6485904218522,TRUE
"FGLBJAKE_00813",0,0,0,0,0,0,FALSE
"FGLBJAKE_00814",0,0,25.3333333333333,0,0,250.357418156183,TRUE
"FGLBJAKE_00815",16,0,11,159.743345691256,0,108.707826304659,TRUE
"FGLBJAKE_00816",0,0,0,0,0,0,FALSE
"FGLBJAKE_00817",0,0,0,0,0,0,FALSE
"FGLBJAKE_00818",6.66666666666667,6.66666666666667,20.3333333333333,66.5597273713567,81.131623890018,200.944769835884,TRUE
"FGLBJAKE_00819",0,0,0,0,0,0,FALSE
"FGLBJAKE_00820",0,3,5.66666666666667,0,36.5092307505081,56.0010014296726,TRUE
"FGLBJAKE_00821",0,0,0,0,0,0,FALSE
"FGLBJAKE_00822",0,0,22.3333333333333,0,0,220.709829164004,TRUE
"FGLBJAKE_00823",0,0,0,0,0,0,FALSE
"FGLBJAKE_00824",0,0,11.6666666666667,0,0,115.296179414032,TRUE
"FGLBJAKE_00825",15,0,0,149.759386585553,0,0,TRUE
"FGLBJAKE_00826",0,0,0,0,0,0,FALSE
"FGLBJAKE_00827",0,0,0,0,0,0,FALSE
"FGLBJAKE_00828",0,0,0,0,0,0,FALSE
"FGLBJAKE_00829",0,0,0,0,0,0,FALSE
"FGLBJAKE_00830",0.333333333333333,0,0,3.32798636856783,0,0,TRUE
"FGLBJAKE_00831",0,0,0,0,0,0,FALSE
"FGLBJAKE_00832",0,0,0,0,0,0,FALSE
"FGLBJAKE_00833",0,0,0,0,0,0,FALSE
"FGLBJAKE_00834",0,0,0,0,0,0,FALSE
"FGLBJAKE_00835",0,0,0,0,0,0,FALSE
"FGLBJAKE_00836",0,0,0,0,0,0,FALSE
"FGLBJAKE_00837",0,0,0,0,0,0,FALSE
"FGLBJAKE_00838",0,0,0,0,0,0,FALSE
"FGLBJAKE_00839",0,0,0,0,0,0,FALSE
"FGLBJAKE_00840",0,0,0,0,0,0,FALSE
"FGLBJAKE_00841",24.3333333333333,0,0,242.943004905452,0,0,TRUE
"FGLBJAKE_00842",0,27,0.333333333333333,0,328.583076754573,3.29417655468662,TRUE
"FGLBJAKE_00843",43,22.3333333333333,11,429.310241545251,271.79094003156,108.707826304659,TRUE
"FGLBJAKE_00844",0,0,0,0,0,0,FALSE
"FGLBJAKE_00845",0,0,0,0,0,0,FALSE
"FGLBJAKE_00846",8.33333333333333,0,5,83.1996592141959,0,49.4126483202994,TRUE
"FGLBJAKE_00847",0,18.3333333333333,0,0,223.111965697549,0,TRUE
"FGLBJAKE_00848",0,0,17.6666666666667,0,0,174.591357398391,TRUE
"FGLBJAKE_00849",0,0,0,0,0,0,FALSE
"FGLBJAKE_00850",0,0,0,0,0,0,FALSE
"FGLBJAKE_00851",0,0,0,0,0,0,FALSE
"FGLBJAKE_00852",0,1,0,0,12.1697435835027,0,TRUE
"FGLBJAKE_00853",0,0,0,0,0,0,FALSE
"FGLBJAKE_00854",16.3333333333333,83,24.6666666666667,163.071332059824,1010.08871743072,243.76906504681,TRUE
"FGLBJAKE_00855",0,0,0,0,0,0,FALSE
"FGLBJAKE_00856",0.666666666666667,0,24.6666666666667,6.65597273713567,0,243.76906504681,TRUE
"FGLBJAKE_00857",0,0,0,0,0,0,FALSE
"FGLBJAKE_00858",0,0,0,0,0,0,FALSE
"FGLBJAKE_00859",0,0,0,0,0,0,FALSE
"FGLBJAKE_00860",23.6666666666667,0.666666666666667,0,236.287032168316,8.1131623890018,0,TRUE
"FGLBJAKE_00861",0,0,0,0,0,0,FALSE
"FGLBJAKE_00862",0,0,0,0,0,0,FALSE
"FGLBJAKE_00863",8.66666666666667,0,0,86.5276455827637,0,0,TRUE
"FGLBJAKE_00864",35.6666666666667,0,0,356.094541436758,0,0,TRUE
"FGLBJAKE_00865",0,0,0,0,0,0,FALSE
"FGLBJAKE_00866",0,0,0,0,0,0,FALSE
"FGLBJAKE_00867",0,0,0,0,0,0,FALSE
"FGLBJAKE_00868",0,0,0,0,0,0,FALSE
"FGLBJAKE_00869",0,0,0,0,0,0,FALSE
"FGLBJAKE_00870",0,0,0,0,0,0,FALSE
"FGLBJAKE_00871",0.666666666666667,0,0,6.65597273713567,0,0,TRUE
"FGLBJAKE_00872",0,0,0,0,0,0,FALSE
"FGLBJAKE_00873",0,0,0,0,0,0,FALSE
"FGLBJAKE_00874",3.66666666666667,1.33333333333333,0,36.6078500542462,16.2263247780036,0,TRUE
"FGLBJAKE_00875",0,0,0,0,0,0,FALSE
"FGLBJAKE_00876",0,0,0,0,0,0,FALSE
"FGLBJAKE_00877",11,0,7.66666666666667,109.823550162739,0,75.7660607577924,TRUE
"FGLBJAKE_00878",0,0,0,0,0,0,FALSE
"FGLBJAKE_00879",0,0,0,0,0,0,FALSE
"FGLBJAKE_00880",0,0,0,0,0,0,FALSE
"FGLBJAKE_00881",0.333333333333333,0,3,3.32798636856783,0,29.6475889921796,TRUE
"FGLBJAKE_00882",0,0,0,0,0,0,FALSE
"FGLBJAKE_00883",436.333333333333,284,480,4356.33415645529,3456.20717771477,4743.61423874874,TRUE
"FGLBJAKE_00884",0,0,0,0,0,0,FALSE
"FGLBJAKE_00885",0,0,0,0,0,0,FALSE
"FGLBJAKE_00886",0,0,0,0,0,0,FALSE
"FGLBJAKE_00887",2,79.3333333333333,33,19.967918211407,965.466324291214,326.123478913976,TRUE
"FGLBJAKE_00888",0,0,0,0,0,0,FALSE
"FGLBJAKE_00889",21.3333333333333,3.66666666666667,7,212.991127588341,44.6223931395099,69.1777076484191,TRUE
"FGLBJAKE_00890",0,0,0,0,0,0,FALSE
"FGLBJAKE_00891",50.6666666666667,204.333333333333,88.6666666666667,505.853928022311,2486.68427222905,876.250963546642,TRUE
"FGLBJAKE_00892",0,7.33333333333333,0,0,89.2447862790198,0,TRUE
"FGLBJAKE_00893",0,131,23.3333333333333,0,1594.23640943885,230.592358828064,TRUE
"FGLBJAKE_00894",0,0,0,0,0,0,FALSE
"FGLBJAKE_00895",0,0,0,0,0,0,FALSE
"FGLBJAKE_00896",0,0,0,0,0,0,FALSE
"FGLBJAKE_00897",0,0,0,0,0,0,FALSE
"FGLBJAKE_00898",0,0,0,0,0,0,FALSE
"FGLBJAKE_00899",458.666666666667,385.333333333333,460.666666666667,4579.30924314934,4689.40786084304,4552.55199857692,TRUE
"FGLBJAKE_00900",0.333333333333333,1.33333333333333,0.666666666666667,3.32798636856783,16.2263247780036,6.58835310937325,TRUE
"FGLBJAKE_00901",34.6666666666667,13,0,346.110582331055,158.206666585535,0,TRUE
"FGLBJAKE_00902",24.6666666666667,6,13.3333333333333,246.27099127402,73.0184615010162,131.767062187465,TRUE
"FGLBJAKE_00903",30.6666666666667,26.3333333333333,0,306.174745908241,320.469914365571,0,TRUE
"FGLBJAKE_00904",0.333333333333333,0.333333333333333,8.66666666666667,3.32798636856783,4.0565811945009,85.6485904218522,TRUE
"FGLBJAKE_00905",0,0,0,0,0,0,FALSE
"FGLBJAKE_00906",82,72,52,818.684646667687,876.221538012194,513.891542531113,TRUE
"FGLBJAKE_00907",17.3333333333333,5.66666666666667,7.33333333333333,173.055291165527,68.9618803065153,72.4718842031057,TRUE
"FGLBJAKE_00908",0,0,0,0,0,0,FALSE
"FGLBJAKE_00909",0,0,0,0,0,0,FALSE
"FGLBJAKE_00910",0,0,0,0,0,0,FALSE
"FGLBJAKE_00911",27.3333333333333,18.3333333333333,0,272.894882222562,223.111965697549,0,TRUE
"FGLBJAKE_00912",0,0,0,0,0,0,FALSE
"FGLBJAKE_00913",129,30,83,1287.93072463575,365.092307505081,820.24996211697,TRUE
"FGLBJAKE_00914",0,0,42.6666666666667,0,0,421.654598999888,TRUE
"FGLBJAKE_00915",36.6666666666667,27.3333333333333,81.6666666666667,366.078500542462,332.639657949074,807.073255898223,TRUE
"FGLBJAKE_00916",31.3333333333333,6,1,312.830718645376,73.0184615010162,9.88252966405988,TRUE
"FGLBJAKE_00917",79.6666666666667,170,60,795.388742087712,2068.85640919546,592.951779843592,TRUE
"FGLBJAKE_00918",0,0,0,0,0,0,FALSE
"FGLBJAKE_00919",37,10.3333333333333,0,369.40648691103,125.754017029528,0,TRUE
"FGLBJAKE_00920",0,0,0,0,0,0,FALSE
"FGLBJAKE_00921",19.3333333333333,0,20.3333333333333,193.023209376934,0,200.944769835884,TRUE
"FGLBJAKE_00922",0,0,0,0,0,0,FALSE
"FGLBJAKE_00923",6.33333333333333,0,0,63.2317410027889,0,0,TRUE
"FGLBJAKE_00924",0,0,31.6666666666667,0,0,312.946772695229,TRUE
"FGLBJAKE_00925",0,0,0,0,0,0,FALSE
"FGLBJAKE_00926",0,0,0,0,0,0,FALSE
"FGLBJAKE_00927",0,0,0,0,0,0,FALSE
"FGLBJAKE_00928",0,0,0,0,0,0,FALSE
"FGLBJAKE_00929",1.66666666666667,0,5.33333333333333,16.6399318428392,0,52.706824874986,TRUE
"FGLBJAKE_00930",0,0,0,0,0,0,FALSE
"FGLBJAKE_00931",0,7.33333333333333,0,0,89.2447862790198,0,TRUE
"FGLBJAKE_00932",0,2.33333333333333,5,0,28.3960683615063,49.4126483202994,TRUE
"FGLBJAKE_00933",97,18.3333333333333,68.3333333333333,968.44403325324,223.111965697549,675.306193710758,TRUE
"FGLBJAKE_00934",19.6666666666667,0,0,196.351195745502,0,0,TRUE
"FGLBJAKE_00935",0,0,0,0,0,0,FALSE
"FGLBJAKE_00936",0,0,0,0,0,0,FALSE
"FGLBJAKE_00937",0,0,0,0,0,0,FALSE
"FGLBJAKE_00938",0,0,81,0,0,800.48490278885,TRUE
"FGLBJAKE_00939",0,1.66666666666667,0,0,20.2829059725045,0,TRUE
"FGLBJAKE_00940",2,0.666666666666667,36.3333333333333,19.967918211407,8.1131623890018,359.065244460842,TRUE
"FGLBJAKE_00941",0,0,0,0,0,0,FALSE
"FGLBJAKE_00942",0,14,0,0,170.376410169038,0,TRUE
"FGLBJAKE_00943",0,9,24.3333333333333,0,109.527692251524,240.474888492124,TRUE
"FGLBJAKE_00944",0,0,0,0,0,0,FALSE
"FGLBJAKE_00945",0,0,0,0,0,0,FALSE
"FGLBJAKE_00946",0,1,0,0,12.1697435835027,0,TRUE
"FGLBJAKE_00947",0,0,0,0,0,0,FALSE
"FGLBJAKE_00948",0,0,0,0,0,0,FALSE
"FGLBJAKE_00949",0,0,0,0,0,0,FALSE
"FGLBJAKE_00950",0,0,0,0,0,0,FALSE
"FGLBJAKE_00951",0,0,0,0,0,0,FALSE
"FGLBJAKE_00952",11.6666666666667,0,0,116.479522899874,0,0,TRUE
"FGLBJAKE_00953",0,0,0,0,0,0,FALSE
"FGLBJAKE_00954",34.6666666666667,0,19,346.110582331055,0,187.768063617138,TRUE
"FGLBJAKE_00955",0,0.333333333333333,0,0,4.0565811945009,0,TRUE
"FGLBJAKE_00956",0,0,0,0,0,0,FALSE
"FGLBJAKE_00957",0,0,0,0,0,0,FALSE
"FGLBJAKE_00958",84,30.6666666666667,106.333333333333,838.652564879094,373.205469894083,1050.84232094503,TRUE
"FGLBJAKE_00959",57.6666666666667,76,98.3333333333333,575.741641762235,924.900512346205,971.782083632554,TRUE
"FGLBJAKE_00960",0,0,0,0,0,0,FALSE
"FGLBJAKE_00961",0,0,0,0,0,0,FALSE
"FGLBJAKE_00962",331.333333333333,422.666666666667,598,3308.01845035643,5143.74495462714,5909.75273910781,TRUE
"FGLBJAKE_00963",0,0,0,0,0,0,FALSE
"FGLBJAKE_00964",0,0,0,0,0,0,FALSE
"FGLBJAKE_00965",2,8.66666666666667,0,19.967918211407,105.471111057023,0,TRUE
"FGLBJAKE_00966",0,0,0,0,0,0,FALSE
"FGLBJAKE_00967",98.6666666666667,44.3333333333333,119.666666666667,985.083965096079,539.52529886862,1182.6093831325,TRUE
"FGLBJAKE_00968",12,159,1.66666666666667,119.807509268442,1934.98922977693,16.4708827734331,TRUE
"FGLBJAKE_00969",0,0,0,0,0,0,FALSE
"FGLBJAKE_00970",0,0,0,0,0,0,FALSE
"FGLBJAKE_00971",0,0,0,0,0,0,FALSE
"FGLBJAKE_00972",0,0,0,0,0,0,FALSE
"FGLBJAKE_00973",0,0,0,0,0,0,FALSE
"FGLBJAKE_00974",0,0,0,0,0,0,FALSE
"FGLBJAKE_00975",0,0,0,0,0,0,FALSE
"FGLBJAKE_00976",0,0,0,0,0,0,FALSE
"FGLBJAKE_00977",5.66666666666667,44.6666666666667,47,56.5757682656532,543.58188006312,464.478894210814,TRUE
"FGLBJAKE_00978",0,0,17.3333333333333,0,0,171.297180843704,TRUE
"FGLBJAKE_00979",0,0,0,0,0,0,FALSE
"FGLBJAKE_00980",0,0,0,0,0,0,FALSE
"FGLBJAKE_00981",0,0,0,0,0,0,FALSE
"FGLBJAKE_00982",0,0,0,0,0,0,FALSE
"FGLBJAKE_00983",0,0,0,0,0,0,FALSE
"FGLBJAKE_00984",0,0.333333333333333,9,0,4.0565811945009,88.9427669765389,TRUE
"FGLBJAKE_00985",0,0,0,0,0,0,FALSE
"FGLBJAKE_00986",0,0,0,0,0,0,FALSE
"FGLBJAKE_00987",0,0,0,0,0,0,FALSE
"FGLBJAKE_00988",11.6666666666667,10,10.3333333333333,116.479522899874,121.697435835027,102.119473195285,TRUE
"FGLBJAKE_00989",0,0,0,0,0,0,FALSE
"FGLBJAKE_00990",16.3333333333333,0,0,163.071332059824,0,0,TRUE
"FGLBJAKE_00991",0,0,0,0,0,0,FALSE
"FGLBJAKE_00993",0,41.3333333333333,0.666666666666667,0,503.016068118111,6.58835310937325,TRUE
"FGLBJAKE_00994",0,0,0,0,0,0,FALSE
"FGLBJAKE_00995",0,66.3333333333333,0,0,807.259657705679,0,TRUE
"FGLBJAKE_00996",0,0,0,0,0,0,FALSE
"FGLBJAKE_00997",0,0,0,0,0,0,FALSE
"FGLBJAKE_00998",0,0,0,0,0,0,FALSE
"FGLBJAKE_00999",0,0,0,0,0,0,FALSE
"FGLBJAKE_01000",0,0,0,0,0,0,FALSE
"FGLBJAKE_01001",0,0,0,0,0,0,FALSE
"FGLBJAKE_01002",75.6666666666667,167.333333333333,49.3333333333333,755.452905664898,2036.40375963945,487.53813009362,TRUE
"FGLBJAKE_01003",16.3333333333333,18.3333333333333,27.6666666666667,163.071332059824,223.111965697549,273.41665403899,TRUE
"FGLBJAKE_01004",33,115.666666666667,89,329.470650488216,1407.63367449181,879.545140101329,TRUE
"FGLBJAKE_01005",0,0,0,0,0,0,FALSE
"FGLBJAKE_01006",0,0,0,0,0,0,FALSE
"FGLBJAKE_01007",0,0.333333333333333,0,0,4.0565811945009,0,TRUE
"FGLBJAKE_01008",0,0.333333333333333,19.6666666666667,0,4.0565811945009,194.356416726511,TRUE
"FGLBJAKE_01009",0,0,5,0,0,49.4126483202994,TRUE
"FGLBJAKE_01010",0,0.333333333333333,0,0,4.0565811945009,0,TRUE
"FGLBJAKE_01011",23,24.3333333333333,37.3333333333333,229.631059431181,296.130427198566,368.947774124902,TRUE
"FGLBJAKE_01012",1,17.6666666666667,34,9.9839591057035,214.998803308548,336.006008578036,TRUE
"FGLBJAKE_01013",0,0,0,0,0,0,FALSE
"FGLBJAKE_01014",82.6666666666667,39.6666666666667,66.3333333333333,825.340619404823,482.733162145607,655.541134382638,TRUE
"FGLBJAKE_01015",58.6666666666667,75,118.666666666667,585.725600867939,912.730768762702,1172.72685346844,TRUE
"FGLBJAKE_01016",0,28.6666666666667,38.6666666666667,0,348.865982727077,382.124480343648,TRUE
"FGLBJAKE_01017",0,0,0,0,0,0,FALSE
"FGLBJAKE_01018",0,0,0,0,0,0,FALSE
"FGLBJAKE_01019",0,0,0,0,0,0,FALSE
"FGLBJAKE_01020",855.333333333333,966.333333333333,1054,8539.61302174506,11760.0288828581,10416.1862659191,TRUE
"FGLBJAKE_01021",1.33333333333333,20,66.3333333333333,13.3119454742713,243.394871670054,655.541134382638,TRUE
"FGLBJAKE_01022",0,0,0,0,0,0,FALSE
"FGLBJAKE_01023",0,0,0,0,0,0,FALSE
"FGLBJAKE_01024",0,0,0,0,0,0,FALSE
"FGLBJAKE_01025",0,0,0,0,0,0,FALSE
"FGLBJAKE_01026",195.666666666667,148.333333333333,161,1953.52799834932,1805.1786315529,1591.08727591364,TRUE
"FGLBJAKE_01027",24.3333333333333,26,62,242.943004905452,316.41333317107,612.716839171712,TRUE
"FGLBJAKE_01028",17.6666666666667,0,0,176.383277534095,0,0,TRUE
"FGLBJAKE_01029",6,0,0.666666666666667,59.903754634221,0,6.58835310937325,TRUE
"FGLBJAKE_01030",39.6666666666667,16,38.3333333333333,396.030377859572,194.715897336043,378.830303788962,TRUE
"FGLBJAKE_01031",0,0,0,0,0,0,FALSE
"FGLBJAKE_01032",0,0,0,0,0,0,FALSE
"FGLBJAKE_01033",0,11.3333333333333,0,0,137.923760613031,0,TRUE
"FGLBJAKE_01034",0,0,0,0,0,0,FALSE
"FGLBJAKE_01035",0,0,0,0,0,0,FALSE
"FGLBJAKE_01036",0,0,0,0,0,0,FALSE
"FGLBJAKE_01037",0,0,0,0,0,0,FALSE
"FGLBJAKE_01038",0.333333333333333,0,0,3.32798636856783,0,0,TRUE
"FGLBJAKE_01039",0,0,0,0,0,0,FALSE
"FGLBJAKE_01040",16.6666666666667,30.3333333333333,42.3333333333333,166.399318428392,369.148888699582,418.360422445201,TRUE
"FGLBJAKE_01041",17,9.33333333333333,3.33333333333333,169.72730479696,113.584273446025,32.9417655468663,TRUE
"FGLBJAKE_01042",0,0,0,0,0,0,FALSE
"FGLBJAKE_01043",0,0,0,0,0,0,FALSE
"FGLBJAKE_01044",32.3333333333333,8.66666666666667,73.6666666666667,322.81467775108,105.471111057023,728.013018585744,TRUE
"FGLBJAKE_01045",1.33333333333333,78.3333333333333,63,13.3119454742713,953.296580707711,622.599368835772,TRUE
"FGLBJAKE_01046",21.3333333333333,24.3333333333333,61,212.991127588341,296.130427198566,602.834309507652,TRUE
"FGLBJAKE_01047",0,0,0,0,0,0,FALSE
"FGLBJAKE_01048",0,0,0,0,0,0,FALSE
"FGLBJAKE_01049",0,0,0,0,0,0,FALSE
"FGLBJAKE_01050",0,0,0,0,0,0,FALSE
"FGLBJAKE_01051",0,0,0,0,0,0,FALSE
"FGLBJAKE_01052",0,0,0,0,0,0,FALSE
"FGLBJAKE_01053",0,0,0,0,0,0,FALSE
"FGLBJAKE_01054",0,0,0,0,0,0,FALSE
"FGLBJAKE_01055",0,0,0,0,0,0,FALSE
"FGLBJAKE_01056",0,0,0,0,0,0,FALSE
"FGLBJAKE_01057",23,10,0,229.631059431181,121.697435835027,0,TRUE
"FGLBJAKE_01058",0,0,0,0,0,0,FALSE
"FGLBJAKE_01059",26,1.66666666666667,0,259.582936748291,20.2829059725045,0,TRUE
"FGLBJAKE_01060",22.6666666666667,0,25.6666666666667,226.303073062613,0,253.65159471087,TRUE
"FGLBJAKE_01061",0,0,0,0,0,0,FALSE
"FGLBJAKE_01062",53.6666666666667,0,94.3333333333333,535.805805339421,0,932.251964976315,TRUE
"FGLBJAKE_01063",0,0,5,0,0,49.4126483202994,TRUE
"FGLBJAKE_01064",8.66666666666667,13.3333333333333,64,86.5276455827637,162.263247780036,632.481898499832,TRUE
"FGLBJAKE_01065",0,0,0,0,0,0,FALSE
"FGLBJAKE_01066",20.6666666666667,0,0,206.335154851206,0,0,TRUE
"FGLBJAKE_01067",0,0,0,0,0,0,FALSE
"FGLBJAKE_01068",0,0,0,0,0,0,FALSE
"FGLBJAKE_01069",0,0,0,0,0,0,FALSE
"FGLBJAKE_01070",0,0,0,0,0,0,FALSE
"FGLBJAKE_01071",0,0,0,0,0,0,FALSE
"FGLBJAKE_01072",0,0,0,0,0,0,FALSE
"FGLBJAKE_01073",52.6666666666667,30.3333333333333,133,525.821846233718,369.148888699582,1314.37644531996,TRUE
"FGLBJAKE_01074",131.666666666667,80.3333333333333,205.333333333333,1314.55461558429,977.636067874717,2029.21275768696,TRUE
"FGLBJAKE_01075",0,0,0,0,0,0,FALSE
"FGLBJAKE_01076",19.6666666666667,0,34.3333333333333,196.351195745502,0,339.300185132722,TRUE
"FGLBJAKE_01077",0,0,0,0,0,0,FALSE
"FGLBJAKE_01078",0,0,0,0,0,0,FALSE
"FGLBJAKE_01079",0,0,0,0,0,0,FALSE
"FGLBJAKE_01080",0,0,0,0,0,0,FALSE
"FGLBJAKE_01081",69,26.3333333333333,45.3333333333333,688.893178293542,320.469914365571,448.008011437381,TRUE
"FGLBJAKE_01082",36,2.33333333333333,29.3333333333333,359.422527805326,28.3960683615063,289.887536812423,TRUE
"FGLBJAKE_01083",39.3333333333333,82,97,392.702391491004,997.918973847221,958.605377413808,TRUE
"FGLBJAKE_01084",0,0,56,0,0,553.421661187353,TRUE
"FGLBJAKE_01085",63.3333333333333,41.6666666666667,65.3333333333333,632.317410027889,507.072649312612,645.658604718578,TRUE
"FGLBJAKE_01086",14.6666666666667,76.6666666666667,68.3333333333333,146.431400216985,933.013674735207,675.306193710758,TRUE
"FGLBJAKE_01087",2.66666666666667,0.333333333333333,1.66666666666667,26.6238909485427,4.0565811945009,16.4708827734331,TRUE
"FGLBJAKE_01088",0,0,0,0,0,0,FALSE
"FGLBJAKE_01089",0,0,0,0,0,0,FALSE
"FGLBJAKE_01090",178,30.6666666666667,122,1777.14472081522,373.205469894083,1205.6686190153,TRUE
"FGLBJAKE_01091",0,0,12,0,0,118.590355968718,TRUE
"FGLBJAKE_01092",0,0,0,0,0,0,FALSE
"FGLBJAKE_01093",0,0,0,0,0,0,FALSE
"FGLBJAKE_01094",11.3333333333333,22.3333333333333,14.3333333333333,113.151536531306,271.79094003156,141.649591851525,TRUE
"FGLBJAKE_01095",0,0,0,0,0,0,FALSE
"FGLBJAKE_01096",0,0,0,0,0,0,FALSE
"FGLBJAKE_01097",0,0.666666666666667,0,0,8.1131623890018,0,TRUE
"FGLBJAKE_01098",0,0,0,0,0,0,FALSE
"FGLBJAKE_01099",0,0,0,0,0,0,FALSE
"FGLBJAKE_01100",0,0,0,0,0,0,FALSE
"FGLBJAKE_01101",0,0,4.33333333333333,0,0,42.8242952109261,TRUE
"FGLBJAKE_01102",43.6666666666667,101,16.3333333333333,435.966214282386,1229.14410193377,161.414651179645,TRUE
"FGLBJAKE_01103",0,0,0,0,0,0,FALSE
"FGLBJAKE_01104",0,0,0,0,0,0,FALSE
"FGLBJAKE_01105",0,0,0,0,0,0,FALSE
"FGLBJAKE_01106",39.6666666666667,13,25,396.030377859572,158.206666585535,247.063241601497,TRUE
"FGLBJAKE_01107",0,0,0,0,0,0,FALSE
"FGLBJAKE_01108",0,0,1.66666666666667,0,0,16.4708827734331,TRUE
"FGLBJAKE_01109",0,0,0,0,0,0,FALSE
"FGLBJAKE_01110",0,0,0,0,0,0,FALSE
"FGLBJAKE_01111",0,9,0,0,109.527692251524,0,TRUE
"FGLBJAKE_01112",22,9,47,219.647100325477,109.527692251524,464.478894210814,TRUE
"FGLBJAKE_01113",0,8.66666666666667,0,0,105.471111057023,0,TRUE
"FGLBJAKE_01114",0,0,0,0,0,0,FALSE
"FGLBJAKE_01115",0,0,0,0,0,0,FALSE
"FGLBJAKE_01116",0,0,0,0,0,0,FALSE
"FGLBJAKE_01117",0,0,0,0,0,0,FALSE
"FGLBJAKE_01118",0,0,0,0,0,0,FALSE
"FGLBJAKE_01119",90,16.3333333333333,43.6666666666667,898.556319513315,198.772478530544,431.537128663948,TRUE
"FGLBJAKE_01120",0,15.3333333333333,0,0,186.602734947041,0,TRUE
"FGLBJAKE_01121",0,0,0,0,0,0,FALSE
"FGLBJAKE_01122",46,0,0,459.262118862361,0,0,TRUE
"FGLBJAKE_01123",0,0,0,0,0,0,FALSE
"FGLBJAKE_01124",0,0,0,0,0,0,FALSE
"FGLBJAKE_01125",0,0,0,0,0,0,FALSE
"FGLBJAKE_01126",0,0,0,0,0,0,FALSE
"FGLBJAKE_01127",887.666666666667,800,2023,8862.42769949614,9735.79486680216,19992.3575103931,TRUE
"FGLBJAKE_01128",0,0,0,0,0,0,FALSE
"FGLBJAKE_01129",0,0,0,0,0,0,FALSE
"FGLBJAKE_01130",0,0,0,0,0,0,FALSE
"FGLBJAKE_01131",0,0,0,0,0,0,FALSE
"FGLBJAKE_01132",0,0,0,0,0,0,FALSE
"FGLBJAKE_01133",0,0,0,0,0,0,FALSE
"FGLBJAKE_01134",0,60.3333333333333,0.333333333333333,0,734.241196204663,3.29417655468662,TRUE
"FGLBJAKE_01135",126.666666666667,1.33333333333333,27,1264.63482005578,16.2263247780036,266.828300929617,TRUE
"FGLBJAKE_01136",0,0,0,0,0,0,FALSE
"FGLBJAKE_01137",0,14,3.66666666666667,0,170.376410169038,36.2359421015529,TRUE
"FGLBJAKE_01138",0,0,0,0,0,0,FALSE
"FGLBJAKE_01139",0,0,0.333333333333333,0,0,3.29417655468662,TRUE
"FGLBJAKE_01140",0,0,0,0,0,0,FALSE
"FGLBJAKE_01141",0,0,0,0,0,0,FALSE
"FGLBJAKE_01142",30.3333333333333,15.3333333333333,4.66666666666667,302.846759539673,186.602734947041,46.1184717656127,TRUE
"FGLBJAKE_01143",10,12.3333333333333,0,99.839591057035,150.093504196533,0,TRUE
"FGLBJAKE_01144",0,0,0,0,0,0,FALSE
"FGLBJAKE_01145",0,0,0,0,0,0,FALSE
"FGLBJAKE_01146",0,0,0,0,0,0,FALSE
"FGLBJAKE_01147",64,0,0,638.973382765024,0,0,TRUE
"FGLBJAKE_01148",0,0,0,0,0,0,FALSE
"FGLBJAKE_01149",0,0,0,0,0,0,FALSE
"FGLBJAKE_01150",2.66666666666667,0,0,26.6238909485427,0,0,TRUE
"FGLBJAKE_01151",8,22.6666666666667,10.3333333333333,79.871672845628,275.847521226061,102.119473195285,TRUE
"FGLBJAKE_01152",59,143.333333333333,104.666666666667,589.053587236507,1744.32991363539,1034.3714381716,TRUE
"FGLBJAKE_01153",14.3333333333333,48,42.6666666666667,143.103413848417,584.147692008129,421.654598999888,TRUE
"FGLBJAKE_01154",0,0,0,0,0,0,FALSE
"FGLBJAKE_01155",0,0,0,0,0,0,FALSE
"FGLBJAKE_01156",0,0,0,0,0,0,FALSE
"FGLBJAKE_01157",0,1.66666666666667,4.66666666666667,0,20.2829059725045,46.1184717656127,TRUE
"FGLBJAKE_01158",0,0,0,0,0,0,FALSE
"FGLBJAKE_01159",0,0,0,0,0,0,FALSE
"FGLBJAKE_01160",0,0,0,0,0,0,FALSE
"FGLBJAKE_01161",0,0,0,0,0,0,FALSE
"FGLBJAKE_01162",0,0,0,0,0,0,FALSE
"FGLBJAKE_01163",0,0,0,0,0,0,FALSE
"FGLBJAKE_01164",6.66666666666667,0,0,66.5597273713567,0,0,TRUE
"FGLBJAKE_01165",0,0,0.333333333333333,0,0,3.29417655468662,TRUE
"FGLBJAKE_01166",0,0,0,0,0,0,FALSE
"FGLBJAKE_01167",0,0,0,0,0,0,FALSE
"FGLBJAKE_01168",0,0,0,0,0,0,FALSE
"FGLBJAKE_01169",0,3.33333333333333,0,0,40.565811945009,0,TRUE
"FGLBJAKE_01170",0,0,0,0,0,0,FALSE
"FGLBJAKE_01171",0,0,0,0,0,0,FALSE
"FGLBJAKE_01172",0,0,0,0,0,0,FALSE
"FGLBJAKE_01173",2,11.3333333333333,8.33333333333333,19.967918211407,137.923760613031,82.3544138671656,TRUE
"FGLBJAKE_01174",0,11.3333333333333,5,0,137.923760613031,49.4126483202994,TRUE
"FGLBJAKE_01175",1.33333333333333,10,14.6666666666667,13.3119454742713,121.697435835027,144.943768406211,TRUE
"FGLBJAKE_01176",12.6666666666667,81.6666666666667,49,126.463482005578,993.86239265272,484.243953538934,TRUE
"FGLBJAKE_01177",0,0,0,0,0,0,FALSE
"FGLBJAKE_01178",0,0,0,0,0,0,FALSE
"FGLBJAKE_01179",0,0,7.66666666666667,0,0,75.7660607577924,TRUE
"FGLBJAKE_01180",0,0,0,0,0,0,FALSE
"FGLBJAKE_01181",15.3333333333333,10,46,153.08737295412,121.697435835027,454.596364546754,TRUE
"FGLBJAKE_01182",40.6666666666667,0,1.66666666666667,406.014336965276,0,16.4708827734331,TRUE
"FGLBJAKE_01183",35,26.6666666666667,99.6666666666667,349.438568699623,324.526495560072,984.958789851301,TRUE
"FGLBJAKE_01184",0,0,0,0,0,0,FALSE
"FGLBJAKE_01185",0,0,0,0,0,0,FALSE
"FGLBJAKE_01186",0,0,0,0,0,0,FALSE
"FGLBJAKE_01187",0,0,0,0,0,0,FALSE
"FGLBJAKE_01188",0,0,0,0,0,0,FALSE
"FGLBJAKE_01189",0,0,0,0,0,0,FALSE
"FGLBJAKE_01190",0,0,0,0,0,0,FALSE
"FGLBJAKE_01191",0,0,0,0,0,0,FALSE
"FGLBJAKE_01192",0,0,0,0,0,0,FALSE
"FGLBJAKE_01193",0,0,0,0,0,0,FALSE
"FGLBJAKE_01194",0,0,0,0,0,0,FALSE
"FGLBJAKE_01195",0,0,1.33333333333333,0,0,13.1767062187465,TRUE
"FGLBJAKE_01196",0,14,0,0,170.376410169038,0,TRUE
"FGLBJAKE_01197",0,0,0,0,0,0,FALSE
"FGLBJAKE_01198",542,960.666666666667,781.666666666667,5411.3058352913,11691.0670025516,7724.84402074014,TRUE
"FGLBJAKE_01199",5.66666666666667,0.333333333333333,0,56.5757682656532,4.0565811945009,0,TRUE
"FGLBJAKE_01200",0,11.6666666666667,0,0,141.980341807531,0,TRUE
"FGLBJAKE_01201",0,0.333333333333333,1.33333333333333,0,4.0565811945009,13.1767062187465,TRUE
"FGLBJAKE_01202",0,0,0,0,0,0,FALSE
"FGLBJAKE_01203",0,0,0,0,0,0,FALSE
"FGLBJAKE_01204",0,0,0,0,0,0,FALSE
"FGLBJAKE_01205",0,0,0,0,0,0,FALSE
"FGLBJAKE_01206",0,0,0,0,0,0,FALSE
"FGLBJAKE_01207",0,0,0,0,0,0,FALSE
"FGLBJAKE_01208",0,0.333333333333333,22,0,4.0565811945009,217.415652609317,TRUE
"FGLBJAKE_01209",0,0,0,0,0,0,FALSE
"FGLBJAKE_01210",0,0,0,0,0,0,FALSE
"FGLBJAKE_01211",104.333333333333,75.3333333333333,140,1041.65973336173,916.787349957203,1383.55415296838,TRUE
"FGLBJAKE_01212",0,0,0,0,0,0,FALSE
"FGLBJAKE_01213",0,0,0,0,0,0,FALSE
"FGLBJAKE_01214",0,0,0,0,0,0,FALSE
"FGLBJAKE_01215",0,0,0,0,0,0,FALSE
"FGLBJAKE_01216",0,0,0,0,0,0,FALSE
"FGLBJAKE_01217",0,0,0,0,0,0,FALSE
"FGLBJAKE_01218",0,0,0,0,0,0,FALSE
"FGLBJAKE_01219",48.3333333333333,64,29,482.558023442336,778.863589344173,286.593360257736,TRUE
"FGLBJAKE_01220",0,0,0,0,0,0,FALSE
"FGLBJAKE_01221",121.333333333333,95,91,1211.38703815869,1156.12564043276,899.310199429449,TRUE
"FGLBJAKE_01222",0,0,0,0,0,0,FALSE
"FGLBJAKE_01223",1.33333333333333,17,0.666666666666667,13.3119454742713,206.885640919546,6.58835310937325,TRUE
"FGLBJAKE_01224",0,0,0,0,0,0,FALSE
"FGLBJAKE_01225",0,0,0,0,0,0,FALSE
"FGLBJAKE_01226",58,20.3333333333333,70.6666666666667,579.069628130803,247.451452864555,698.365429593564,TRUE
"FGLBJAKE_01227",0,0,0,0,0,0,FALSE
"FGLBJAKE_01228",0,0,0,0,0,0,FALSE
"FGLBJAKE_01229",0,0,0,0,0,0,FALSE
"FGLBJAKE_01230",0,0,0,0,0,0,FALSE
"FGLBJAKE_01231",25,0,52.3333333333333,249.598977642588,0,517.1857190858,TRUE
"FGLBJAKE_01232",0,0,0,0,0,0,FALSE
"FGLBJAKE_01233",0,0,0,0,0,0,FALSE
"FGLBJAKE_01234",0,0,0,0,0,0,FALSE
"FGLBJAKE_01235",39.6666666666667,7.33333333333333,101.666666666667,396.030377859572,89.2447862790198,1004.72384917942,TRUE
"FGLBJAKE_01236",0,0,0,0,0,0,FALSE
"FGLBJAKE_01237",94,22.6666666666667,0,938.492155936129,275.847521226061,0,TRUE
"FGLBJAKE_01238",43.6666666666667,129.666666666667,13,435.966214282386,1578.01008466085,128.472885632778,TRUE
"FGLBJAKE_01239",0,0,0,0,0,0,FALSE
"FGLBJAKE_01240",0,0,0,0,0,0,FALSE
"FGLBJAKE_01241",0,0,0,0,0,0,FALSE
"FGLBJAKE_01242",0,0,0,0,0,0,FALSE
"FGLBJAKE_01243",0,1.33333333333333,19,0,16.2263247780036,187.768063617138,TRUE
"FGLBJAKE_01244",0,0,0,0,0,0,FALSE
"FGLBJAKE_01245",0,0,0,0,0,0,FALSE
"FGLBJAKE_01246",0,0,0,0,0,0,FALSE
"FGLBJAKE_01247",5,4.33333333333333,7.33333333333333,49.9197955285175,52.7355555285117,72.4718842031057,TRUE
"FGLBJAKE_01248",0,0,0,0,0,0,FALSE
"FGLBJAKE_01249",0,0,0,0,0,0,FALSE
"FGLBJAKE_01250",0,0,0,0,0,0,FALSE
"FGLBJAKE_01251",0,0,0,0,0,0,FALSE
"FGLBJAKE_01252",0,0,0,0,0,0,FALSE
"FGLBJAKE_01253",0,0,0,0,0,0,FALSE
"FGLBJAKE_01254",0,0,0,0,0,0,FALSE
"FGLBJAKE_01255",0,0,0,0,0,0,FALSE
"FGLBJAKE_01256",0,0,0,0,0,0,FALSE
"FGLBJAKE_01257",0,0,0,0,0,0,FALSE
"FGLBJAKE_01258",0,0,0,0,0,0,FALSE
"FGLBJAKE_01259",0,0,0,0,0,0,FALSE
"FGLBJAKE_01260",2,3.66666666666667,2.33333333333333,19.967918211407,44.6223931395099,23.0592358828064,TRUE
"FGLBJAKE_01261",0,0,0,0,0,0,FALSE
"FGLBJAKE_01262",81,47.3333333333333,166.666666666667,808.700687561984,576.034529619128,1647.08827734331,TRUE
"FGLBJAKE_01264",24.6666666666667,1.66666666666667,6.33333333333333,246.27099127402,20.2829059725045,62.5893545390459,TRUE
"FGLBJAKE_01265",58.6666666666667,40.3333333333333,72.3333333333333,585.725600867939,490.846324534609,714.836312366998,TRUE
"FGLBJAKE_01266",0,0,0,0,0,0,FALSE
"FGLBJAKE_01267",0,0,0,0,0,0,FALSE
"FGLBJAKE_01268",0,0,0,0,0,0,FALSE
"FGLBJAKE_01269",0,0,0,0,0,0,FALSE
"FGLBJAKE_01270",0,0,0,0,0,0,FALSE
"FGLBJAKE_01271",0,0,12.3333333333333,0,0,121.884532523405,TRUE
"FGLBJAKE_01272",0,0,0,0,0,0,FALSE
"FGLBJAKE_01273",0,0,0,0,0,0,FALSE
"FGLBJAKE_01274",0,0,0,0,0,0,FALSE
"FGLBJAKE_01275",0,0,0,0,0,0,FALSE
"FGLBJAKE_01276",0,0,0,0,0,0,FALSE
"FGLBJAKE_01277",0,0,0,0,0,0,FALSE
"FGLBJAKE_01278",0,0,0,0,0,0,FALSE
"FGLBJAKE_01279",0,0,0,0,0,0,FALSE
"FGLBJAKE_01280",0,0,0,0,0,0,FALSE
"FGLBJAKE_01281",1.66666666666667,0,0,16.6399318428392,0,0,TRUE
"FGLBJAKE_01282",21.6666666666667,0,0,216.319113956909,0,0,TRUE
"FGLBJAKE_01283",0,0,0,0,0,0,FALSE
"FGLBJAKE_01284",0,0,0,0,0,0,FALSE
"FGLBJAKE_01285",0,0,0,0,0,0,FALSE
"FGLBJAKE_01286",27.3333333333333,0,6.33333333333333,272.894882222562,0,62.5893545390459,TRUE
"FGLBJAKE_01287",0,0,0,0,0,0,FALSE
"FGLBJAKE_01288",101.666666666667,61.3333333333333,0,1015.03584241319,746.410939788165,0,TRUE
"FGLBJAKE_01289",0,22,15.3333333333333,0,267.734358837059,151.532121515585,TRUE
"FGLBJAKE_01290",0,0,0,0,0,0,FALSE
"FGLBJAKE_01291",0,0,0,0,0,0,FALSE
"FGLBJAKE_01292",0,1,0.333333333333333,0,12.1697435835027,3.29417655468662,TRUE
"FGLBJAKE_01294",0,0,0,0,0,0,FALSE
"FGLBJAKE_01295",0,0,0,0,0,0,FALSE
"FGLBJAKE_01297",0,0,0,0,0,0,FALSE
"FGLBJAKE_01298",0,13.6666666666667,0,0,166.319828974537,0,TRUE
"FGLBJAKE_01299",101.666666666667,34,39.3333333333333,1015.03584241319,413.771281839092,388.712833453022,TRUE
"FGLBJAKE_01300",0,0,0,0,0,0,FALSE
"FGLBJAKE_01301",148.333333333333,40.3333333333333,89.6666666666667,1480.95393401269,490.846324534609,886.133493210702,TRUE
"FGLBJAKE_01302",0,0,0,0,0,0,FALSE
"FGLBJAKE_01303",0,0,0,0,0,0,FALSE
"FGLBJAKE_01304",0,0,0,0,0,0,FALSE
"FGLBJAKE_01305",0,0,0,0,0,0,FALSE
"FGLBJAKE_01306",0,0,0,0,0,0,FALSE
"FGLBJAKE_01307",0,0,0,0,0,0,FALSE
"FGLBJAKE_01308",0,0,0,0,0,0,FALSE
"FGLBJAKE_01309",0,0,0,0,0,0,FALSE
"FGLBJAKE_01310",23,3.66666666666667,56,229.631059431181,44.6223931395099,553.421661187353,TRUE
"FGLBJAKE_01311",0,0,0,0,0,0,FALSE
"FGLBJAKE_01312",0,0,0,0,0,0,FALSE
"FGLBJAKE_01313",0,0,0,0,0,0,FALSE
"FGLBJAKE_01314",0,0,12.3333333333333,0,0,121.884532523405,TRUE
"FGLBJAKE_01315",0,11.6666666666667,0,0,141.980341807531,0,TRUE
"FGLBJAKE_01316",0,0,0,0,0,0,FALSE
"FGLBJAKE_01317",22.6666666666667,89.3333333333333,101.333333333333,226.303073062613,1087.16376012624,1001.42967262473,TRUE
"FGLBJAKE_01318",0,1,32,0,12.1697435835027,316.240949249916,TRUE
"FGLBJAKE_01319",121,66.6666666666667,161.333333333333,1208.05905179012,811.31623890018,1594.38145246833,TRUE
"FGLBJAKE_01320",0,0,0,0,0,0,FALSE
"FGLBJAKE_01321",0,0,0,0,0,0,FALSE
"FGLBJAKE_01322",0,0,0,0,0,0,FALSE
"FGLBJAKE_01323",0,0,0,0,0,0,FALSE
"FGLBJAKE_01324",0,0,0,0,0,0,FALSE
"FGLBJAKE_01325",0,0,0,0,0,0,FALSE
"FGLBJAKE_01326",0,0,0,0,0,0,FALSE
"FGLBJAKE_01327",0,0,0,0,0,0,FALSE
"FGLBJAKE_01328",0,0,0,0,0,0,FALSE
"FGLBJAKE_01329",0,0,0,0,0,0,FALSE
"FGLBJAKE_01330",1.66666666666667,15.3333333333333,9.33333333333333,16.6399318428392,186.602734947041,92.2369435312255,TRUE
"FGLBJAKE_01331",0,0,0,0,0,0,FALSE
"FGLBJAKE_01332",19.3333333333333,0,3.33333333333333,193.023209376934,0,32.9417655468663,TRUE
"FGLBJAKE_01333",674.333333333333,954,586.333333333333,6732.51642361273,11609.9353786616,5794.45655969377,TRUE
"FGLBJAKE_01334",2.33333333333333,0,0,23.2959045799748,0,0,TRUE
"FGLBJAKE_01335",96.6666666666667,89.6666666666667,71,965.116046884672,1091.22034132074,701.659606148251,TRUE
"FGLBJAKE_01336",0,0,2.66666666666667,0,0,26.353412437493,TRUE
"FGLBJAKE_01337",0,0,0,0,0,0,FALSE
"FGLBJAKE_01338",275.666666666667,414.333333333333,220,2752.2447268056,5042.33042476462,2174.15652609317,TRUE
"FGLBJAKE_01339",1,2.33333333333333,0,9.9839591057035,28.3960683615063,0,TRUE
"FGLBJAKE_01340",9,1,11.3333333333333,89.8556319513315,12.1697435835027,112.002002859345,TRUE
"FGLBJAKE_01341",43,87.6666666666667,61,429.310241545251,1066.88085415374,602.834309507652,TRUE
"FGLBJAKE_01342",0,0,0,0,0,0,FALSE
"FGLBJAKE_01343",0,0,0,0,0,0,FALSE
"FGLBJAKE_01344",0,0,0,0,0,0,FALSE
"FGLBJAKE_01345",0,0,0,0,0,0,FALSE
"FGLBJAKE_01346",0,14.3333333333333,0,0,174.432991363539,0,TRUE
"FGLBJAKE_01347",0,0,0,0,0,0,FALSE
"FGLBJAKE_01348",0,0,0,0,0,0,FALSE
"FGLBJAKE_01349",3,160.666666666667,50.6666666666667,29.9518773171105,1955.27213574943,500.714836312367,TRUE
"FGLBJAKE_01350",19,7,0,189.695223008367,85.1882050845189,0,TRUE
"FGLBJAKE_01351",0,0,0,0,0,0,FALSE
"FGLBJAKE_01352",0,0,0,0,0,0,FALSE
"FGLBJAKE_01353",0,0,0,0,0,0,FALSE
"FGLBJAKE_01354",0,0,0,0,0,0,FALSE
"FGLBJAKE_01355",0,0,0,0,0,0,FALSE
"FGLBJAKE_01356",0,0,0,0,0,0,FALSE
"FGLBJAKE_01357",0,0,0,0,0,0,FALSE
"FGLBJAKE_01358",0,0,0,0,0,0,FALSE
"FGLBJAKE_01359",0,0,0,0,0,0,FALSE
"FGLBJAKE_01360",0,0,0,0,0,0,FALSE
"FGLBJAKE_01361",0,0,0,0,0,0,FALSE
"FGLBJAKE_01362",0,0,0,0,0,0,FALSE
"FGLBJAKE_01363",0,0,0,0,0,0,FALSE
"FGLBJAKE_01364",0,0,0,0,0,0,FALSE
"FGLBJAKE_01365",38.3333333333333,31.6666666666667,91.3333333333333,382.718432385301,385.375213477585,902.604375984135,TRUE
"FGLBJAKE_01366",6.66666666666667,21.6666666666667,22,66.5597273713567,263.677777642558,217.415652609317,TRUE
"FGLBJAKE_01367",0,0,0,0,0,0,FALSE
"FGLBJAKE_01368",0,0,0,0,0,0,FALSE
"FGLBJAKE_01369",0,0,0,0,0,0,FALSE
"FGLBJAKE_01370",0,0,0,0,0,0,FALSE
"FGLBJAKE_01371",0,0,0,0,0,0,FALSE
"FGLBJAKE_01372",0,0,0,0,0,0,FALSE
"FGLBJAKE_01373",3,18.3333333333333,13,29.9518773171105,223.111965697549,128.472885632778,TRUE
"FGLBJAKE_01374",80,10,124.666666666667,798.71672845628,121.697435835027,1232.0220314528,TRUE
"FGLBJAKE_01375",0,0,0,0,0,0,FALSE
"FGLBJAKE_01376",3.66666666666667,0,0,36.6078500542462,0,0,TRUE
"FGLBJAKE_01377",0,0,1.66666666666667,0,0,16.4708827734331,TRUE
"FGLBJAKE_01378",2.66666666666667,1,67,26.6238909485427,12.1697435835027,662.129487492012,TRUE
"FGLBJAKE_01379",70.6666666666667,56.3333333333333,62.3333333333333,705.533110136381,685.562221870652,616.011015726399,TRUE
"FGLBJAKE_01380",0,0,0,0,0,0,FALSE
"FGLBJAKE_01381",0,0,0,0,0,0,FALSE
"FGLBJAKE_01382",0,0,0,0,0,0,FALSE
"FGLBJAKE_01383",0,0,0,0,0,0,FALSE
"FGLBJAKE_01384",0,0,0,0,0,0,FALSE
"FGLBJAKE_01385",0,0,9.33333333333333,0,0,92.2369435312255,TRUE
"FGLBJAKE_01386",0,0,0,0,0,0,FALSE
"FGLBJAKE_01387",0,0,0,0,0,0,FALSE
"FGLBJAKE_01388",0,0,0,0,0,0,FALSE
"FGLBJAKE_01389",0,0,0,0,0,0,FALSE
"FGLBJAKE_01390",0,0,0,0,0,0,FALSE
"FGLBJAKE_01391",0,0,0,0,0,0,FALSE
"FGLBJAKE_01392",22,14.6666666666667,29.6666666666667,219.647100325477,178.48957255804,293.18171336711,TRUE
"FGLBJAKE_01393",147.333333333333,66.3333333333333,148.666666666667,1470.96997490698,807.259657705679,1469.20274339023,TRUE
"FGLBJAKE_01394",0,0,0,0,0,0,FALSE
"FGLBJAKE_01395",253,403.666666666667,577,2525.94165374299,4912.51982654059,5702.21961616255,TRUE
"FGLBJAKE_01396",0,0,0,0,0,0,FALSE
"FGLBJAKE_01397",0,0,0,0,0,0,FALSE
"FGLBJAKE_01398",323.333333333333,962.666666666667,393,3228.1467775108,11715.4064897186,3883.83415797553,TRUE
"FGLBJAKE_01399",0,0,0,0,0,0,FALSE
"FGLBJAKE_01400",0,0,0,0,0,0,FALSE
"FGLBJAKE_01401",0,0,0,0,0,0,FALSE
"FGLBJAKE_01402",0,0,0,0,0,0,FALSE
"FGLBJAKE_01403",0,0,0,0,0,0,FALSE
"FGLBJAKE_01404",75.6666666666667,76.3333333333333,76.6666666666667,755.452905664898,928.957093540706,757.660607577924,TRUE
"FGLBJAKE_01405",0.333333333333333,0,0,3.32798636856783,0,0,TRUE
"FGLBJAKE_01406",0,0,0,0,0,0,FALSE
"FGLBJAKE_01407",0,0,0,0,0,0,FALSE
"FGLBJAKE_01408",0,0,0,0,0,0,FALSE
"FGLBJAKE_01409",0,0,0,0,0,0,FALSE
"FGLBJAKE_01410",0,0,0,0,0,0,FALSE
"FGLBJAKE_01411",0,0,0,0,0,0,FALSE
"FGLBJAKE_01412",0,0.333333333333333,0.666666666666667,0,4.0565811945009,6.58835310937325,TRUE
"FGLBJAKE_01413",0,0,0,0,0,0,FALSE
"FGLBJAKE_01414",0,0,0,0,0,0,FALSE
"FGLBJAKE_01415",0,0,0,0,0,0,FALSE
"FGLBJAKE_01416",0,0,0,0,0,0,FALSE
"FGLBJAKE_01417",0,0,0,0,0,0,FALSE
"FGLBJAKE_01418",0,0,0,0,0,0,FALSE
"FGLBJAKE_01419",0,0,0,0,0,0,FALSE
"FGLBJAKE_01420",13,19,23.3333333333333,129.791468374146,231.225128086551,230.592358828064,TRUE
"FGLBJAKE_01421",0,0,0,0,0,0,FALSE
"FGLBJAKE_01422",0,0,0,0,0,0,FALSE
"FGLBJAKE_01423",0,0,0,0,0,0,FALSE
"FGLBJAKE_01424",0,0,0,0,0,0,FALSE
"FGLBJAKE_01425",0,0,0,0,0,0,FALSE
"FGLBJAKE_01426",0,0,0,0,0,0,FALSE
"FGLBJAKE_01427",0,0,0,0,0,0,FALSE
"FGLBJAKE_01428",0,0,0,0,0,0,FALSE
"FGLBJAKE_01429",0,0,0,0,0,0,FALSE
"FGLBJAKE_01430",0,0,0,0,0,0,FALSE
"FGLBJAKE_01431",46.3333333333333,56.6666666666667,108,462.590105230929,689.618803065153,1067.31320371847,TRUE
"FGLBJAKE_01432",0,0,0,0,0,0,FALSE
"FGLBJAKE_01433",0,0,0,0,0,0,FALSE
"FGLBJAKE_01434",0,0,0,0,0,0,FALSE
"FGLBJAKE_01435",0,0,0,0,0,0,FALSE
"FGLBJAKE_01436",0,0,0,0,0,0,FALSE
"FGLBJAKE_01437",42,23.6666666666667,69,419.326282439547,288.017264809564,681.894546820131,TRUE
"FGLBJAKE_01438",119,274,283,1188.09113357872,3334.50974187974,2796.75589492894,TRUE
"FGLBJAKE_01439",0,0,0,0,0,0,FALSE
"FGLBJAKE_01440",0,0,1.33333333333333,0,0,13.1767062187465,TRUE
"FGLBJAKE_01441",0,0,0,0,0,0,FALSE
"FGLBJAKE_01442",0,0,0,0,0,0,FALSE
"FGLBJAKE_01443",0,0,0,0,0,0,FALSE
"FGLBJAKE_01444",0,0,0,0,0,0,FALSE
"FGLBJAKE_01445",0,0,0,0,0,0,FALSE
"FGLBJAKE_01446",0,0,0,0,0,0,FALSE
"FGLBJAKE_01447",0,0,6.33333333333333,0,0,62.5893545390459,TRUE
"FGLBJAKE_01448",0,105.333333333333,34.3333333333333,0,1281.87965746228,339.300185132722,TRUE
"FGLBJAKE_01449",0,0,0,0,0,0,FALSE
"FGLBJAKE_01450",0,1.33333333333333,0,0,16.2263247780036,0,TRUE
"FGLBJAKE_01451",0,0,0,0,0,0,FALSE
"FGLBJAKE_01452",0,0,0,0,0,0,FALSE
"FGLBJAKE_01453",23.3333333333333,0,11,232.959045799748,0,108.707826304659,TRUE
"FGLBJAKE_01454",22,3.33333333333333,8,219.647100325477,40.565811945009,79.060237312479,TRUE
"FGLBJAKE_01455",70.3333333333333,36,45.6666666666667,702.205123767813,438.110769006097,451.302187992068,TRUE
"FGLBJAKE_01456",0,0,0,0,0,0,FALSE
"FGLBJAKE_01457",856.333333333333,1327.66666666667,1050,8549.59698085077,16157.3628976971,10376.6561472629,TRUE
"FGLBJAKE_01458",20.6666666666667,16,26.6666666666667,206.335154851206,194.715897336043,263.53412437493,TRUE
"FGLBJAKE_01459",0,0,0,0,0,0,FALSE
"FGLBJAKE_01460",17.6666666666667,8,15,176.383277534095,97.3579486680216,148.237944960898,TRUE
"FGLBJAKE_01461",0,84.6666666666667,2,0,1030.37162340323,19.7650593281198,TRUE
"FGLBJAKE_01462",0,0,0,0,0,0,FALSE
"FGLBJAKE_01463",0,0,0,0,0,0,FALSE
"FGLBJAKE_01464",0,0,0,0,0,0,FALSE
"FGLBJAKE_01465",0,0,0,0,0,0,FALSE
"FGLBJAKE_01466",0,0,0,0,0,0,FALSE
"FGLBJAKE_01467",50.3333333333333,46.3333333333333,0,502.525941653743,563.864786035625,0,TRUE
"FGLBJAKE_01468",0,0,0,0,0,0,FALSE
"FGLBJAKE_01469",0,0,0,0,0,0,FALSE
"FGLBJAKE_01470",0,0,0,0,0,0,FALSE
"FGLBJAKE_01471",13.6666666666667,6.33333333333333,49,136.447441111281,77.0750426955171,484.243953538934,TRUE
"FGLBJAKE_01472",0,0,0,0,0,0,FALSE
"FGLBJAKE_01473",76.3333333333333,49.3333333333333,46,762.108878402034,600.374016786133,454.596364546754,TRUE
"FGLBJAKE_01474",0,0,0,0,0,0,FALSE
"FGLBJAKE_01475",22,11.3333333333333,45,219.647100325477,137.923760613031,444.713834882694,TRUE
"FGLBJAKE_01476",0,0,0,0,0,0,FALSE
"FGLBJAKE_01477",0,0,0,0,0,0,FALSE
"FGLBJAKE_01478",0,0,0,0,0,0,FALSE
"FGLBJAKE_01479",0,0,0,0,0,0,FALSE
"FGLBJAKE_01480",0,0,0,0,0,0,FALSE
"FGLBJAKE_01481",0,1.66666666666667,0,0,20.2829059725045,0,TRUE
"FGLBJAKE_01482",0,0,0,0,0,0,FALSE
"FGLBJAKE_01483",0,0,0,0,0,0,FALSE
"FGLBJAKE_01484",2,0,0,19.967918211407,0,0,TRUE
"FGLBJAKE_01485",0,0,0,0,0,0,FALSE
"FGLBJAKE_01486",0,0,0,0,0,0,FALSE
"FGLBJAKE_01487",0,0,0,0,0,0,FALSE
"FGLBJAKE_01488",0,0,0,0,0,0,FALSE
"FGLBJAKE_01489",61.6666666666667,60.6666666666667,86,615.677478185049,738.297777399164,849.897551109149,TRUE
"FGLBJAKE_01490",0,0,0,0,0,0,FALSE
"FGLBJAKE_01491",0,0,0,0,0,0,FALSE
"FGLBJAKE_01492",0,0,0,0,0,0,FALSE
"FGLBJAKE_01493",0,0,0,0,0,0,FALSE
"FGLBJAKE_01494",0,0,0,0,0,0,FALSE
"FGLBJAKE_01495",0,0,0,0,0,0,FALSE
"FGLBJAKE_01496",0,0,0,0,0,0,FALSE
"FGLBJAKE_01497",0,0,0,0,0,0,FALSE
"FGLBJAKE_01498",0,0,0,0,0,0,FALSE
"FGLBJAKE_01499",0,0,0,0,0,0,FALSE
"FGLBJAKE_01500",0,0,0,0,0,0,FALSE
"FGLBJAKE_01501",0,0,0,0,0,0,FALSE
"FGLBJAKE_01502",0,0,0,0,0,0,FALSE
"FGLBJAKE_01503",6,3,9.66666666666667,59.903754634221,36.5092307505081,95.5311200859121,TRUE
"FGLBJAKE_01504",0,0,0,0,0,0,FALSE
"FGLBJAKE_01505",0,0,0,0,0,0,FALSE
"FGLBJAKE_01506",0,0,0,0,0,0,FALSE
"FGLBJAKE_01507",42.6666666666667,46.6666666666667,59,425.982255176683,567.921367230126,583.069250179533,TRUE
"FGLBJAKE_01508",0,0,0,0,0,0,FALSE
"FGLBJAKE_01509",0,0,0,0,0,0,FALSE
"FGLBJAKE_01510",1.33333333333333,2.66666666666667,0,13.3119454742713,32.4526495560072,0,TRUE
"FGLBJAKE_01511",0,0,0,0,0,0,FALSE
"FGLBJAKE_01512",0,0,0,0,0,0,FALSE
"FGLBJAKE_01513",109,71.6666666666667,37.6666666666667,1088.25154252168,872.164956817693,372.241950679589,TRUE
"FGLBJAKE_01514",50.6666666666667,0,30.6666666666667,505.853928022311,0,303.064243031169,TRUE
"FGLBJAKE_01515",0,0,0,0,0,0,FALSE
"FGLBJAKE_01516",0,0,0,0,0,0,FALSE
"FGLBJAKE_01517",0,0,0,0,0,0,FALSE
"FGLBJAKE_01518",0,0,0,0,0,0,FALSE
"FGLBJAKE_01519",16.3333333333333,0,7,163.071332059824,0,69.1777076484191,TRUE
"FGLBJAKE_01520",0,0,0,0,0,0,FALSE
"FGLBJAKE_01521",0,0,0,0,0,0,FALSE
"FGLBJAKE_01522",0,0,0,0,0,0,FALSE
"FGLBJAKE_01523",0,0,0,0,0,0,FALSE
"FGLBJAKE_01524",0,0,0,0,0,0,FALSE
"FGLBJAKE_01525",0,0,0,0,0,0,FALSE
"FGLBJAKE_01526",0,0,0,0,0,0,FALSE
"FGLBJAKE_01527",0,0,0,0,0,0,FALSE
"FGLBJAKE_01528",0,0,0,0,0,0,FALSE
"FGLBJAKE_01529",0,0,0,0,0,0,FALSE
"FGLBJAKE_01530",0,0,0,0,0,0,FALSE
"FGLBJAKE_01531",34,0,13,339.454609593919,0,128.472885632778,TRUE
"FGLBJAKE_01532",0,11.6666666666667,0,0,141.980341807531,0,TRUE
"FGLBJAKE_01533",11.6666666666667,0,2.33333333333333,116.479522899874,0,23.0592358828064,TRUE
"FGLBJAKE_01534",0,0,0,0,0,0,FALSE
"FGLBJAKE_01535",82,30.6666666666667,68.6666666666667,818.684646667687,373.205469894083,678.600370265445,TRUE
"FGLBJAKE_01536",0,0,0,0,0,0,FALSE
"FGLBJAKE_01537",0,0,0,0,0,0,FALSE
"FGLBJAKE_01538",0,0,0,0,0,0,FALSE
"FGLBJAKE_01539",0,0,0,0,0,0,FALSE
"FGLBJAKE_01540",0,0,0,0,0,0,FALSE
"FGLBJAKE_01541",423.666666666667,742,567.666666666667,4229.87067444972,9029.949738959,5609.98267263132,TRUE
"FGLBJAKE_01542",15.6666666666667,24.6666666666667,15.3333333333333,156.415359322688,300.187008393066,151.532121515585,TRUE
"FGLBJAKE_01543",0,0,0,0,0,0,FALSE
"FGLBJAKE_01544",0,31,56.6666666666667,0,377.262051088584,560.010014296726,TRUE
"FGLBJAKE_01545",0,0,0,0,0,0,FALSE
"FGLBJAKE_01546",0,0,0,0,0,0,FALSE
"FGLBJAKE_01547",102.333333333333,1.33333333333333,0,1021.69181515032,16.2263247780036,0,TRUE
"FGLBJAKE_01548",0,0,0,0,0,0,FALSE
"FGLBJAKE_01549",0,0,0,0,0,0,FALSE
"FGLBJAKE_01550",0,0,0,0,0,0,FALSE
"FGLBJAKE_01551",23.3333333333333,17,72.6666666666667,232.959045799748,206.885640919546,718.130488921684,TRUE
"FGLBJAKE_01552",0,0,0,0,0,0,FALSE
"FGLBJAKE_01553",0,12.6666666666667,0,0,154.150085391034,0,TRUE
"FGLBJAKE_01554",0,0,0,0,0,0,FALSE
"FGLBJAKE_01555",0,0,0,0,0,0,FALSE
"FGLBJAKE_01556",0,0,0,0,0,0,FALSE
"FGLBJAKE_01557",0,2,0.666666666666667,0,24.3394871670054,6.58835310937325,TRUE
"FGLBJAKE_01558",0,0,4,0,0,39.5301186562395,TRUE
"FGLBJAKE_01559",0,0,0,0,0,0,FALSE
"FGLBJAKE_01560",0,0,0,0,0,0,FALSE
"FGLBJAKE_01561",41,120.333333333333,0.333333333333333,409.342323333844,1464.42581121482,3.29417655468662,TRUE
"FGLBJAKE_01562",0,0,15.3333333333333,0,0,151.532121515585,TRUE
"FGLBJAKE_01563",0,0,0,0,0,0,FALSE
"FGLBJAKE_01564",0,4,0,0,48.6789743340108,0,TRUE
"FGLBJAKE_01565",0,0,0,0,0,0,FALSE
"FGLBJAKE_01566",0,0,0,0,0,0,FALSE
"FGLBJAKE_01567",0,0,0,0,0,0,FALSE
"FGLBJAKE_01568",0,0,0,0,0,0,FALSE
"FGLBJAKE_01569",0,0,0,0,0,0,FALSE
"FGLBJAKE_01570",0,0,0,0,0,0,FALSE
"FGLBJAKE_01571",0,0,0,0,0,0,FALSE
"FGLBJAKE_01572",0,0,0,0,0,0,FALSE
"FGLBJAKE_01573",0,0,0,0,0,0,FALSE
"FGLBJAKE_01574",0,0,0,0,0,0,FALSE
"FGLBJAKE_01575",104.333333333333,33,58.3333333333333,1041.65973336173,401.601538255589,576.480897070159,TRUE
"FGLBJAKE_01576",22.3333333333333,79.6666666666667,54.3333333333333,222.975086694045,969.522905485715,536.95077841392,TRUE
"FGLBJAKE_01577",0,0,0,0,0,0,FALSE
"FGLBJAKE_01578",0,22,19,0,267.734358837059,187.768063617138,TRUE
"FGLBJAKE_01579",0,0,0,0,0,0,FALSE
"FGLBJAKE_01580",0,0,0,0,0,0,FALSE
"FGLBJAKE_01581",73.3333333333333,19.6666666666667,17,732.157001084924,239.338290475553,168.003004289018,TRUE
"FGLBJAKE_01582",0,0,0,0,0,0,FALSE
"FGLBJAKE_01583",0,0,0,0,0,0,FALSE
"FGLBJAKE_01584",0,0,0,0,0,0,FALSE
"FGLBJAKE_01585",0,0,0,0,0,0,FALSE
"FGLBJAKE_01586",0,0,0,0,0,0,FALSE
"FGLBJAKE_01587",0,0,0,0,0,0,FALSE
"FGLBJAKE_01588",0,0,0,0,0,0,FALSE
"FGLBJAKE_01589",0.666666666666667,1,0.333333333333333,6.65597273713567,12.1697435835027,3.29417655468662,TRUE
"FGLBJAKE_01590",0,0,0,0,0,0,FALSE
"FGLBJAKE_01591",0,0,0,0,0,0,FALSE
"FGLBJAKE_01592",0,0,0,0,0,0,FALSE
"FGLBJAKE_01593",0,0,0,0,0,0,FALSE
"FGLBJAKE_01594",1,2,0.666666666666667,9.9839591057035,24.3394871670054,6.58835310937325,TRUE
"FGLBJAKE_01595",0,0,0,0,0,0,FALSE
"FGLBJAKE_01596",0,0,0,0,0,0,FALSE
"FGLBJAKE_01597",0,0,0,0,0,0,FALSE
"FGLBJAKE_01598",0,0,0,0,0,0,FALSE
"FGLBJAKE_01599",0,0,0,0,0,0,FALSE
"FGLBJAKE_01600",0,0,0,0,0,0,FALSE
"FGLBJAKE_01601",0,0,0,0,0,0,FALSE
"FGLBJAKE_01602",0,0,0,0,0,0,FALSE
"FGLBJAKE_01603",0,0,0,0,0,0,FALSE
"FGLBJAKE_01604",0,0,0,0,0,0,FALSE
"FGLBJAKE_01605",0,0,0,0,0,0,FALSE
"FGLBJAKE_01606",0,0,0,0,0,0,FALSE
"FGLBJAKE_01607",0,0,0,0,0,0,FALSE
"FGLBJAKE_01608",0,0,0,0,0,0,FALSE
"FGLBJAKE_01609",0,0,0,0,0,0,FALSE
"FGLBJAKE_01610",0,0,0,0,0,0,FALSE
"FGLBJAKE_01611",0,0,0,0,0,0,FALSE
"FGLBJAKE_01612",0,0,0,0,0,0,FALSE
"FGLBJAKE_01613",0,0,0,0,0,0,FALSE
"FGLBJAKE_01614",0,0,0,0,0,0,FALSE
"FGLBJAKE_01615",0,0,0,0,0,0,FALSE
"FGLBJAKE_01616",0,0,0,0,0,0,FALSE
"FGLBJAKE_01617",0,0,0,0,0,0,FALSE
"FGLBJAKE_01618",0,0,0,0,0,0,FALSE
"FGLBJAKE_01619",0,0,0,0,0,0,FALSE
"FGLBJAKE_01620",0,0,0,0,0,0,FALSE
"FGLBJAKE_01621",0,0,0,0,0,0,FALSE
"FGLBJAKE_01622",0,0,0,0,0,0,FALSE
"FGLBJAKE_01623",38,23.3333333333333,0,379.390446016733,283.960683615063,0,TRUE
"FGLBJAKE_01624",0,0,0,0,0,0,FALSE
"FGLBJAKE_01625",0,0,0,0,0,0,FALSE
"FGLBJAKE_01626",0,0,0,0,0,0,FALSE
"FGLBJAKE_01627",0,0,0,0,0,0,FALSE
"FGLBJAKE_01628",258.666666666667,150.333333333333,240.666666666667,2582.51742200864,1829.51811871991,2378.39547248374,TRUE
"FGLBJAKE_01629",374.666666666667,206,421,3740.65667827025,2506.96717820156,4160.54498856921,TRUE
"FGLBJAKE_01630",0,0,0,0,0,0,FALSE
"FGLBJAKE_01631",0,0,0,0,0,0,FALSE
"FGLBJAKE_01632",0,0,0,0,0,0,FALSE
"FGLBJAKE_01633",90.6666666666667,52.6666666666667,33.3333333333333,905.212292250451,640.939828731142,329.417655468663,TRUE
"FGLBJAKE_01634",0,76.3333333333333,0,0,928.957093540706,0,TRUE
"FGLBJAKE_01635",0,0,0,0,0,0,FALSE
"FGLBJAKE_01636",0,0,0,0,0,0,FALSE
"FGLBJAKE_01637",399.333333333333,456,240.666666666667,3986.92766954426,5549.40307407723,2378.39547248374,TRUE
"FGLBJAKE_01638",0,0,0,0,0,0,FALSE
"FGLBJAKE_01639",0,0,0,0,0,0,FALSE
"FGLBJAKE_01640",0,0,0,0,0,0,FALSE
"FGLBJAKE_01641",0,0,0,0,0,0,FALSE
"FGLBJAKE_01642",0,0,0,0,0,0,FALSE
"FGLBJAKE_01643",0,0,0,0,0,0,FALSE
"FGLBJAKE_01644",252,123,404.333333333333,2515.95769463728,1496.87846077083,3995.83616083488,TRUE
"FGLBJAKE_01645",0,0,0,0,0,0,FALSE
"FGLBJAKE_01646",0.666666666666667,0,0,6.65597273713567,0,0,TRUE
"FGLBJAKE_01647",0,0,0,0,0,0,FALSE
"FGLBJAKE_01648",38.6666666666667,148.666666666667,22.6666666666667,386.046418753869,1809.2352127474,224.004005718691,TRUE
"FGLBJAKE_01649",0,0,0,0,0,0,FALSE
"FGLBJAKE_01650",0,12,0,0,146.036923002032,0,TRUE
"FGLBJAKE_01651",0,0,0,0,0,0,FALSE
"FGLBJAKE_01652",0,0,0,0,0,0,FALSE
"FGLBJAKE_01653",0,0,0,0,0,0,FALSE
"FGLBJAKE_01654",0,0,0,0,0,0,FALSE
"FGLBJAKE_01655",0,0,0,0,0,0,FALSE
"FGLBJAKE_01656",0,0.666666666666667,2.66666666666667,0,8.1131623890018,26.353412437493,TRUE
"FGLBJAKE_01657",0,0,0,0,0,0,FALSE
"FGLBJAKE_01658",43.6666666666667,0,0,435.966214282386,0,0,TRUE
"FGLBJAKE_01659",0,11,40.6666666666667,0,133.86717941853,401.889539671768,TRUE
"FGLBJAKE_01660",0,0,0.333333333333333,0,0,3.29417655468662,TRUE
"FGLBJAKE_01661",0,0,0,0,0,0,FALSE
"FGLBJAKE_01662",0,0,0,0,0,0,FALSE
"FGLBJAKE_01663",0,0,5.33333333333333,0,0,52.706824874986,TRUE
"FGLBJAKE_01664",0,24,11,0,292.073846004065,108.707826304659,TRUE
"FGLBJAKE_01665",0,0,0,0,0,0,FALSE
"FGLBJAKE_01666",0,0,0,0,0,0,FALSE
"FGLBJAKE_01667",0,0,0,0,0,0,FALSE
"FGLBJAKE_01668",9.33333333333333,0,0,93.1836183198994,0,0,TRUE
"FGLBJAKE_01669",0,0,0,0,0,0,FALSE
"FGLBJAKE_01670",0,0,0,0,0,0,FALSE
"FGLBJAKE_01671",0.666666666666667,0,0,6.65597273713567,0,0,TRUE
"FGLBJAKE_01672",73,67.3333333333333,41.3333333333333,728.829014716356,819.429401289181,408.477892781142,TRUE
"FGLBJAKE_01673",0,6.33333333333333,0.333333333333333,0,77.0750426955171,3.29417655468662,TRUE
"FGLBJAKE_01674",795.333333333333,476.666666666667,611.333333333333,7940.57547540285,5800.91110813629,6041.51980129527,TRUE
"FGLBJAKE_01675",0,0,0,0,0,0,FALSE
"FGLBJAKE_01676",40.6666666666667,0,0,406.014336965276,0,0,TRUE
"FGLBJAKE_01677",0,0,0,0,0,0,FALSE
"FGLBJAKE_01678",144.333333333333,123,140.333333333333,1441.01809758987,1496.87846077083,1386.84832952307,TRUE
"FGLBJAKE_01679",0,2.66666666666667,2.66666666666667,0,32.4526495560072,26.353412437493,TRUE
"FGLBJAKE_01680",22.6666666666667,7.66666666666667,82.3333333333333,226.303073062613,93.3013674735207,813.661609007596,TRUE
"FGLBJAKE_01681",38.3333333333333,131.666666666667,60.3333333333333,382.718432385301,1602.34957182786,596.245956398279,TRUE
"FGLBJAKE_01682",0,0,0,0,0,0,FALSE
"FGLBJAKE_01683",0,12.6666666666667,0,0,154.150085391034,0,TRUE
"FGLBJAKE_01684",0,30.6666666666667,33.3333333333333,0,373.205469894083,329.417655468663,TRUE
"FGLBJAKE_01685",0,10,0,0,121.697435835027,0,TRUE
"FGLBJAKE_01686",12,12.6666666666667,0,119.807509268442,154.150085391034,0,TRUE
"FGLBJAKE_01687",0,0.333333333333333,0,0,4.0565811945009,0,TRUE
"FGLBJAKE_01688",3,7.33333333333333,3,29.9518773171105,89.2447862790198,29.6475889921796,TRUE
"FGLBJAKE_01689",0,0,0,0,0,0,FALSE
"FGLBJAKE_01690",18.6666666666667,6.33333333333333,3,186.367236639799,77.0750426955171,29.6475889921796,TRUE
"FGLBJAKE_01691",0,0,0,0,0,0,FALSE
"FGLBJAKE_01692",0,0,0,0,0,0,FALSE
"FGLBJAKE_01693",0,0,0,0,0,0,FALSE
"FGLBJAKE_01694",0,0,0.666666666666667,0,0,6.58835310937325,TRUE
"FGLBJAKE_01695",25,11.6666666666667,18.6666666666667,249.598977642588,141.980341807531,184.473887062451,TRUE
"FGLBJAKE_01696",0,0,0,0,0,0,FALSE
"FGLBJAKE_01697",348.666666666667,189,337.333333333333,3481.07374152195,2300.08153728201,3333.70667334286,TRUE
"FGLBJAKE_01698",14.6666666666667,16.3333333333333,10.6666666666667,146.431400216985,198.772478530544,105.413649749972,TRUE
"FGLBJAKE_01699",0,0,12.3333333333333,0,0,121.884532523405,TRUE
"FGLBJAKE_01700",0,0,0,0,0,0,FALSE
"FGLBJAKE_01701",0,0,19.3333333333333,0,0,191.062240171824,TRUE
"FGLBJAKE_01702",38.6666666666667,25.3333333333333,62.3333333333333,386.046418753869,308.300170782068,616.011015726399,TRUE
"FGLBJAKE_01703",0,8.66666666666667,0,0,105.471111057023,0,TRUE
"FGLBJAKE_01704",14.6666666666667,0,15,146.431400216985,0,148.237944960898,TRUE
"FGLBJAKE_01705",0,0,0,0,0,0,FALSE
"FGLBJAKE_01715",0,0,0,0,0,0,FALSE
"FGLBJAKE_01716",0,0,0,0,0,0,FALSE
"FGLBJAKE_01717",0,0,0,0,0,0,FALSE
"FGLBJAKE_01718",6,0,1.33333333333333,59.903754634221,0,13.1767062187465,TRUE
"FGLBJAKE_01719",0,0,0,0,0,0,FALSE
"FGLBJAKE_01720",0,0,0,0,0,0,FALSE
"FGLBJAKE_01721",0,0,0,0,0,0,FALSE
"FGLBJAKE_01722",0,0,0,0,0,0,FALSE
"FGLBJAKE_01723",0,0,0,0,0,0,FALSE
"FGLBJAKE_01724",0,0,0,0,0,0,FALSE
"FGLBJAKE_01725",0,0,28,0,0,276.710830593676,TRUE
"FGLBJAKE_01726",0,0,0,0,0,0,FALSE
"FGLBJAKE_01727",0,0,0,0,0,0,FALSE
"FGLBJAKE_01728",0,0,0,0,0,0,FALSE
"FGLBJAKE_01729",6.33333333333333,3.66666666666667,20.6666666666667,63.2317410027889,44.6223931395099,204.238946390571,TRUE
"FGLBJAKE_01730",0,0,18.3333333333333,0,0,181.179710507764,TRUE
"FGLBJAKE_01731",0,0,0,0,0,0,FALSE
"FGLBJAKE_01732",0,0,0,0,0,0,FALSE
"FGLBJAKE_01733",0,0,0,0,0,0,FALSE
"FGLBJAKE_01734",0,0,0,0,0,0,FALSE
"FGLBJAKE_01735",0,0,0,0,0,0,FALSE
"FGLBJAKE_01736",0,0,0,0,0,0,FALSE
"FGLBJAKE_01737",0,0.333333333333333,0,0,4.0565811945009,0,TRUE
"FGLBJAKE_01738",0,0,0,0,0,0,FALSE
"FGLBJAKE_01739",0,0,15.3333333333333,0,0,151.532121515585,TRUE
"FGLBJAKE_01740",0,0,0,0,0,0,FALSE
"FGLBJAKE_01741",0,0,0,0,0,0,FALSE
"FGLBJAKE_01742",0,0,0,0,0,0,FALSE
"FGLBJAKE_01743",0,0,0,0,0,0,FALSE
"FGLBJAKE_01744",0.666666666666667,7,0,6.65597273713567,85.1882050845189,0,TRUE
"FGLBJAKE_01745",0,0,0,0,0,0,FALSE
"FGLBJAKE_01746",0,0,0.333333333333333,0,0,3.29417655468662,TRUE
"FGLBJAKE_01747",55.3333333333333,8.66666666666667,92.3333333333333,552.44573718226,105.471111057023,912.486905648195,TRUE
"FGLBJAKE_01748",14.3333333333333,23,49.3333333333333,143.103413848417,279.904102420562,487.53813009362,TRUE
"FGLBJAKE_01749",3.66666666666667,0,0,36.6078500542462,0,0,TRUE
"FGLBJAKE_01750",0,0,0,0,0,0,FALSE
"FGLBJAKE_01751",0,4.33333333333333,0,0,52.7355555285117,0,TRUE
"FGLBJAKE_01752",0,0,0,0,0,0,FALSE
"FGLBJAKE_01753",0,0,0,0,0,0,FALSE
"FGLBJAKE_01754",0,0,0,0,0,0,FALSE
"FGLBJAKE_01755",21,26.6666666666667,42.3333333333333,209.663141219774,324.526495560072,418.360422445201,TRUE
"FGLBJAKE_01756",0,0,0,0,0,0,FALSE
"FGLBJAKE_01757",0,16,132.666666666667,0,194.715897336043,1311.08226876528,TRUE
"FGLBJAKE_01758",0,0,0,0,0,0,FALSE
"FGLBJAKE_01759",0,0,0,0,0,0,FALSE
"FGLBJAKE_01760",0,0,0,0,0,0,FALSE
"FGLBJAKE_01761",55,15,24,549.117750813693,182.54615375254,237.180711937437,TRUE
"FGLBJAKE_01762",0,0,0,0,0,0,FALSE
"FGLBJAKE_01763",0,0,0,0,0,0,FALSE
"FGLBJAKE_01764",0,0,0,0,0,0,FALSE
"FGLBJAKE_01765",28.3333333333333,30.3333333333333,38.6666666666667,282.878841328266,369.148888699582,382.124480343648,TRUE
"FGLBJAKE_01766",0,0,0,0,0,0,FALSE
"FGLBJAKE_01767",81.6666666666667,71,125,815.356660299119,864.051794428691,1235.31620800748,TRUE
"FGLBJAKE_01768",0,0,0,0,0,0,FALSE
"FGLBJAKE_01769",0,0,0,0,0,0,FALSE
"FGLBJAKE_01770",0,0,0,0,0,0,FALSE
"FGLBJAKE_01771",0,0,0,0,0,0,FALSE
"FGLBJAKE_01772",0,0,0,0,0,0,FALSE
"FGLBJAKE_01773",850,1349.66666666667,896.666666666667,8486.36523984798,16425.0972565341,8861.33493210702,TRUE
"FGLBJAKE_01774",118,162.666666666667,99.3333333333333,1178.10717447301,1979.61162291644,981.664613296614,TRUE
"FGLBJAKE_01775",0,0,0,0,0,0,FALSE
"FGLBJAKE_01776",0,0,0,0,0,0,FALSE
"FGLBJAKE_01777",2,0,0,19.967918211407,0,0,TRUE
"FGLBJAKE_01778",0,0,0,0,0,0,FALSE
"FGLBJAKE_01779",0,0,0,0,0,0,FALSE
"FGLBJAKE_01780",0,0,0,0,0,0,FALSE
"FGLBJAKE_01781",1.66666666666667,0.333333333333333,2.66666666666667,16.6399318428392,4.0565811945009,26.353412437493,TRUE
"FGLBJAKE_01782",0,0,0,0,0,0,FALSE
"FGLBJAKE_01783",0,0,0,0,0,0,FALSE
"FGLBJAKE_01784",0,0,0,0,0,0,FALSE
"FGLBJAKE_01785",0,0,0,0,0,0,FALSE
"FGLBJAKE_01786",0,0,0,0,0,0,FALSE
"FGLBJAKE_01787",0,0,0,0,0,0,FALSE
"FGLBJAKE_01788",0,0,0,0,0,0,FALSE
"FGLBJAKE_01789",0,0,0,0,0,0,FALSE
"FGLBJAKE_01790",0,0,0,0,0,0,FALSE
"FGLBJAKE_01791",0,0,0,0,0,0,FALSE
"FGLBJAKE_01792",0,0,2.66666666666667,0,0,26.353412437493,TRUE
"FGLBJAKE_01793",0,0,0,0,0,0,FALSE
"FGLBJAKE_01794",0,1,0,0,12.1697435835027,0,TRUE
"FGLBJAKE_01795",0,0,0,0,0,0,FALSE
"FGLBJAKE_01796",0,0,0,0,0,0,FALSE
"FGLBJAKE_01797",0,0,0,0,0,0,FALSE
"FGLBJAKE_01798",0,0,0,0,0,0,FALSE
"FGLBJAKE_01799",0,0,0,0,0,0,FALSE
"FGLBJAKE_01800",0,0,0,0,0,0,FALSE
"FGLBJAKE_01801",0,0,0,0,0,0,FALSE
"FGLBJAKE_01802",0,0,0,0,0,0,FALSE
"FGLBJAKE_01803",0,0,0,0,0,0,FALSE
"FGLBJAKE_01804",0,0,0,0,0,0,FALSE
"FGLBJAKE_01805",0,0,0,0,0,0,FALSE
"FGLBJAKE_01806",0,0,0,0,0,0,FALSE
"FGLBJAKE_01807",0,0,0,0,0,0,FALSE
"FGLBJAKE_01808",0,0,0.666666666666667,0,0,6.58835310937325,TRUE
"FGLBJAKE_01809",0,0,0,0,0,0,FALSE
"FGLBJAKE_01810",0,0,0,0,0,0,FALSE
"FGLBJAKE_01811",0,0,0,0,0,0,FALSE
"FGLBJAKE_01812",0,0,0,0,0,0,FALSE
"FGLBJAKE_01813",0,0,0,0,0,0,FALSE
"FGLBJAKE_01814",0,0,0.333333333333333,0,0,3.29417655468662,TRUE
"FGLBJAKE_01815",0,0,0,0,0,0,FALSE
"FGLBJAKE_01816",0,2.66666666666667,0,0,32.4526495560072,0,TRUE
"FGLBJAKE_01817",0,0,0,0,0,0,FALSE
"FGLBJAKE_01818",0,0,0,0,0,0,FALSE
"FGLBJAKE_01819",0,0,0,0,0,0,FALSE
"FGLBJAKE_01820",21,120,187,209.663141219774,1460.36923002032,1848.0330471792,TRUE
"FGLBJAKE_01821",0,0,0,0,0,0,FALSE
"FGLBJAKE_01822",0,0,0,0,0,0,FALSE
"FGLBJAKE_01823",0,0,0,0,0,0,FALSE
"FGLBJAKE_01824",0,0,0,0,0,0,FALSE
"FGLBJAKE_01825",0,0,0,0,0,0,FALSE
"FGLBJAKE_01826",0,0,0,0,0,0,FALSE
"FGLBJAKE_01827",0,0,0,0,0,0,FALSE
"FGLBJAKE_01828",0,4.33333333333333,13.6666666666667,0,52.7355555285117,135.061238742152,TRUE
"FGLBJAKE_01829",0,0,0,0,0,0,FALSE
"FGLBJAKE_01830",0,0,0,0,0,0,FALSE
"FGLBJAKE_01831",0,0,0,0,0,0,FALSE
"FGLBJAKE_01832",0,0,0,0,0,0,FALSE
"FGLBJAKE_01833",0,8.33333333333333,0,0,101.414529862522,0,TRUE
"FGLBJAKE_01834",0,0,0,0,0,0,FALSE
"FGLBJAKE_01835",0,0,0,0,0,0,FALSE
"FGLBJAKE_01836",0,4.33333333333333,0.666666666666667,0,52.7355555285117,6.58835310937325,TRUE
"FGLBJAKE_01837",0,0,0,0,0,0,FALSE
"FGLBJAKE_01838",0,12.6666666666667,10,0,154.150085391034,98.8252966405987,TRUE
"FGLBJAKE_01839",97.6666666666667,0.333333333333333,22.6666666666667,975.100005990375,4.0565811945009,224.004005718691,TRUE
"FGLBJAKE_01840",257,204,366.666666666667,2565.8774901658,2482.62769103455,3623.59421015529,TRUE
"FGLBJAKE_01841",0,0,0,0,0,0,FALSE
"FGLBJAKE_01842",0.666666666666667,0,0,6.65597273713567,0,0,TRUE
"FGLBJAKE_01843",186.333333333333,64,193,1860.34438002942,778.863589344173,1907.32822516356,TRUE
"FGLBJAKE_01844",0,0,0,0,0,0,FALSE
"FGLBJAKE_01845",26.3333333333333,0,6,262.910923116859,0,59.2951779843592,TRUE
"FGLBJAKE_01846",38,0,21,379.390446016733,0,207.533122945257,TRUE
"FGLBJAKE_01847",84.3333333333333,19,36,841.980551247662,231.225128086551,355.771067906155,TRUE
"FGLBJAKE_01848",0,0,0,0,0,0,FALSE
"FGLBJAKE_01849",0,0,0,0,0,0,FALSE
"FGLBJAKE_01850",53,1.66666666666667,15.6666666666667,529.149832602286,20.2829059725045,154.826298070271,TRUE
"FGLBJAKE_01851",0,0,0,0,0,0,FALSE
"FGLBJAKE_01852",0,0,0,0,0,0,FALSE
"FGLBJAKE_01853",0,0,0,0,0,0,FALSE
"FGLBJAKE_01854",0,0,0,0,0,0,FALSE
"FGLBJAKE_01855",45.6666666666667,24,28.3333333333333,455.934132493793,292.073846004065,280.005007148363,TRUE
"FGLBJAKE_01856",483.666666666667,429.666666666667,532,4828.90822079193,5228.93315971166,5257.50578127985,TRUE
"FGLBJAKE_01857",0,0,0,0,0,0,FALSE
"FGLBJAKE_01858",23.3333333333333,4,10.3333333333333,232.959045799748,48.6789743340108,102.119473195285,TRUE
"FGLBJAKE_01859",52.3333333333333,28,49.3333333333333,522.49385986515,340.752820338075,487.53813009362,TRUE
"FGLBJAKE_01860",0,0,0,0,0,0,FALSE
"FGLBJAKE_01861",0,0,0,0,0,0,FALSE
"FGLBJAKE_01862",0,0,0,0,0,0,FALSE
"FGLBJAKE_01863",0,0,0,0,0,0,FALSE
"FGLBJAKE_01864",1,0.666666666666667,0.333333333333333,9.9839591057035,8.1131623890018,3.29417655468662,TRUE
"FGLBJAKE_01865",0,0,0,0,0,0,FALSE
"FGLBJAKE_01866",0,0,1,0,0,9.88252966405988,TRUE
"FGLBJAKE_01867",0,0,0,0,0,0,FALSE
"FGLBJAKE_01868",1386.66666666667,452.666666666667,613.666666666667,13844.4232932422,5508.83726213222,6064.57903717808,TRUE
"FGLBJAKE_01869",0.333333333333333,0,0.333333333333333,3.32798636856783,0,3.29417655468662,TRUE
"FGLBJAKE_01870",46.6666666666667,10.6666666666667,28.6666666666667,465.918091599497,129.810598224029,283.29918370305,TRUE
"FGLBJAKE_01871",17.6666666666667,0,0,176.383277534095,0,0,TRUE
"FGLBJAKE_01872",0,0,0,0,0,0,FALSE
"FGLBJAKE_01873",0,0,0,0,0,0,FALSE
"FGLBJAKE_01874",0,66.6666666666667,0,0,811.31623890018,0,TRUE
"FGLBJAKE_01875",276.666666666667,89.3333333333333,262.333333333333,2762.2286859113,1087.16376012624,2592.51694853837,TRUE
"FGLBJAKE_01876",0,0,0,0,0,0,FALSE
"FGLBJAKE_01877",0,0,0,0,0,0,FALSE
"FGLBJAKE_01878",4.66666666666667,8.66666666666667,15,46.5918091599497,105.471111057023,148.237944960898,TRUE
"FGLBJAKE_01879",0,0,0,0,0,0,FALSE
"FGLBJAKE_01880",0,0,0,0,0,0,FALSE
"FGLBJAKE_01881",0,0,0,0,0,0,FALSE
"FGLBJAKE_01882",0,0,0,0,0,0,FALSE
"FGLBJAKE_01883",0,24,0,0,292.073846004065,0,TRUE
"FGLBJAKE_01884",0,0.333333333333333,0,0,4.0565811945009,0,TRUE
"FGLBJAKE_01885",22.6666666666667,0,0,226.303073062613,0,0,TRUE
"FGLBJAKE_01886",0,0,0,0,0,0,FALSE
"FGLBJAKE_01887",125,82,12.6666666666667,1247.99488821294,997.918973847221,125.178709078092,TRUE
"FGLBJAKE_01888",0,0,0,0,0,0,FALSE
"FGLBJAKE_01889",0.333333333333333,16,0.666666666666667,3.32798636856783,194.715897336043,6.58835310937325,TRUE
"FGLBJAKE_01890",0,0,0,0,0,0,FALSE
"FGLBJAKE_01891",0,0,0,0,0,0,FALSE
"FGLBJAKE_01892",0,0,0,0,0,0,FALSE
"FGLBJAKE_01893",0,0,0,0,0,0,FALSE
"FGLBJAKE_01894",0,0,20.3333333333333,0,0,200.944769835884,TRUE
"FGLBJAKE_01895",0,0,0,0,0,0,FALSE
"FGLBJAKE_01896",0,0,0,0,0,0,FALSE
"FGLBJAKE_01897",0,52.6666666666667,38.6666666666667,0,640.939828731142,382.124480343648,TRUE
"FGLBJAKE_01898",0,0,0,0,0,0,FALSE
"FGLBJAKE_01899",0,0,0,0,0,0,FALSE
"FGLBJAKE_01900",0,0,0,0,0,0,FALSE
"FGLBJAKE_01901",174.666666666667,11.6666666666667,142.333333333333,1743.86485712955,141.980341807531,1406.61338885119,TRUE
"FGLBJAKE_01902",0,0,0,0,0,0,FALSE
"FGLBJAKE_01903",0,0,0.333333333333333,0,0,3.29417655468662,TRUE
"FGLBJAKE_01904",0,0,0,0,0,0,FALSE
"FGLBJAKE_01905",90,0.333333333333333,10,898.556319513315,4.0565811945009,98.8252966405987,TRUE
"FGLBJAKE_01906",30.3333333333333,69.3333333333333,39,302.846759539673,843.768888456187,385.418656898335,TRUE
"FGLBJAKE_01907",0,4,1,0,48.6789743340108,9.88252966405988,TRUE
"FGLBJAKE_01908",0,0,0,0,0,0,FALSE
"FGLBJAKE_01909",0,0,0,0,0,0,FALSE
"FGLBJAKE_01910",0,0,0,0,0,0,FALSE
"FGLBJAKE_01911",0,0,0,0,0,0,FALSE
"FGLBJAKE_01912",0,0,0,0,0,0,FALSE
"FGLBJAKE_01913",15.6666666666667,11.3333333333333,10.6666666666667,156.415359322688,137.923760613031,105.413649749972,TRUE
"FGLBJAKE_01914",0,0,0,0,0,0,FALSE
"FGLBJAKE_01915",138.666666666667,74.3333333333333,116,1384.44232932422,904.6176063737,1146.37344103095,TRUE
"FGLBJAKE_01916",0,0,0,0,0,0,FALSE
"FGLBJAKE_01917",25,6,20,249.598977642588,73.0184615010162,197.650593281197,TRUE
"FGLBJAKE_01918",0,0,0,0,0,0,FALSE
"FGLBJAKE_01919",0,0,0,0,0,0,FALSE
"FGLBJAKE_01920",0,0,0,0,0,0,FALSE
"FGLBJAKE_01921",0,0.333333333333333,0,0,4.0565811945009,0,TRUE
"FGLBJAKE_01922",0.666666666666667,0,0,6.65597273713567,0,0,TRUE
"FGLBJAKE_01923",0,0,0,0,0,0,FALSE
"FGLBJAKE_01924",119.333333333333,86,40.6666666666667,1191.41911994728,1046.59794818123,401.889539671768,TRUE
"FGLBJAKE_01925",0,0,0,0,0,0,FALSE
"FGLBJAKE_01926",0,0,0,0,0,0,FALSE
"FGLBJAKE_01927",0,0,0,0,0,0,FALSE
"FGLBJAKE_01928",0,0,0,0,0,0,FALSE
"FGLBJAKE_01929",0,0,0,0,0,0,FALSE
"FGLBJAKE_01930",21.6666666666667,0,0,216.319113956909,0,0,TRUE
"FGLBJAKE_01931",116.666666666667,66.6666666666667,106.666666666667,1164.79522899874,811.31623890018,1054.13649749972,TRUE
"FGLBJAKE_01932",0,0,0,0,0,0,FALSE
"FGLBJAKE_01933",182.666666666667,186.666666666667,120,1823.73652997517,2271.6854689205,1185.90355968718,TRUE
"FGLBJAKE_01934",0,13.6666666666667,16,0,166.319828974537,158.120474624958,TRUE
"FGLBJAKE_01935",0,0,0,0,0,0,FALSE
"FGLBJAKE_01936",22.3333333333333,1,17,222.975086694045,12.1697435835027,168.003004289018,TRUE
"FGLBJAKE_01937",0,0,0,0,0,0,FALSE
"FGLBJAKE_01938",0,0,0,0,0,0,FALSE
"FGLBJAKE_01939",0,0,0,0,0,0,FALSE
"FGLBJAKE_01940",0,0,0,0,0,0,FALSE
"FGLBJAKE_01941",106.666666666667,58.3333333333333,15.6666666666667,1064.95563794171,709.901709037657,154.826298070271,TRUE
"FGLBJAKE_01942",0,0,0,0,0,0,FALSE
"FGLBJAKE_01943",0,0,0,0,0,0,FALSE
"FGLBJAKE_01944",65.6666666666667,108.333333333333,112,655.613314607863,1318.38888821279,1106.84332237471,TRUE
"FGLBJAKE_01945",71,87.3333333333333,205.333333333333,708.861096504949,1062.82427295924,2029.21275768696,TRUE
"FGLBJAKE_01946",0,0,0,0,0,0,FALSE
"FGLBJAKE_01947",0,0,12,0,0,118.590355968718,TRUE
"FGLBJAKE_01948",372.666666666667,274.333333333333,386.333333333333,3720.68876005884,3338.56632307424,3817.9506268818,TRUE
"FGLBJAKE_01949",0,0,0,0,0,0,FALSE
"FGLBJAKE_01950",98,32.3333333333333,99.3333333333333,978.427992358943,393.488375866587,981.664613296614,TRUE
"FGLBJAKE_01951",0,0,0,0,0,0,FALSE
"FGLBJAKE_01952",0,0,0,0,0,0,FALSE
"FGLBJAKE_01953",0,5.33333333333333,0,0,64.9052991120144,0,TRUE
"FGLBJAKE_01954",9.66666666666667,6.66666666666667,0,96.5116046884672,81.131623890018,0,TRUE
"FGLBJAKE_01955",0,0,0,0,0,0,FALSE
"FGLBJAKE_01956",0,0,0,0,0,0,FALSE
"FGLBJAKE_01957",0,0,0,0,0,0,FALSE
"FGLBJAKE_01958",0,0,0,0,0,0,FALSE
"FGLBJAKE_01959",0,0,0,0,0,0,FALSE
"FGLBJAKE_01960",136.333333333333,64.3333333333333,179.333333333333,1361.14642474424,782.920170538673,1772.2669864214,TRUE
"FGLBJAKE_01961",0,0,0,0,0,0,FALSE
"FGLBJAKE_01962",0,0,0,0,0,0,FALSE
"FGLBJAKE_01963",0,0,0,0,0,0,FALSE
"FGLBJAKE_01964",0,0,0,0,0,0,FALSE
"FGLBJAKE_01965",18.3333333333333,31,25.6666666666667,183.039250271231,377.262051088584,253.65159471087,TRUE
"FGLBJAKE_01966",9,8.33333333333333,29.6666666666667,89.8556319513315,101.414529862522,293.18171336711,TRUE
"FGLBJAKE_01967",0,0,0,0,0,0,FALSE
"FGLBJAKE_01968",12.6666666666667,102.666666666667,133.666666666667,126.463482005578,1249.42700790628,1320.96479842934,TRUE
"FGLBJAKE_01969",0,0,3.66666666666667,0,0,36.2359421015529,TRUE
"FGLBJAKE_01970",59.3333333333333,0.333333333333333,32.3333333333333,592.381573605074,4.0565811945009,319.535125804603,TRUE
"FGLBJAKE_01971",0,0,0,0,0,0,FALSE
"FGLBJAKE_01972",0,0,0,0,0,0,FALSE
"FGLBJAKE_01973",0,0,0,0,0,0,FALSE
"FGLBJAKE_01974",0,0,0,0,0,0,FALSE
"FGLBJAKE_01975",0,0,0,0,0,0,FALSE
"FGLBJAKE_01976",0,0,0,0,0,0,FALSE
"FGLBJAKE_01977",0,0,0,0,0,0,FALSE
"FGLBJAKE_01978",0,0,0,0,0,0,FALSE
"FGLBJAKE_01979",0,0,0,0,0,0,FALSE
"FGLBJAKE_01980",0,0,0,0,0,0,FALSE
"FGLBJAKE_01981",0,0,0,0,0,0,FALSE
"FGLBJAKE_01982",31.3333333333333,36.3333333333333,88.3333333333333,312.830718645376,442.167350200598,872.956786991956,TRUE
"FGLBJAKE_01983",0,0,0,0,0,0,FALSE
"FGLBJAKE_01984",0,0,0,0,0,0,FALSE
"FGLBJAKE_01985",0,0,0,0,0,0,FALSE
"FGLBJAKE_01986",0,0,0,0,0,0,FALSE
"FGLBJAKE_01987",42,159.666666666667,26,419.326282439547,1943.10239216593,256.945771265557,TRUE
"FGLBJAKE_01988",0,0,0,0,0,0,FALSE
"FGLBJAKE_01989",0,0,0,0,0,0,FALSE
"FGLBJAKE_01990",0,0,0,0,0,0,FALSE
"FGLBJAKE_01991",0,0,0,0,0,0,FALSE
"FGLBJAKE_01992",0,0,0,0,0,0,FALSE
"FGLBJAKE_01993",0,6.66666666666667,0,0,81.131623890018,0,TRUE
"FGLBJAKE_01994",0,0,0,0,0,0,FALSE
"FGLBJAKE_01995",17,5,13.6666666666667,169.72730479696,60.8487179175135,135.061238742152,TRUE
"FGLBJAKE_01996",0,0,0,0,0,0,FALSE
"FGLBJAKE_01997",0,0,0,0,0,0,FALSE
"FGLBJAKE_01998",99.3333333333333,46,93,991.739937833214,559.808204841124,919.075258757568,TRUE
"FGLBJAKE_01999",0,45.3333333333333,0,0,551.695042452122,0,TRUE
"FGLBJAKE_02000",0,0,0,0,0,0,FALSE
"FGLBJAKE_02001",0,16.3333333333333,1.33333333333333,0,198.772478530544,13.1767062187465,TRUE
"FGLBJAKE_02002",0,0,0,0,0,0,FALSE
"FGLBJAKE_02003",0,0,9.66666666666667,0,0,95.5311200859121,TRUE
"FGLBJAKE_02004",19.3333333333333,3.66666666666667,0,193.023209376934,44.6223931395099,0,TRUE
"FGLBJAKE_02005",0,0,0,0,0,0,FALSE
"FGLBJAKE_02006",0,0,0,0,0,0,FALSE
"FGLBJAKE_02007",0,0,0,0,0,0,FALSE
"FGLBJAKE_02008",64.3333333333333,12,10,642.301369133592,146.036923002032,98.8252966405987,TRUE
"FGLBJAKE_02009",1238,2206.33333333333,2193.66666666667,12360.1413728609,26850.5109264014,21678.9759063927,TRUE
"FGLBJAKE_02010",0,0,8,0,0,79.060237312479,TRUE
"FGLBJAKE_02011",146.666666666667,100,0,1464.31400216985,1216.97435835027,0,TRUE
"FGLBJAKE_02012",82.6666666666667,47.3333333333333,66.6666666666667,825.340619404823,576.034529619128,658.835310937325,TRUE
"FGLBJAKE_02013",0,0,0,0,0,0,FALSE
"FGLBJAKE_02014",0,0,0,0,0,0,FALSE
"FGLBJAKE_02015",179.333333333333,93.6666666666667,159.666666666667,1790.45666628949,1139.89931565475,1577.91056969489,TRUE
"FGLBJAKE_02016",0,0,0,0,0,0,FALSE
"FGLBJAKE_02017",0,0,0.333333333333333,0,0,3.29417655468662,TRUE
"FGLBJAKE_02018",0,21,0,0,255.564615253557,0,TRUE
"FGLBJAKE_02019",0,10,0,0,121.697435835027,0,TRUE
"FGLBJAKE_02020",0,21,42.6666666666667,0,255.564615253557,421.654598999888,TRUE
"FGLBJAKE_02021",0,0,0,0,0,0,FALSE
"FGLBJAKE_02022",30.6666666666667,75.6666666666667,0,306.174745908241,920.843931151704,0,TRUE
"FGLBJAKE_02023",0,0,0,0,0,0,FALSE
"FGLBJAKE_02024",0,0,0,0,0,0,FALSE
"FGLBJAKE_02025",0,0,0,0,0,0,FALSE
"FGLBJAKE_02026",78,65.3333333333333,90.3333333333333,778.748810244873,795.089914122176,892.721846320075,TRUE
"FGLBJAKE_02027",0,0,0.333333333333333,0,0,3.29417655468662,TRUE
"FGLBJAKE_02028",0,0,0,0,0,0,FALSE
"FGLBJAKE_02029",0,0,0,0,0,0,FALSE
"FGLBJAKE_02030",0,0,0,0,0,0,FALSE
"FGLBJAKE_02031",0,0,0,0,0,0,FALSE
"FGLBJAKE_02032",0,42.3333333333333,11.3333333333333,0,515.185811701614,112.002002859345,TRUE
"FGLBJAKE_02033",0,19,0.333333333333333,0,231.225128086551,3.29417655468662,TRUE
"FGLBJAKE_02034",0,0,0,0,0,0,FALSE
"FGLBJAKE_02035",0,35.3333333333333,40.3333333333333,0,429.997606617095,398.595363117082,TRUE
"FGLBJAKE_02036",0,0,0,0,0,0,FALSE
"FGLBJAKE_02037",0,0,0,0,0,0,FALSE
"FGLBJAKE_02038",66,42,86,658.941300976431,511.129230507113,849.897551109149,TRUE
"FGLBJAKE_02039",43.6666666666667,50.6666666666667,30.6666666666667,435.966214282386,616.600341564137,303.064243031169,TRUE
"FGLBJAKE_02040",23,12.3333333333333,24.3333333333333,229.631059431181,150.093504196533,240.474888492124,TRUE
"FGLBJAKE_02041",42.6666666666667,3,0,425.982255176683,36.5092307505081,0,TRUE
"FGLBJAKE_02042",26.3333333333333,14,0,262.910923116859,170.376410169038,0,TRUE
"FGLBJAKE_02043",0,0,0,0,0,0,FALSE
"FGLBJAKE_02044",0,0,0,0,0,0,FALSE
"FGLBJAKE_02045",0,0,0,0,0,0,FALSE
"FGLBJAKE_02046",0,0,0,0,0,0,FALSE
"FGLBJAKE_02047",382,392,357.333333333333,3813.87237837874,4770.53948473306,3531.35726662406,TRUE
"FGLBJAKE_02048",59.6666666666667,0.333333333333333,0,595.709559973642,4.0565811945009,0,TRUE
"FGLBJAKE_02049",0,0,0,0,0,0,FALSE
"FGLBJAKE_02050",0,0,0,0,0,0,FALSE
"FGLBJAKE_02051",0,0,0,0,0,0,FALSE
"FGLBJAKE_02052",70.6666666666667,148,49.3333333333333,705.533110136381,1801.1220503584,487.53813009362,TRUE
"FGLBJAKE_02053",0,0,0,0,0,0,FALSE
"FGLBJAKE_02054",0,0.666666666666667,0.333333333333333,0,8.1131623890018,3.29417655468662,TRUE
"FGLBJAKE_02055",137,44,62.6666666666667,1367.80239748138,535.468717674119,619.305192281086,TRUE
"FGLBJAKE_02056",0,0,0,0,0,0,FALSE
"FGLBJAKE_02057",50,11.6666666666667,57.3333333333333,499.197955285175,141.980341807531,566.5983674061,TRUE
"FGLBJAKE_02058",0,1,14,0,12.1697435835027,138.355415296838,TRUE
"FGLBJAKE_02059",55.6666666666667,36.6666666666667,3.66666666666667,555.773723550828,446.223931395099,36.2359421015529,TRUE
"FGLBJAKE_02060",0,0,0,0,0,0,FALSE
"FGLBJAKE_02061",0,0,0,0,0,0,FALSE
"FGLBJAKE_02062",0,9.33333333333333,40.6666666666667,0,113.584273446025,401.889539671768,TRUE
"FGLBJAKE_02063",0,0,0,0,0,0,FALSE
"FGLBJAKE_02064",0,0,0,0,0,0,FALSE
"FGLBJAKE_02065",0,0,0,0,0,0,FALSE
"FGLBJAKE_02066",0,0,0,0,0,0,FALSE
"FGLBJAKE_02067",25,49.3333333333333,7.66666666666667,249.598977642588,600.374016786133,75.7660607577924,TRUE
"FGLBJAKE_02068",28,22.3333333333333,23.3333333333333,279.550854959698,271.79094003156,230.592358828064,TRUE
"FGLBJAKE_02069",900.333333333333,1027,984,8988.89118150172,12498.3266602573,9724.40918943492,TRUE
"FGLBJAKE_02070",0,0,0,0,0,0,FALSE
"FGLBJAKE_02071",48.6666666666667,19,0,485.886009810904,231.225128086551,0,TRUE
"FGLBJAKE_02072",26,55.3333333333333,54,259.582936748291,673.392478287149,533.656601859233,TRUE
"FGLBJAKE_02073",40,15.6666666666667,33,399.35836422814,190.659316141542,326.123478913976,TRUE
"FGLBJAKE_02074",22.3333333333333,48.6666666666667,55.6666666666667,222.975086694045,592.260854397131,550.127484632666,TRUE
"FGLBJAKE_02075",0,0,0,0,0,0,FALSE
"FGLBJAKE_02076",0,0,0,0,0,0,FALSE
"FGLBJAKE_02077",0,0,0,0,0,0,FALSE
"FGLBJAKE_02078",0,0,0,0,0,0,FALSE
"FGLBJAKE_02079",0,0,0,0,0,0,FALSE
"FGLBJAKE_02080",0,0,0,0,0,0,FALSE
"FGLBJAKE_02081",0,0,0,0,0,0,FALSE
"FGLBJAKE_02082",12,48.3333333333333,63.6666666666667,119.807509268442,588.20427320263,629.187721945145,TRUE
"FGLBJAKE_02083",0,0,0,0,0,0,FALSE
"FGLBJAKE_02084",0,0,0,0,0,0,FALSE
"FGLBJAKE_02085",0,0,0,0,0,0,FALSE
"FGLBJAKE_02086",24,20,0,239.615018536884,243.394871670054,0,TRUE
"FGLBJAKE_02087",0,0,0,0,0,0,FALSE
"FGLBJAKE_02088",24,9,0,239.615018536884,109.527692251524,0,TRUE
"FGLBJAKE_02089",0,0,16.6666666666667,0,0,164.708827734331,TRUE
"FGLBJAKE_02090",813.666666666667,1107.33333333333,985.333333333333,8123.61472567408,13475.962728132,9737.58589565366,TRUE
"FGLBJAKE_02091",48.3333333333333,53.3333333333333,39.3333333333333,482.558023442336,649.052991120144,388.712833453022,TRUE
"FGLBJAKE_02092",0,0,12.3333333333333,0,0,121.884532523405,TRUE
"FGLBJAKE_02093",0,0,0.333333333333333,0,0,3.29417655468662,TRUE
"FGLBJAKE_02094",0,0,0,0,0,0,FALSE
"FGLBJAKE_02095",42,0,27,419.326282439547,0,266.828300929617,TRUE
"FGLBJAKE_02096",0,0,0,0,0,0,FALSE
"FGLBJAKE_02097",0,0,0.666666666666667,0,0,6.58835310937325,TRUE
"FGLBJAKE_02098",0,0,0,0,0,0,FALSE
"FGLBJAKE_02099",40.6666666666667,6.33333333333333,47.6666666666667,406.014336965276,77.0750426955171,471.067247320187,TRUE
"FGLBJAKE_02100",0,0,0,0,0,0,FALSE
"FGLBJAKE_02101",0,0,0,0,0,0,FALSE
"FGLBJAKE_02102",0,0,0,0,0,0,FALSE
"FGLBJAKE_02103",7,14.3333333333333,7.33333333333333,69.8877137399245,174.432991363539,72.4718842031057,TRUE
"FGLBJAKE_02104",38.3333333333333,22.6666666666667,92.6666666666667,382.718432385301,275.847521226061,915.781082202882,TRUE
"FGLBJAKE_02105",0,0,0.333333333333333,0,0,3.29417655468662,TRUE
"FGLBJAKE_02106",0,0,0,0,0,0,FALSE
"FGLBJAKE_02107",17.6666666666667,0,10.6666666666667,176.383277534095,0,105.413649749972,TRUE
"FGLBJAKE_02108",0,0,0,0,0,0,FALSE
"FGLBJAKE_02109",37.6666666666667,8.66666666666667,10.3333333333333,376.062459648165,105.471111057023,102.119473195285,TRUE
"FGLBJAKE_02110",0,0,0,0,0,0,FALSE
"FGLBJAKE_02111",0,0.333333333333333,27.3333333333333,0,4.0565811945009,270.122477484303,TRUE
"FGLBJAKE_02112",17,0,0,169.72730479696,0,0,TRUE
"FGLBJAKE_02113",0,21.6666666666667,54.6666666666667,0,263.677777642558,540.244954968606,TRUE
"FGLBJAKE_02114",0,0,0,0,0,0,FALSE
"FGLBJAKE_02115",0,0,0,0,0,0,FALSE
"FGLBJAKE_02116",1.33333333333333,1,23,13.3119454742713,12.1697435835027,227.298182273377,TRUE
"FGLBJAKE_02117",0,0,0,0,0,0,FALSE
"FGLBJAKE_02118",42.6666666666667,29,73,425.982255176683,352.922563921578,721.424665476371,TRUE
"FGLBJAKE_02119",0,0,0,0,0,0,FALSE
"FGLBJAKE_02120",0,0,0,0,0,0,FALSE
"FGLBJAKE_02121",0,0,0,0,0,0,FALSE
"FGLBJAKE_02122",9.33333333333333,7.33333333333333,52,93.1836183198994,89.2447862790198,513.891542531113,TRUE
"FGLBJAKE_02123",0,0,0,0,0,0,FALSE
"FGLBJAKE_02124",0,0,0,0,0,0,FALSE
"FGLBJAKE_02125",0,0,0,0,0,0,FALSE
"FGLBJAKE_02126",0,0,0,0,0,0,FALSE
"FGLBJAKE_02127",0,0,0,0,0,0,FALSE
"FGLBJAKE_02128",0.333333333333333,37.3333333333333,60.3333333333333,3.32798636856783,454.337093784101,596.245956398279,TRUE
"FGLBJAKE_02129",9.66666666666667,0,0.666666666666667,96.5116046884672,0,6.58835310937325,TRUE
"FGLBJAKE_02130",34,11,0,339.454609593919,133.86717941853,0,TRUE
"FGLBJAKE_02131",56.3333333333333,12,62,562.429696287964,146.036923002032,612.716839171712,TRUE
"FGLBJAKE_02132",0,3.66666666666667,12.6666666666667,0,44.6223931395099,125.178709078092,TRUE
"FGLBJAKE_02133",0,0,0,0,0,0,FALSE
"FGLBJAKE_02134",0,0,0,0,0,0,FALSE
"FGLBJAKE_02135",3,0,16.6666666666667,29.9518773171105,0,164.708827734331,TRUE
"FGLBJAKE_02136",0,0,0,0,0,0,FALSE
"FGLBJAKE_02137",17.3333333333333,19.6666666666667,2.33333333333333,173.055291165527,239.338290475553,23.0592358828064,TRUE
"FGLBJAKE_02138",3.33333333333333,9.66666666666667,3,33.2798636856783,117.640854640526,29.6475889921796,TRUE
"FGLBJAKE_02139",12,0,0,119.807509268442,0,0,TRUE
"FGLBJAKE_02140",0,0,0,0,0,0,FALSE
"FGLBJAKE_02141",7.66666666666667,14.6666666666667,2,76.5436864770602,178.48957255804,19.7650593281198,TRUE
"FGLBJAKE_02142",0,0,0,0,0,0,FALSE
"FGLBJAKE_02143",0,0.666666666666667,0,0,8.1131623890018,0,TRUE
"FGLBJAKE_02144",89.6666666666667,68,24.6666666666667,895.228333144747,827.542563678183,243.76906504681,TRUE
"FGLBJAKE_02145",0,0,0,0,0,0,FALSE
"FGLBJAKE_02146",0,0,0,0,0,0,FALSE
"FGLBJAKE_02147",42,8.33333333333333,0,419.326282439547,101.414529862522,0,TRUE
"FGLBJAKE_02148",0,0,0,0,0,0,FALSE
"FGLBJAKE_02149",0,0,0,0,0,0,FALSE
"FGLBJAKE_02150",0,0,0,0,0,0,FALSE
"FGLBJAKE_02151",0,5.33333333333333,0,0,64.9052991120144,0,TRUE
"FGLBJAKE_02152",86.3333333333333,1.33333333333333,48,861.948469459069,16.2263247780036,474.361423874874,TRUE
"FGLBJAKE_02153",0,0,0,0,0,0,FALSE
"FGLBJAKE_02154",0.333333333333333,4.33333333333333,42.6666666666667,3.32798636856783,52.7355555285117,421.654598999888,TRUE
"FGLBJAKE_02155",0,0,68,0,0,672.012017156071,TRUE
"FGLBJAKE_02156",0,0,0,0,0,0,FALSE
"FGLBJAKE_02157",41.6666666666667,0,56.6666666666667,415.998296070979,0,560.010014296726,TRUE
"FGLBJAKE_02158",0,0,0,0,0,0,FALSE
"FGLBJAKE_02159",0,0,0,0,0,0,FALSE
"FGLBJAKE_02160",10.3333333333333,6.66666666666667,28.6666666666667,103.167577425603,81.131623890018,283.29918370305,TRUE
"FGLBJAKE_02161",0,0,0,0,0,0,FALSE
"FGLBJAKE_02162",71.3333333333333,19.6666666666667,0,712.189082873516,239.338290475553,0,TRUE
"FGLBJAKE_02163",9,11.3333333333333,5,89.8556319513315,137.923760613031,49.4126483202994,TRUE
"FGLBJAKE_02164",15.6666666666667,6,18.6666666666667,156.415359322688,73.0184615010162,184.473887062451,TRUE
"FGLBJAKE_02165",0,0,0,0,0,0,FALSE
"FGLBJAKE_02166",0,0,0,0,0,0,FALSE
"FGLBJAKE_02167",18,64,127,179.711263902663,778.863589344173,1255.0812673356,TRUE
"FGLBJAKE_02168",0,0,0,0,0,0,FALSE
"FGLBJAKE_02169",63.3333333333333,8.33333333333333,40,632.317410027889,101.414529862522,395.301186562395,TRUE
"FGLBJAKE_02170",0,0,0,0,0,0,FALSE
"FGLBJAKE_02171",0,0,0,0,0,0,FALSE
"FGLBJAKE_02172",0,0,0,0,0,0,FALSE
"FGLBJAKE_02173",0,0,0,0,0,0,FALSE
"FGLBJAKE_02174",0,0,0,0,0,0,FALSE
"FGLBJAKE_02175",0,0,0,0,0,0,FALSE
"FGLBJAKE_02176",0,0,0,0,0,0,FALSE
"FGLBJAKE_02177",42.6666666666667,42.6666666666667,51,425.982255176683,519.242392896115,504.009012867054,TRUE
"FGLBJAKE_02178",0,0,0,0,0,0,FALSE
"FGLBJAKE_02179",0,0,0,0,0,0,FALSE
"FGLBJAKE_02180",0,1,0,0,12.1697435835027,0,TRUE
"FGLBJAKE_02181",0,0,0,0,0,0,FALSE
"FGLBJAKE_02182",0,0,0,0,0,0,FALSE
"FGLBJAKE_02183",0,0.333333333333333,22.3333333333333,0,4.0565811945009,220.709829164004,TRUE
"FGLBJAKE_02184",203.333333333333,300.333333333333,88.3333333333333,2030.07168482638,3654.97965624531,872.956786991956,TRUE
"FGLBJAKE_02185",99.3333333333333,102,110,991.739937833214,1241.31384551727,1087.07826304659,TRUE
"FGLBJAKE_02186",50.3333333333333,0,33.3333333333333,502.525941653743,0,329.417655468663,TRUE
"FGLBJAKE_02187",20.6666666666667,2.33333333333333,0,206.335154851206,28.3960683615063,0,TRUE
"FGLBJAKE_02188",0,0,0,0,0,0,FALSE
"FGLBJAKE_02189",0,0,0,0,0,0,FALSE
"FGLBJAKE_02190",0,38,77.3333333333333,0,462.450256173102,764.248960687297,TRUE
"FGLBJAKE_02191",0.666666666666667,0,0,6.65597273713567,0,0,TRUE
"FGLBJAKE_02192",112,246.333333333333,87.6666666666667,1118.20341983879,2997.81350273616,866.368433882582,TRUE
"FGLBJAKE_02193",0,0,0,0,0,0,FALSE
"FGLBJAKE_02194",0,0,0,0,0,0,FALSE
"FGLBJAKE_02195",0,0,0,0,0,0,FALSE
"FGLBJAKE_02196",0.333333333333333,1.66666666666667,0,3.32798636856783,20.2829059725045,0,TRUE
"FGLBJAKE_02197",116.333333333333,0,88.3333333333333,1161.46724263017,0,872.956786991956,TRUE
"FGLBJAKE_02198",0,6,11.6666666666667,0,73.0184615010162,115.296179414032,TRUE
"FGLBJAKE_02199",0,0,0,0,0,0,FALSE
"FGLBJAKE_02200",18.6666666666667,5.66666666666667,31.3333333333333,186.367236639799,68.9618803065153,309.652596140543,TRUE
"FGLBJAKE_02201",0,0,0,0,0,0,FALSE
"FGLBJAKE_02202",0,0,0,0,0,0,FALSE
"FGLBJAKE_02203",0,0,0,0,0,0,FALSE
"FGLBJAKE_02204",71.6666666666667,10.3333333333333,75.3333333333333,715.517069242084,125.754017029528,744.483901359177,TRUE
"FGLBJAKE_02205",0,0,0,0,0,0,FALSE
"FGLBJAKE_02206",0,0,0,0,0,0,FALSE
"FGLBJAKE_02207",0,0,0,0,0,0,FALSE
"FGLBJAKE_02208",0,0,0,0,0,0,FALSE
"FGLBJAKE_02209",0,0,0,0,0,0,FALSE
"FGLBJAKE_02210",0,0,0,0,0,0,FALSE
"FGLBJAKE_02211",0,0,0,0,0,0,FALSE
"FGLBJAKE_02212",11.3333333333333,0,0,113.151536531306,0,0,TRUE
"FGLBJAKE_02213",5.66666666666667,2.33333333333333,17.3333333333333,56.5757682656532,28.3960683615063,171.297180843704,TRUE
"FGLBJAKE_02214",0,0,0,0,0,0,FALSE
"FGLBJAKE_02215",0,35.6666666666667,0,0,434.054187811596,0,TRUE
"FGLBJAKE_02216",26,0,0,259.582936748291,0,0,TRUE
"FGLBJAKE_02217",0,9.33333333333333,34.6666666666667,0,113.584273446025,342.594361687409,TRUE
"FGLBJAKE_02218",6.66666666666667,58,13,66.5597273713567,705.845127843156,128.472885632778,TRUE
"FGLBJAKE_02219",0,0,0,0,0,0,FALSE
"FGLBJAKE_02220",0,0,0,0,0,0,FALSE
"FGLBJAKE_02221",8.66666666666667,0,0,86.5276455827637,0,0,TRUE
"FGLBJAKE_02222",0,0,0,0,0,0,FALSE
"FGLBJAKE_02223",0,0,0,0,0,0,FALSE
"FGLBJAKE_02224",0,0,0,0,0,0,FALSE
"FGLBJAKE_02225",0,0,0,0,0,0,FALSE
"FGLBJAKE_02226",0,0,0,0,0,0,FALSE
"FGLBJAKE_02227",0,0,0,0,0,0,FALSE
"FGLBJAKE_02228",0,0,0,0,0,0,FALSE
"FGLBJAKE_02229",0,0,0,0,0,0,FALSE
"FGLBJAKE_02230",0,0,0,0,0,0,FALSE
"FGLBJAKE_02231",0,0,0,0,0,0,FALSE
"FGLBJAKE_02232",0,0.666666666666667,0.333333333333333,0,8.1131623890018,3.29417655468662,TRUE
"FGLBJAKE_02233",0,0,0,0,0,0,FALSE
"FGLBJAKE_02234",0,0,0,0,0,0,FALSE
"FGLBJAKE_02235",405.666666666667,595.666666666667,579.666666666667,4050.15941054705,7249.11059457311,5728.57302860004,TRUE
"FGLBJAKE_02236",0,0,0,0,0,0,FALSE
"FGLBJAKE_02237",0,0,0,0,0,0,FALSE
"FGLBJAKE_02238",14.6666666666667,2.33333333333333,22.6666666666667,146.431400216985,28.3960683615063,224.004005718691,TRUE
"FGLBJAKE_02239",996,935.333333333333,482,9944.02326928069,11382.7668317695,4763.37929807686,TRUE
"FGLBJAKE_02240",34.6666666666667,12,21,346.110582331055,146.036923002032,207.533122945257,TRUE
"FGLBJAKE_02241",0,0,0,0,0,0,FALSE
"FGLBJAKE_02242",0,0,0,0,0,0,FALSE
"FGLBJAKE_02243",19,55,0,189.695223008367,669.335897092648,0,TRUE
"FGLBJAKE_02244",18.6666666666667,24,28,186.367236639799,292.073846004065,276.710830593676,TRUE
"FGLBJAKE_02245",0,3.66666666666667,154,0,44.6223931395099,1521.90956826522,TRUE
"FGLBJAKE_02246",0,0,0,0,0,0,FALSE
"FGLBJAKE_02247",0,0,0,0,0,0,FALSE
"FGLBJAKE_02248",0,0,0,0,0,0,FALSE
"FGLBJAKE_02249",11.3333333333333,2.33333333333333,25.6666666666667,113.151536531306,28.3960683615063,253.65159471087,TRUE
"FGLBJAKE_02250",0,0,0,0,0,0,FALSE
"FGLBJAKE_02251",273,186.333333333333,212.666666666667,2725.62083585706,2267.628887726,2101.68464189007,TRUE
"FGLBJAKE_02252",0,80.6666666666667,0,0,981.692649069218,0,TRUE
"FGLBJAKE_02253",0,0,0,0,0,0,FALSE
"FGLBJAKE_02254",5,0,8.66666666666667,49.9197955285175,0,85.6485904218522,TRUE
"FGLBJAKE_02255",0,0,0,0,0,0,FALSE
"FGLBJAKE_02256",27.3333333333333,18.6666666666667,0,272.894882222562,227.16854689205,0,TRUE
"FGLBJAKE_02257",0,0,0,0,0,0,FALSE
"FGLBJAKE_02258",76.6666666666667,0,18.6666666666667,765.436864770602,0,184.473887062451,TRUE
"FGLBJAKE_02259",0,0,0,0,0,0,FALSE
"FGLBJAKE_02260",108.666666666667,280,242.333333333333,1084.92355615311,3407.52820338075,2394.86635525718,TRUE
"FGLBJAKE_02261",0,0,0,0,0,0,FALSE
"FGLBJAKE_02262",0,0,0,0,0,0,FALSE
"FGLBJAKE_02263",0,0,0,0,0,0,FALSE
"FGLBJAKE_02264",0,0,0,0,0,0,FALSE
"FGLBJAKE_02265",49,20.6666666666667,14,489.213996179472,251.508034059056,138.355415296838,TRUE
"FGLBJAKE_02266",6,42,37,59.903754634221,511.129230507113,365.653597570215,TRUE
"FGLBJAKE_02267",0,0,0,0,0,0,FALSE
"FGLBJAKE_02268",0,0,0,0,0,0,FALSE
"FGLBJAKE_02269",32,25.3333333333333,31,319.486691382512,308.300170782068,306.358419585856,TRUE
"FGLBJAKE_02270",10,5.33333333333333,3.33333333333333,99.839591057035,64.9052991120144,32.9417655468663,TRUE
"FGLBJAKE_02271",0,14.3333333333333,0,0,174.432991363539,0,TRUE
"FGLBJAKE_02272",0,0,0,0,0,0,FALSE
"FGLBJAKE_02273",3.66666666666667,64.3333333333333,15.6666666666667,36.6078500542462,782.920170538673,154.826298070271,TRUE
"FGLBJAKE_02274",0,0,0,0,0,0,FALSE
"FGLBJAKE_02275",76.3333333333333,179,86.6666666666667,762.108878402034,2178.38410144698,856.485904218522,TRUE
"FGLBJAKE_02276",56.3333333333333,271.333333333333,57.3333333333333,562.429696287964,3302.05709232373,566.5983674061,TRUE
"FGLBJAKE_02277",0,0.333333333333333,0,0,4.0565811945009,0,TRUE
"FGLBJAKE_02278",0,0,0,0,0,0,FALSE
"FGLBJAKE_02279",0,38.6666666666667,0,0,470.563418562104,0,TRUE
"FGLBJAKE_02280",90,12,67.3333333333333,898.556319513315,146.036923002032,665.423664046698,TRUE
"FGLBJAKE_02281",13.6666666666667,0,0,136.447441111281,0,0,TRUE
"FGLBJAKE_02282",0,0,0,0,0,0,FALSE
"FGLBJAKE_02283",129.333333333333,171,78.3333333333333,1291.25871100432,2081.02615277896,774.131490351357,TRUE
"FGLBJAKE_02284",0.333333333333333,0,0,3.32798636856783,0,0,TRUE
"FGLBJAKE_02285",0,0,0,0,0,0,FALSE
"FGLBJAKE_02286",7,0,44.6666666666667,69.8877137399245,0,441.419658328008,TRUE
"FGLBJAKE_02287",0,0,0,0,0,0,FALSE
"FGLBJAKE_02288",60,32.3333333333333,36,599.03754634221,393.488375866587,355.771067906155,TRUE
"FGLBJAKE_02289",4.66666666666667,0,9.66666666666667,46.5918091599497,0,95.5311200859121,TRUE
"FGLBJAKE_02290",0,0,0,0,0,0,FALSE
"FGLBJAKE_02291",0,0,18,0,0,177.885533953078,TRUE
"FGLBJAKE_02292",0,0,17.6666666666667,0,0,174.591357398391,TRUE
"FGLBJAKE_02293",0,0,0,0,0,0,FALSE
"FGLBJAKE_02294",0,0,0,0,0,0,FALSE
"FGLBJAKE_02295",43.3333333333333,37.6666666666667,206.666666666667,432.638227913818,458.393674978601,2042.38946390571,TRUE
"FGLBJAKE_02296",0,0,0,0,0,0,FALSE
"FGLBJAKE_02297",197,95,118.333333333333,1966.83994382359,1156.12564043276,1169.43267691375,TRUE
"FGLBJAKE_02298",0,0,0,0,0,0,FALSE
"FGLBJAKE_02299",0,0,0,0,0,0,FALSE
"FGLBJAKE_02300",0,0,17.6666666666667,0,0,174.591357398391,TRUE
"FGLBJAKE_02301",20,10.6666666666667,76.3333333333333,199.67918211407,129.810598224029,754.366431023237,TRUE
"FGLBJAKE_02302",119.666666666667,173.666666666667,82.3333333333333,1194.74710631585,2113.47880233497,813.661609007596,TRUE
"FGLBJAKE_02303",0,0,0,0,0,0,FALSE
"FGLBJAKE_02304",0,0,0,0,0,0,FALSE
"FGLBJAKE_02305",0,0,0,0,0,0,FALSE
"FGLBJAKE_02306",0,0,0,0,0,0,FALSE
"FGLBJAKE_02307",0,0,0,0,0,0,FALSE
"FGLBJAKE_02308",0,0,0,0,0,0,FALSE
"FGLBJAKE_02309",190,75.6666666666667,172,1896.95223008367,920.843931151704,1699.7951022183,TRUE
"FGLBJAKE_02310",0,0,0,0,0,0,FALSE
"FGLBJAKE_02311",0,0,0,0,0,0,FALSE
"FGLBJAKE_02312",0,0,16,0,0,158.120474624958,TRUE
"FGLBJAKE_02313",45.6666666666667,29.3333333333333,12.3333333333333,455.934132493793,356.979145116079,121.884532523405,TRUE
"FGLBJAKE_02314",0,0,0,0,0,0,FALSE
"FGLBJAKE_02315",0,0,0,0,0,0,FALSE
"FGLBJAKE_02316",0,11.3333333333333,11.3333333333333,0,137.923760613031,112.002002859345,TRUE
"FGLBJAKE_02317",0,6.66666666666667,12.6666666666667,0,81.131623890018,125.178709078092,TRUE
"FGLBJAKE_02318",0,0,0,0,0,0,FALSE
"FGLBJAKE_02319",195.666666666667,105.333333333333,98.3333333333333,1953.52799834932,1281.87965746228,971.782083632554,TRUE
"FGLBJAKE_02320",0,0,0,0,0,0,FALSE
"FGLBJAKE_02321",0,0,0,0,0,0,FALSE
"FGLBJAKE_02322",166.666666666667,162,58,1663.99318428392,1971.49846052744,573.186720515473,TRUE
"FGLBJAKE_02323",0,0,0,0,0,0,FALSE
"FGLBJAKE_02324",0,0,0,0,0,0,FALSE
"FGLBJAKE_02325",0,0,0,0,0,0,FALSE
"FGLBJAKE_02326",0,0,0,0,0,0,FALSE
"FGLBJAKE_02327",0,0,0,0,0,0,FALSE
"FGLBJAKE_02328",0,0,0,0,0,0,FALSE
"FGLBJAKE_02329",25.3333333333333,9,18,252.926964011155,109.527692251524,177.885533953078,TRUE
"FGLBJAKE_02330",0,0,0,0,0,0,FALSE
"FGLBJAKE_02331",0,0,0,0,0,0,FALSE
"FGLBJAKE_02332",0,0,0,0,0,0,FALSE
"FGLBJAKE_02333",0,0,0,0,0,0,FALSE
"FGLBJAKE_02334",131.666666666667,41.6666666666667,137,1314.55461558429,507.072649312612,1353.9065639762,TRUE
"FGLBJAKE_02335",0,0,0,0,0,0,FALSE
"FGLBJAKE_02336",0,0,0,0,0,0,FALSE
"FGLBJAKE_02337",39.6666666666667,42.6666666666667,150.666666666667,396.030377859572,519.242392896115,1488.96780271835,TRUE
"FGLBJAKE_02338",0,0,0,0,0,0,FALSE
"FGLBJAKE_02339",0,3.66666666666667,24.6666666666667,0,44.6223931395099,243.76906504681,TRUE
"FGLBJAKE_02340",26.6666666666667,1.33333333333333,15,266.238909485427,16.2263247780036,148.237944960898,TRUE
"FGLBJAKE_02341",0,0,0,0,0,0,FALSE
"FGLBJAKE_02342",31.3333333333333,3,24.6666666666667,312.830718645376,36.5092307505081,243.76906504681,TRUE
"FGLBJAKE_02343",0,0,0,0,0,0,FALSE
"FGLBJAKE_02344",0,0,0,0,0,0,FALSE
"FGLBJAKE_02345",0,0,0,0,0,0,FALSE
"FGLBJAKE_02346",13.6666666666667,0,0,136.447441111281,0,0,TRUE
"FGLBJAKE_02347",0,6.66666666666667,11,0,81.131623890018,108.707826304659,TRUE
"FGLBJAKE_02348",0,0,0,0,0,0,FALSE
"FGLBJAKE_02349",0,0,0,0,0,0,FALSE
"FGLBJAKE_02350",0,0,7.66666666666667,0,0,75.7660607577924,TRUE
"FGLBJAKE_02351",0,0,0,0,0,0,FALSE
"FGLBJAKE_02352",274.666666666667,234,373,2742.2607676999,2847.71999853963,3686.18356469433,TRUE
"FGLBJAKE_02353",0,0,0,0,0,0,FALSE
"FGLBJAKE_02354",0,0,0,0,0,0,FALSE
"FGLBJAKE_02355",28.3333333333333,0,0,282.878841328266,0,0,TRUE
"FGLBJAKE_02356",0,0,0,0,0,0,FALSE
"FGLBJAKE_02357",0,0,0,0,0,0,FALSE
"FGLBJAKE_02358",38,51,101.666666666667,379.390446016733,620.656922758637,1004.72384917942,TRUE
"FGLBJAKE_02359",0.333333333333333,0,0,3.32798636856783,0,0,TRUE
"FGLBJAKE_02360",0,0,0,0,0,0,FALSE
"FGLBJAKE_02361",0,0,0,0,0,0,FALSE
"FGLBJAKE_02362",79.6666666666667,130.333333333333,177.666666666667,795.388742087712,1586.12324704985,1755.79610364797,TRUE
"FGLBJAKE_02363",0,13,0,0,158.206666585535,0,TRUE
"FGLBJAKE_02364",0,0,0,0,0,0,FALSE
"FGLBJAKE_02365",0,40.6666666666667,0,0,494.90290572911,0,TRUE
"FGLBJAKE_02366",0,0,0,0,0,0,FALSE
"FGLBJAKE_02367",85,869,228.666666666667,848.636523984798,10575.5071740638,2259.80511651502,TRUE
"FGLBJAKE_02368",0,0,0,0,0,0,FALSE
"FGLBJAKE_02369",0,0,0,0,0,0,FALSE
"FGLBJAKE_02370",0,0,0,0,0,0,FALSE
"FGLBJAKE_02371",0,0,0,0,0,0,FALSE
"FGLBJAKE_02372",0,0,0,0,0,0,FALSE
"FGLBJAKE_02373",0,0,0,0,0,0,FALSE
"FGLBJAKE_02374",18.3333333333333,22,14.3333333333333,183.039250271231,267.734358837059,141.649591851525,TRUE
"FGLBJAKE_02375",0,0,0,0,0,0,FALSE
"FGLBJAKE_02376",0,0,0,0,0,0,FALSE
"FGLBJAKE_02377",0,0,0,0,0,0,FALSE
"FGLBJAKE_02378",0,0,0,0,0,0,FALSE
"FGLBJAKE_02379",60.3333333333333,54.6666666666667,60,602.365532710778,665.279315898147,592.951779843592,TRUE
"FGLBJAKE_02380",4,3.66666666666667,24,39.935836422814,44.6223931395099,237.180711937437,TRUE
"FGLBJAKE_02381",0,0,1,0,0,9.88252966405988,TRUE
"FGLBJAKE_02382",0,0,0,0,0,0,FALSE
"FGLBJAKE_02383",2.33333333333333,18.3333333333333,0,23.2959045799748,223.111965697549,0,TRUE
"FGLBJAKE_02384",19.6666666666667,7.33333333333333,24.3333333333333,196.351195745502,89.2447862790198,240.474888492124,TRUE
"FGLBJAKE_02385",0,0,0,0,0,0,FALSE
"FGLBJAKE_02386",0,0,0,0,0,0,FALSE
"FGLBJAKE_02387",0,0,0,0,0,0,FALSE
"FGLBJAKE_02388",0,0,0,0,0,0,FALSE
"FGLBJAKE_02389",2.66666666666667,3.66666666666667,23.6666666666667,26.6238909485427,44.6223931395099,233.88653538275,TRUE
"FGLBJAKE_02390",0,7.66666666666667,13.6666666666667,0,93.3013674735207,135.061238742152,TRUE
"FGLBJAKE_02391",95.3333333333333,100.333333333333,68.6666666666667,951.804101410401,1221.03093954477,678.600370265445,TRUE
"FGLBJAKE_02392",0,6.33333333333333,26,0,77.0750426955171,256.945771265557,TRUE
"FGLBJAKE_02393",0,0,0,0,0,0,FALSE
"FGLBJAKE_02395",55,0,0,549.117750813693,0,0,TRUE
"FGLBJAKE_02396",0,0,0,0,0,0,FALSE
"FGLBJAKE_02397",0,0,0,0,0,0,FALSE
"FGLBJAKE_02398",0,8.66666666666667,0.666666666666667,0,105.471111057023,6.58835310937325,TRUE
"FGLBJAKE_02399",0,0,0,0,0,0,FALSE
"FGLBJAKE_02400",0,0,0,0,0,0,FALSE
"FGLBJAKE_02401",670.333333333333,18.6666666666667,28,6692.58058718991,227.16854689205,276.710830593676,TRUE
"FGLBJAKE_02402",0,0,0,0,0,0,FALSE
"FGLBJAKE_02403",67.3333333333333,0,0,672.253246450702,0,0,TRUE
"FGLBJAKE_02404",0,0,0,0,0,0,FALSE
"FGLBJAKE_02405",2168.33333333333,75.3333333333333,68.6666666666667,21648.5513275338,916.787349957203,678.600370265445,TRUE
"FGLBJAKE_02406",0,0,0,0,0,0,FALSE
"FGLBJAKE_02407",4.33333333333333,0,0.333333333333333,43.2638227913818,0,3.29417655468662,TRUE
"FGLBJAKE_02408",0,0,0,0,0,0,FALSE
"FGLBJAKE_02409",0,0,0,0,0,0,FALSE
"FGLBJAKE_02410",0,0,0,0,0,0,FALSE
"FGLBJAKE_02411",0,0,0,0,0,0,FALSE
"FGLBJAKE_02412",0,0,0,0,0,0,FALSE
"FGLBJAKE_02413",0,0,0,0,0,0,FALSE
"FGLBJAKE_02414",1.66666666666667,12.3333333333333,10.6666666666667,16.6399318428392,150.093504196533,105.413649749972,TRUE
"FGLBJAKE_02415",0,0,0,0,0,0,FALSE
"FGLBJAKE_02416",0,0,0,0,0,0,FALSE
"FGLBJAKE_02417",0,9,47.6666666666667,0,109.527692251524,471.067247320187,TRUE
"FGLBJAKE_02418",0,0,0,0,0,0,FALSE
"FGLBJAKE_02419",0,0,0,0,0,0,FALSE
"FGLBJAKE_02420",0,0,0,0,0,0,FALSE
"FGLBJAKE_02421",0,0,0,0,0,0,FALSE
"FGLBJAKE_02422",0,0,1,0,0,9.88252966405988,TRUE
"FGLBJAKE_02423",0,0,0,0,0,0,FALSE
"FGLBJAKE_02424",0,0,0,0,0,0,FALSE
"FGLBJAKE_02425",0,0,1,0,0,9.88252966405988,TRUE
"FGLBJAKE_02426",0,0,14.6666666666667,0,0,144.943768406211,TRUE
"FGLBJAKE_02427",0,0,0,0,0,0,FALSE
"FGLBJAKE_02428",0,0,0,0,0,0,FALSE
"FGLBJAKE_02429",0,0,0,0,0,0,FALSE
"FGLBJAKE_02430",0,1.66666666666667,0,0,20.2829059725045,0,TRUE
"FGLBJAKE_02431",14,85,340,139.775427479849,1034.42820459773,3360.06008578036,TRUE
"FGLBJAKE_02432",0.666666666666667,0,19,6.65597273713567,0,187.768063617138,TRUE
"FGLBJAKE_02433",0,0,0,0,0,0,FALSE
"FGLBJAKE_02434",0,0,0,0,0,0,FALSE
"FGLBJAKE_02435",0,0,0,0,0,0,FALSE
"FGLBJAKE_02436",0,0,0,0,0,0,FALSE
"FGLBJAKE_02437",0,0,0,0,0,0,FALSE
"FGLBJAKE_02438",0,0,0,0,0,0,FALSE
"FGLBJAKE_02439",0,12.6666666666667,0,0,154.150085391034,0,TRUE
"FGLBJAKE_02440",0,0,0,0,0,0,FALSE
"FGLBJAKE_02441",0.333333333333333,0,0,3.32798636856783,0,0,TRUE
"FGLBJAKE_02442",35,74.3333333333333,49.6666666666667,349.438568699623,904.6176063737,490.832306648307,TRUE
"FGLBJAKE_02443",0,0,0,0,0,0,FALSE
"FGLBJAKE_02444",0,0,0,0,0,0,FALSE
"FGLBJAKE_02445",0,0,0,0,0,0,FALSE
"FGLBJAKE_02446",0,0,0,0,0,0,FALSE
"FGLBJAKE_02447",0,0,0,0,0,0,FALSE
"FGLBJAKE_02448",0,0,0,0,0,0,FALSE
"FGLBJAKE_02449",0,9,0,0,109.527692251524,0,TRUE
"FGLBJAKE_02450",0,0,0,0,0,0,FALSE
"FGLBJAKE_02452",9.66666666666667,29,157.666666666667,96.5116046884672,352.922563921578,1558.14551036677,TRUE
"FGLBJAKE_02453",0,0,0,0,0,0,FALSE
"FGLBJAKE_02454",0,0,0,0,0,0,FALSE
"FGLBJAKE_02455",110,89.6666666666667,221.666666666667,1098.23550162739,1091.22034132074,2190.62740886661,TRUE
"FGLBJAKE_02456",0,0,0,0,0,0,FALSE
"FGLBJAKE_02457",0,0,0,0,0,0,FALSE
"FGLBJAKE_02458",0,0,0,0,0,0,FALSE
"FGLBJAKE_02459",0,0,0,0,0,0,FALSE
"FGLBJAKE_02460",0,0,0,0,0,0,FALSE
"FGLBJAKE_02461",0,0,0,0,0,0,FALSE
"FGLBJAKE_02462",0,0,0,0,0,0,FALSE
"FGLBJAKE_02463",0,0,0,0,0,0,FALSE
"FGLBJAKE_02464",0,0,0,0,0,0,FALSE
"FGLBJAKE_02465",0,0,0,0,0,0,FALSE
"FGLBJAKE_02466",0,0,0,0,0,0,FALSE
"FGLBJAKE_02467",0,0,0,0,0,0,FALSE
"FGLBJAKE_02468",0,0,0,0,0,0,FALSE
"FGLBJAKE_02469",223.666666666667,134,175,2233.07885330902,1630.74564018936,1729.44269121048,TRUE
"FGLBJAKE_02470",0,0,0,0,0,0,FALSE
"FGLBJAKE_02471",0,0,0,0,0,0,FALSE
"FGLBJAKE_02472",0,0,0,0,0,0,FALSE
"FGLBJAKE_02473",54,0,0,539.133791707989,0,0,TRUE
"FGLBJAKE_02474",0,0,0,0,0,0,FALSE
"FGLBJAKE_02475",0,0,0,0,0,0,FALSE
"FGLBJAKE_02476",0,0,0,0,0,0,FALSE
"FGLBJAKE_02477",0,0,0,0,0,0,FALSE
"FGLBJAKE_02478",0,0,0,0,0,0,FALSE
"FGLBJAKE_02479",0,0,0,0,0,0,FALSE
"FGLBJAKE_02480",0,0,0,0,0,0,FALSE
"FGLBJAKE_02481",0,0,0,0,0,0,FALSE
"FGLBJAKE_02482",0,0,0,0,0,0,FALSE
"FGLBJAKE_02483",0,0,0,0,0,0,FALSE
"FGLBJAKE_02484",86.6666666666667,263.333333333333,174,865.276455827637,3204.69914365571,1719.56016154642,TRUE
"FGLBJAKE_02485",0,41,106.333333333333,0,498.95948692361,1050.84232094503,TRUE
"FGLBJAKE_02486",0,74.6666666666667,64.3333333333333,0,908.674187568201,635.776075054519,TRUE
"FGLBJAKE_02487",0,0,2,0,0,19.7650593281198,TRUE
"FGLBJAKE_02488",453,466.666666666667,727.333333333333,4522.73347488369,5679.21367230126,7187.89324232622,TRUE
"FGLBJAKE_02489",0,0,0,0,0,0,FALSE
"FGLBJAKE_02490",0,0,0,0,0,0,FALSE
"FGLBJAKE_02491",0,0,0,0,0,0,FALSE
"FGLBJAKE_02492",0,0,0,0,0,0,FALSE
"FGLBJAKE_02493",0,0,0,0,0,0,FALSE
"FGLBJAKE_02494",0,0,0,0,0,0,FALSE
"FGLBJAKE_02495",0,0,0,0,0,0,FALSE
"FGLBJAKE_02496",54.3333333333333,13.6666666666667,172.333333333333,542.461778076557,166.319828974537,1703.08927877298,TRUE
"FGLBJAKE_02497",0,0,0,0,0,0,FALSE
"FGLBJAKE_02498",10,25.6666666666667,7.33333333333333,99.839591057035,312.356751976569,72.4718842031057,TRUE
"FGLBJAKE_02499",0,0,32,0,0,316.240949249916,TRUE
"FGLBJAKE_02500",64.6666666666667,173,242.666666666667,645.62935550216,2105.36563994597,2398.16053181186,TRUE
"FGLBJAKE_02501",0,0,0,0,0,0,FALSE
"FGLBJAKE_02502",0,0,0,0,0,0,FALSE
"FGLBJAKE_02503",0,0,0,0,0,0,FALSE
"FGLBJAKE_02504",0,0,0,0,0,0,FALSE
"FGLBJAKE_02505",0,0,0,0,0,0,FALSE
"FGLBJAKE_02507",0,0,0,0,0,0,FALSE
"FGLBJAKE_02508",0,0,0,0,0,0,FALSE
"FGLBJAKE_02509",0,0,0,0,0,0,FALSE
"FGLBJAKE_02510",0,0,0,0,0,0,FALSE
"FGLBJAKE_02511",0,0,0,0,0,0,FALSE
"FGLBJAKE_02512",0,0,0,0,0,0,FALSE
"FGLBJAKE_02513",0,0,0,0,0,0,FALSE
"FGLBJAKE_02514",0,0,0,0,0,0,FALSE
"FGLBJAKE_02515",0,0,0,0,0,0,FALSE
"FGLBJAKE_02516",0,0,0,0,0,0,FALSE
"FGLBJAKE_02517",0,0,0,0,0,0,FALSE
"FGLBJAKE_02518",15.3333333333333,57.3333333333333,73.6666666666667,153.08737295412,697.731965454155,728.013018585744,TRUE
"FGLBJAKE_02519",0,0,0,0,0,0,FALSE
"FGLBJAKE_02520",0,0,0,0,0,0,FALSE
"FGLBJAKE_02521",0,0.666666666666667,2.33333333333333,0,8.1131623890018,23.0592358828064,TRUE
"FGLBJAKE_02522",0,0,0,0,0,0,FALSE
"FGLBJAKE_02523",0,0,0,0,0,0,FALSE
"FGLBJAKE_02524",0,0,0,0,0,0,FALSE
"FGLBJAKE_02525",126.666666666667,173,176,1264.63482005578,2105.36563994597,1739.32522087454,TRUE
"FGLBJAKE_02526",35,24,22.6666666666667,349.438568699623,292.073846004065,224.004005718691,TRUE
"FGLBJAKE_02527",18.3333333333333,36.6666666666667,0,183.039250271231,446.223931395099,0,TRUE
"FGLBJAKE_02528",0,0,0,0,0,0,FALSE
"FGLBJAKE_02529",0,0,0,0,0,0,FALSE
"FGLBJAKE_02530",0,0,0,0,0,0,FALSE
"FGLBJAKE_02531",0,0,0,0,0,0,FALSE
"FGLBJAKE_02532",0,2,0.333333333333333,0,24.3394871670054,3.29417655468662,TRUE
"FGLBJAKE_02533",0,0,0,0,0,0,FALSE
"FGLBJAKE_02534",0,23.6666666666667,0,0,288.017264809564,0,TRUE
"FGLBJAKE_02535",61.3333333333333,0,63,612.349491816482,0,622.599368835772,TRUE
"FGLBJAKE_02536",0,0,0,0,0,0,FALSE
"FGLBJAKE_02537",0,22.6666666666667,0,0,275.847521226061,0,TRUE
"FGLBJAKE_02538",0,0,0,0,0,0,FALSE
"FGLBJAKE_02539",0,0,0,0,0,0,FALSE
"FGLBJAKE_02540",0,0,0,0,0,0,FALSE
"FGLBJAKE_02541",19.6666666666667,18.6666666666667,72.3333333333333,196.351195745502,227.16854689205,714.836312366998,TRUE
"FGLBJAKE_02542",0,0,0,0,0,0,FALSE
"FGLBJAKE_02543",0,0,0,0,0,0,FALSE
"FGLBJAKE_02544",0,30.6666666666667,0,0,373.205469894083,0,TRUE
"FGLBJAKE_02545",42.6666666666667,85,98.6666666666667,425.982255176683,1034.42820459773,975.076260187241,TRUE
"FGLBJAKE_02546",0,0,0,0,0,0,FALSE
"FGLBJAKE_02547",47.3333333333333,27.6666666666667,4,472.574064336632,336.696239143575,39.5301186562395,TRUE
"FGLBJAKE_02548",0,0,0,0,0,0,FALSE
"FGLBJAKE_02549",0,0,0,0,0,0,FALSE
"FGLBJAKE_02550",0,16,31.6666666666667,0,194.715897336043,312.946772695229,TRUE
"FGLBJAKE_02551",0,0,0,0,0,0,FALSE
"FGLBJAKE_02552",0,0,0,0,0,0,FALSE
"FGLBJAKE_02553",83,39.6666666666667,319.333333333333,828.668605773391,482.733162145607,3155.82113938979,TRUE
"FGLBJAKE_02554",0,0,0,0,0,0,FALSE
"FGLBJAKE_02555",0,0,0,0,0,0,FALSE
"FGLBJAKE_02556",0,23.3333333333333,59.6666666666667,0,283.960683615063,589.657603288906,TRUE
"FGLBJAKE_02557",0,0,5,0,0,49.4126483202994,TRUE
"FGLBJAKE_02558",6.66666666666667,1,0,66.5597273713567,12.1697435835027,0,TRUE
"FGLBJAKE_02559",0,0,0,0,0,0,FALSE
"FGLBJAKE_02560",0,0,0,0,0,0,FALSE
"FGLBJAKE_02561",40.3333333333333,6.33333333333333,13.6666666666667,402.686350596708,77.0750426955171,135.061238742152,TRUE
"FGLBJAKE_02562",17,75,23,169.72730479696,912.730768762702,227.298182273377,TRUE
"FGLBJAKE_02563",0,0,0,0,0,0,FALSE
"FGLBJAKE_02564",0,0,0,0,0,0,FALSE
"FGLBJAKE_02565",4,0,25.6666666666667,39.935836422814,0,253.65159471087,TRUE
"FGLBJAKE_02566",0,0,0,0,0,0,FALSE
"FGLBJAKE_02567",0,0,0,0,0,0,FALSE
"FGLBJAKE_02568",0,0,0,0,0,0,FALSE
"FGLBJAKE_02569",0,7.33333333333333,56.6666666666667,0,89.2447862790198,560.010014296726,TRUE
"FGLBJAKE_02570",0,0,0,0,0,0,FALSE
"FGLBJAKE_02571",0,0,0,0,0,0,FALSE
"FGLBJAKE_02572",66.6666666666667,51.6666666666667,39.3333333333333,665.597273713567,628.770085147639,388.712833453022,TRUE
"FGLBJAKE_02573",5,0,0,49.9197955285175,0,0,TRUE
"FGLBJAKE_02574",0,0,0,0,0,0,FALSE
"FGLBJAKE_02575",0,0,0,0,0,0,FALSE
"FGLBJAKE_02576",0,0,0,0,0,0,FALSE
"FGLBJAKE_02577",0,0,0,0,0,0,FALSE
"FGLBJAKE_02578",0,0,0,0,0,0,FALSE
"FGLBJAKE_02580",0,0,0,0,0,0,FALSE
"FGLBJAKE_02581",0,47.6666666666667,0,0,580.091110813628,0,TRUE
"FGLBJAKE_02582",0,0,0,0,0,0,FALSE
"FGLBJAKE_02583",108,6,163,1078.26758341598,73.0184615010162,1610.85233524176,TRUE
"FGLBJAKE_02584",7,0.333333333333333,2.33333333333333,69.8877137399245,4.0565811945009,23.0592358828064,TRUE
"FGLBJAKE_02585",0,0,0,0,0,0,FALSE
"FGLBJAKE_02586",0,0,0,0,0,0,FALSE
"FGLBJAKE_02587",0,0,0,0,0,0,FALSE
"FGLBJAKE_02588",14.6666666666667,7.66666666666667,0,146.431400216985,93.3013674735207,0,TRUE
"FGLBJAKE_02589",77,52.3333333333333,0,768.76485113917,636.883247536641,0,TRUE
"FGLBJAKE_02590",0,0,0,0,0,0,FALSE
"FGLBJAKE_02591",0,0,0,0,0,0,FALSE
"FGLBJAKE_02592",0,0,0,0,0,0,FALSE
"FGLBJAKE_02593",0,1,3,0,12.1697435835027,29.6475889921796,TRUE
"FGLBJAKE_02594",0,0,0,0,0,0,FALSE
"FGLBJAKE_02595",0,0,0,0,0,0,FALSE
"FGLBJAKE_02596",0,0,0,0,0,0,FALSE
"FGLBJAKE_02597",30,26,17,299.518773171105,316.41333317107,168.003004289018,TRUE
"FGLBJAKE_02598",64,13.3333333333333,12.6666666666667,638.973382765024,162.263247780036,125.178709078092,TRUE
"FGLBJAKE_02599",0,0,0,0,0,0,FALSE
"FGLBJAKE_02600",0,0,0,0,0,0,FALSE
"FGLBJAKE_02601",0,0,0,0,0,0,FALSE
"FGLBJAKE_02602",12.3333333333333,0,0,123.13549563701,0,0,TRUE
"FGLBJAKE_02603",0,0,0,0,0,0,FALSE
"FGLBJAKE_02604",0,0,0,0,0,0,FALSE
"FGLBJAKE_02605",48.6666666666667,121,67.6666666666667,485.886009810904,1472.53897360383,668.717840601385,TRUE
"FGLBJAKE_02606",0,0,0,0,0,0,FALSE
"FGLBJAKE_02607",2.66666666666667,0,0,26.6238909485427,0,0,TRUE
"FGLBJAKE_02608",0,0,0,0,0,0,FALSE
"FGLBJAKE_02609",0,0,1,0,0,9.88252966405988,TRUE
"FGLBJAKE_02610",0,0,0,0,0,0,FALSE
"FGLBJAKE_02611",0,0,0,0,0,0,FALSE
"FGLBJAKE_02612",11.3333333333333,17,50.3333333333333,113.151536531306,206.885640919546,497.42065975768,TRUE
"FGLBJAKE_02613",0,0,0,0,0,0,FALSE
"FGLBJAKE_02614",0,0,0,0,0,0,FALSE
"FGLBJAKE_02615",28.6666666666667,31.6666666666667,27.6666666666667,286.206827696834,385.375213477585,273.41665403899,TRUE
"FGLBJAKE_02616",0,0,0,0,0,0,FALSE
"FGLBJAKE_02617",0,0,0,0,0,0,FALSE
"FGLBJAKE_02618",0,0,0,0,0,0,FALSE
"FGLBJAKE_02619",6,0.666666666666667,5.33333333333333,59.903754634221,8.1131623890018,52.706824874986,TRUE
"FGLBJAKE_02620",27,37,27.6666666666667,269.566895853995,450.2805125896,273.41665403899,TRUE
"FGLBJAKE_02621",0,0,0,0,0,0,FALSE
"FGLBJAKE_02622",18,21.6666666666667,18.6666666666667,179.711263902663,263.677777642558,184.473887062451,TRUE
"FGLBJAKE_02623",0,0,0,0,0,0,FALSE
"FGLBJAKE_02624",0,0,0,0,0,0,FALSE
"FGLBJAKE_02625",0,0,0,0,0,0,FALSE
"FGLBJAKE_02626",0,0,0,0,0,0,FALSE
"FGLBJAKE_02627",0,0,0,0,0,0,FALSE
"FGLBJAKE_02628",0,0,0,0,0,0,FALSE
"FGLBJAKE_02629",0,0,0,0,0,0,FALSE
"FGLBJAKE_02630",0,0,0,0,0,0,FALSE
"FGLBJAKE_02631",148.666666666667,81,207,1484.28192038125,985.749230263718,2045.68364046039,TRUE
"FGLBJAKE_02632",0,0,0,0,0,0,FALSE
"FGLBJAKE_02633",0,0,0,0,0,0,FALSE
"FGLBJAKE_02634",0,0,0,0,0,0,FALSE
"FGLBJAKE_02635",6.66666666666667,11.3333333333333,2.66666666666667,66.5597273713567,137.923760613031,26.353412437493,TRUE
"FGLBJAKE_02636",0,0.666666666666667,0,0,8.1131623890018,0,TRUE
"FGLBJAKE_02637",0,0,0,0,0,0,FALSE
"FGLBJAKE_02638",0,0,0,0,0,0,FALSE
"FGLBJAKE_02639",7.66666666666667,0,0,76.5436864770602,0,0,TRUE
"FGLBJAKE_02640",0,0,0,0,0,0,FALSE
"FGLBJAKE_02641",21.6666666666667,77,177.666666666667,216.319113956909,937.070255929708,1755.79610364797,TRUE
"FGLBJAKE_02642",0,0,0,0,0,0,FALSE
"FGLBJAKE_02643",0,0,0,0,0,0,FALSE
"FGLBJAKE_02644",0,0,0,0,0,0,FALSE
"FGLBJAKE_02645",0,0,0,0,0,0,FALSE
"FGLBJAKE_02646",0,0,0,0,0,0,FALSE
"FGLBJAKE_02647",0,0,0,0,0,0,FALSE
"FGLBJAKE_02648",30.6666666666667,11.6666666666667,0,306.174745908241,141.980341807531,0,TRUE
"FGLBJAKE_02649",0,0,0,0,0,0,FALSE
"FGLBJAKE_02650",20,57,135.333333333333,199.67918211407,693.675384259654,1337.43568120277,TRUE
"FGLBJAKE_02651",0,0,0,0,0,0,FALSE
"FGLBJAKE_02652",182.666666666667,127,96.6666666666667,1823.73652997517,1545.55743510484,955.311200859121,TRUE
"FGLBJAKE_02653",0,0,0,0,0,0,FALSE
"FGLBJAKE_02654",0,1,0,0,12.1697435835027,0,TRUE
"FGLBJAKE_02655",110.333333333333,58.3333333333333,115,1101.56348799595,709.901709037657,1136.49091136689,TRUE
"FGLBJAKE_02657",0,0,0,0,0,0,FALSE
"FGLBJAKE_02658",0,0,0,0,0,0,FALSE
"FGLBJAKE_02659",0,0,0,0,0,0,FALSE
"FGLBJAKE_02660",0,0,0,0,0,0,FALSE
"FGLBJAKE_02663",0,0,0,0,0,0,FALSE
"FGLBJAKE_02664",0,0,0,0,0,0,FALSE
"FGLBJAKE_02665",0,0,0,0,0,0,FALSE
"FGLBJAKE_02666",0,0,0,0,0,0,FALSE
"FGLBJAKE_02667",0,0,0,0,0,0,FALSE
"FGLBJAKE_02668",0,0,0,0,0,0,FALSE
"FGLBJAKE_02669",24,1,0.333333333333333,239.615018536884,12.1697435835027,3.29417655468662,TRUE
"FGLBJAKE_02670",0,0,0,0,0,0,FALSE
"FGLBJAKE_02671",0,0,0,0,0,0,FALSE
"FGLBJAKE_02672",0,0,0,0,0,0,FALSE
"FGLBJAKE_02673",1,0.666666666666667,21,9.9839591057035,8.1131623890018,207.533122945257,TRUE
"FGLBJAKE_02674",0,0,0,0,0,0,FALSE
"FGLBJAKE_02675",0,0,0,0,0,0,FALSE
"FGLBJAKE_02676",0.666666666666667,0,0,6.65597273713567,0,0,TRUE
"FGLBJAKE_02677",0,38.3333333333333,27.3333333333333,0,466.506837367603,270.122477484303,TRUE
"FGLBJAKE_02678",0,0,0,0,0,0,FALSE
"FGLBJAKE_02679",0,0,0,0,0,0,FALSE
"FGLBJAKE_02680",0,0,0,0,0,0,FALSE
"FGLBJAKE_02681",0,0,0,0,0,0,FALSE
"FGLBJAKE_02682",10.3333333333333,19.6666666666667,17.3333333333333,103.167577425603,239.338290475553,171.297180843704,TRUE
"FGLBJAKE_02683",24,9.33333333333333,33.3333333333333,239.615018536884,113.584273446025,329.417655468663,TRUE
"FGLBJAKE_02684",0,0,0,0,0,0,FALSE
"FGLBJAKE_02685",74,64,90,738.812973822059,778.863589344173,889.427669765389,TRUE
"FGLBJAKE_02686",0,0,0,0,0,0,FALSE
"FGLBJAKE_02687",0,0,0,0,0,0,FALSE
"FGLBJAKE_02688",0,0,0,0,0,0,FALSE
"FGLBJAKE_02689",0,10,0,0,121.697435835027,0,TRUE
"FGLBJAKE_02690",0,0,0,0,0,0,FALSE
"FGLBJAKE_02691",0,0,0,0,0,0,FALSE
"FGLBJAKE_02692",0,0,0,0,0,0,FALSE
"FGLBJAKE_02693",0,0,0,0,0,0,FALSE
"FGLBJAKE_02694",0,0,0,0,0,0,FALSE
"FGLBJAKE_02695",0,0,0,0,0,0,FALSE
"FGLBJAKE_02696",41,67.3333333333333,27.3333333333333,409.342323333844,819.429401289181,270.122477484303,TRUE
"FGLBJAKE_02697",37.6666666666667,10.3333333333333,14.3333333333333,376.062459648165,125.754017029528,141.649591851525,TRUE
"FGLBJAKE_02698",56.3333333333333,38.3333333333333,104,562.429696287964,466.506837367603,1027.78308506223,TRUE
"FGLBJAKE_02699",52,48,17,519.165873496582,584.147692008129,168.003004289018,TRUE
"FGLBJAKE_02700",13.6666666666667,147.666666666667,0,136.447441111281,1797.0654691639,0,TRUE
"FGLBJAKE_02701",0,0,0,0,0,0,FALSE
"FGLBJAKE_02702",0,0,0,0,0,0,FALSE
"FGLBJAKE_02703",0,0,0,0,0,0,FALSE
"FGLBJAKE_02704",0,0,0,0,0,0,FALSE
"FGLBJAKE_02705",0,0,0,0,0,0,FALSE
"FGLBJAKE_02706",0,0,0,0,0,0,FALSE
"FGLBJAKE_02707",0,0,0,0,0,0,FALSE
"FGLBJAKE_02708",0,0,0,0,0,0,FALSE
"FGLBJAKE_02709",0,0,0,0,0,0,FALSE
"FGLBJAKE_02711",32.6666666666667,75.6666666666667,176.333333333333,326.142664119648,920.843931151704,1742.61939742922,TRUE
"FGLBJAKE_02712",0,0,0,0,0,0,FALSE
"FGLBJAKE_02713",9.66666666666667,0,6.66666666666667,96.5116046884672,0,65.8835310937325,TRUE
"FGLBJAKE_02714",0,0,0,0,0,0,FALSE
"FGLBJAKE_02715",34.3333333333333,0,27,342.782595962487,0,266.828300929617,TRUE
"FGLBJAKE_02716",0,0,0,0,0,0,FALSE
"FGLBJAKE_02717",0,0,0,0,0,0,FALSE
"FGLBJAKE_02718",0,0,0,0,0,0,FALSE
"FGLBJAKE_02719",0,0,0,0,0,0,FALSE
"FGLBJAKE_02720",0,0,0,0,0,0,FALSE
"FGLBJAKE_02721",0,0,0,0,0,0,FALSE
"FGLBJAKE_02722",0,0,0,0,0,0,FALSE
"FGLBJAKE_02723",0,0,0,0,0,0,FALSE
"FGLBJAKE_02724",0,0,0,0,0,0,FALSE
"FGLBJAKE_02725",0,0,0,0,0,0,FALSE
"FGLBJAKE_02726",0,0,0,0,0,0,FALSE
"FGLBJAKE_02727",0,0,0,0,0,0,FALSE
"FGLBJAKE_02728",60.6666666666667,11.6666666666667,58.6666666666667,605.693519079346,141.980341807531,579.775073624846,TRUE
"FGLBJAKE_02729",0,0,0,0,0,0,FALSE
"FGLBJAKE_02730",145,29.6666666666667,49,1447.67407032701,361.03572631058,484.243953538934,TRUE
"FGLBJAKE_02731",97.6666666666667,0,79,975.100005990375,0,780.71984346073,TRUE
"FGLBJAKE_02732",0,0,0,0,0,0,FALSE
"FGLBJAKE_02733",0,0,0,0,0,0,FALSE
"FGLBJAKE_02734",0,0,0,0,0,0,FALSE
"FGLBJAKE_02735",753.333333333333,876.666666666667,1327.66666666667,7521.24919296331,10668.8085415374,13120.7052173168,TRUE
"FGLBJAKE_02736",0,7,0,0,85.1882050845189,0,TRUE
"FGLBJAKE_02737",21.6666666666667,0,10,216.319113956909,0,98.8252966405987,TRUE
"FGLBJAKE_02738",25.3333333333333,0,11.6666666666667,252.926964011155,0,115.296179414032,TRUE
"FGLBJAKE_02739",0,0,0,0,0,0,FALSE
"FGLBJAKE_02740",0,0,0,0,0,0,FALSE
"FGLBJAKE_02741",0,0,0,0,0,0,FALSE
"FGLBJAKE_02742",0,0,0,0,0,0,FALSE
"FGLBJAKE_02743",0,0,0,0,0,0,FALSE
"FGLBJAKE_02744",189.666666666667,90.3333333333333,196.666666666667,1893.6242437151,1099.33350370974,1943.56416726511,TRUE
"FGLBJAKE_02745",40,38.3333333333333,22.6666666666667,399.35836422814,466.506837367603,224.004005718691,TRUE
"FGLBJAKE_02746",101.666666666667,32,91,1015.03584241319,389.431794672086,899.310199429449,TRUE
"FGLBJAKE_02747",0,0,0,0,0,0,FALSE
"FGLBJAKE_02748",0,0,0,0,0,0,FALSE
"FGLBJAKE_02749",0,0,0,0,0,0,FALSE
"FGLBJAKE_02750",1.66666666666667,3.33333333333333,58.6666666666667,16.6399318428392,40.565811945009,579.775073624846,TRUE
"FGLBJAKE_02751",59.6666666666667,9.33333333333333,20.6666666666667,595.709559973642,113.584273446025,204.238946390571,TRUE
"FGLBJAKE_02752",1,0,0,9.9839591057035,0,0,TRUE
"FGLBJAKE_02753",0,0,0,0,0,0,FALSE
"FGLBJAKE_02754",0,0,0,0,0,0,FALSE
"FGLBJAKE_02755",0,1.33333333333333,9.33333333333333,0,16.2263247780036,92.2369435312255,TRUE
"FGLBJAKE_02756",19.3333333333333,0.333333333333333,72,193.023209376934,4.0565811945009,711.542135812311,TRUE
"FGLBJAKE_02757",0,0,0,0,0,0,FALSE
"FGLBJAKE_02758",0,0,0,0,0,0,FALSE
"FGLBJAKE_02759",16.6666666666667,2,0,166.399318428392,24.3394871670054,0,TRUE
"FGLBJAKE_02760",0,0,0.666666666666667,0,0,6.58835310937325,TRUE
"FGLBJAKE_02761",22,37.6666666666667,74.3333333333333,219.647100325477,458.393674978601,734.601371695117,TRUE
"FGLBJAKE_02762",0,0,0,0,0,0,FALSE
"FGLBJAKE_02763",91,160,85.3333333333333,908.540278619019,1947.15897336043,843.309197999776,TRUE
"FGLBJAKE_02764",0,0,0.666666666666667,0,0,6.58835310937325,TRUE
"FGLBJAKE_02765",0,0,0,0,0,0,FALSE
"FGLBJAKE_02766",0,0,0,0,0,0,FALSE
"FGLBJAKE_02767",0,0,0,0,0,0,FALSE
"FGLBJAKE_02768",11,0,9,109.823550162739,0,88.9427669765389,TRUE
"FGLBJAKE_02769",0,6.33333333333333,0,0,77.0750426955171,0,TRUE
"FGLBJAKE_02770",0,0,0,0,0,0,FALSE
"FGLBJAKE_02771",0,0,0,0,0,0,FALSE
"FGLBJAKE_02772",0,0,0,0,0,0,FALSE
"FGLBJAKE_02773",0,0,0,0,0,0,FALSE
"FGLBJAKE_02774",0,0,0,0,0,0,FALSE
"FGLBJAKE_02775",0,0,0,0,0,0,FALSE
"FGLBJAKE_02776",0,0,0,0,0,0,FALSE
"FGLBJAKE_02777",0,0,0,0,0,0,FALSE
"FGLBJAKE_02778",86,3,85,858.620483090501,36.5092307505081,840.015021445089,TRUE
"FGLBJAKE_02779",2.66666666666667,0,0,26.6238909485427,0,0,TRUE
"FGLBJAKE_02780",0,0,0,0,0,0,FALSE
"FGLBJAKE_02781",0,0,0,0,0,0,FALSE
"FGLBJAKE_02782",0,0,0,0,0,0,FALSE
"FGLBJAKE_02783",0,0,0,0,0,0,FALSE
"FGLBJAKE_02784",20.6666666666667,0,0,206.335154851206,0,0,TRUE
"FGLBJAKE_02786",164,0,0.666666666666667,1637.36929333537,0,6.58835310937325,TRUE
"FGLBJAKE_02787",14.3333333333333,3.66666666666667,12.6666666666667,143.103413848417,44.6223931395099,125.178709078092,TRUE
"FGLBJAKE_02788",1.33333333333333,8,0,13.3119454742713,97.3579486680216,0,TRUE
"FGLBJAKE_02789",0,0,0,0,0,0,FALSE
"FGLBJAKE_02790",0,0,0,0,0,0,FALSE
"FGLBJAKE_02791",1,1.66666666666667,0,9.9839591057035,20.2829059725045,0,TRUE
"FGLBJAKE_02792",0,0,0,0,0,0,FALSE
"FGLBJAKE_02793",0,0,0,0,0,0,FALSE
"FGLBJAKE_02794",0,0,0,0,0,0,FALSE
"FGLBJAKE_02795",59.3333333333333,62.3333333333333,0,592.381573605074,758.580683371668,0,TRUE
"FGLBJAKE_02796",0,0,0,0,0,0,FALSE
"FGLBJAKE_02797",2,0,0,19.967918211407,0,0,TRUE
"FGLBJAKE_02798",16.3333333333333,3.33333333333333,14.6666666666667,163.071332059824,40.565811945009,144.943768406211,TRUE
"FGLBJAKE_02799",0,0,0,0,0,0,FALSE
"FGLBJAKE_02800",0,0,10.3333333333333,0,0,102.119473195285,TRUE
"FGLBJAKE_02801",0,0,0,0,0,0,FALSE
"FGLBJAKE_02802",0,0,0,0,0,0,FALSE
"FGLBJAKE_02803",0,0,0,0,0,0,FALSE
"FGLBJAKE_02804",0,0,0,0,0,0,FALSE
"FGLBJAKE_02805",0,0,0,0,0,0,FALSE
"FGLBJAKE_02806",0,0,0,0,0,0,FALSE
"FGLBJAKE_02807",0,0,0,0,0,0,FALSE
"FGLBJAKE_02808",0,0,0,0,0,0,FALSE
"FGLBJAKE_02809",0,0,0,0,0,0,FALSE
"FGLBJAKE_02810",0.666666666666667,0,0,6.65597273713567,0,0,TRUE
"FGLBJAKE_02811",0,0,0,0,0,0,FALSE
"FGLBJAKE_02812",0,0,0,0,0,0,FALSE
"FGLBJAKE_02813",17.6666666666667,2,12,176.383277534095,24.3394871670054,118.590355968718,TRUE
"FGLBJAKE_02814",0,0,0,0,0,0,FALSE
"FGLBJAKE_02815",53.3333333333333,2,0,532.477818970853,24.3394871670054,0,TRUE
"FGLBJAKE_02816",0,0,0,0,0,0,FALSE
"FGLBJAKE_02817",0,0,0,0,0,0,FALSE
"FGLBJAKE_02818",0,0,0,0,0,0,FALSE
"FGLBJAKE_02821",0,0,0,0,0,0,FALSE
"FGLBJAKE_02822",0,0,0,0,0,0,FALSE
"FGLBJAKE_02823",357.333333333333,468.333333333333,255.666666666667,3567.60138710472,5699.49657827376,2526.63341744464,TRUE
"FGLBJAKE_02824",0,0,0,0,0,0,FALSE
"FGLBJAKE_02825",0,0,0,0,0,0,FALSE
"FGLBJAKE_02826",0,0,0,0,0,0,FALSE
"FGLBJAKE_02827",4.33333333333333,0,0,43.2638227913818,0,0,TRUE
"FGLBJAKE_02828",0,0,0,0,0,0,FALSE
"FGLBJAKE_02829",5.66666666666667,2.33333333333333,0,56.5757682656532,28.3960683615063,0,TRUE
"FGLBJAKE_02830",0,0,0,0,0,0,FALSE
"FGLBJAKE_02831",0,0,0,0,0,0,FALSE
"FGLBJAKE_02832",0,0,0,0,0,0,FALSE
"FGLBJAKE_02833",21,44.6666666666667,100.666666666667,209.663141219774,543.58188006312,994.841319515361,TRUE
"FGLBJAKE_02834",0,0,0,0,0,0,FALSE
"FGLBJAKE_02835",0,0,0,0,0,0,FALSE
"FGLBJAKE_02836",0,0,0,0,0,0,FALSE
"FGLBJAKE_02837",0,0,0,0,0,0,FALSE
"FGLBJAKE_02838",0,0,0,0,0,0,FALSE
"FGLBJAKE_02839",0,0,0,0,0,0,FALSE
"FGLBJAKE_02840",0,0,0,0,0,0,FALSE
"FGLBJAKE_02841",0,0,0,0,0,0,FALSE
"FGLBJAKE_02842",0,0,0,0,0,0,FALSE
"FGLBJAKE_02843",65.6666666666667,87.6666666666667,98.3333333333333,655.613314607863,1066.88085415374,971.782083632554,TRUE
"FGLBJAKE_02844",0,0,0,0,0,0,FALSE
"FGLBJAKE_02845",0,0,0,0,0,0,FALSE
"FGLBJAKE_02846",0,0,0,0,0,0,FALSE
"FGLBJAKE_02847",0,0,0,0,0,0,FALSE
"FGLBJAKE_02848",18,8.33333333333333,17.6666666666667,179.711263902663,101.414529862522,174.591357398391,TRUE
"FGLBJAKE_02849",0,0,0,0,0,0,FALSE
"FGLBJAKE_02850",0,0,0,0,0,0,FALSE
"FGLBJAKE_02851",0,0,0,0,0,0,FALSE
"FGLBJAKE_02852",7,0.333333333333333,9,69.8877137399245,4.0565811945009,88.9427669765389,TRUE
"FGLBJAKE_02853",0,0,0,0,0,0,FALSE
"FGLBJAKE_02854",0,0,0,0,0,0,FALSE
"FGLBJAKE_02855",0,0,0,0,0,0,FALSE
"FGLBJAKE_02856",0,0,0,0,0,0,FALSE
"FGLBJAKE_02857",0,0,0,0,0,0,FALSE
"FGLBJAKE_02858",28.3333333333333,57,34.3333333333333,282.878841328266,693.675384259654,339.300185132722,TRUE
"FGLBJAKE_02859",0,0,0,0,0,0,FALSE
"FGLBJAKE_02860",45.6666666666667,137,57,455.934132493793,1667.25487093987,563.304190851413,TRUE
"FGLBJAKE_02861",134.333333333333,84.3333333333333,119,1341.17850653284,1026.31504220873,1176.02103002312,TRUE
"FGLBJAKE_02862",0,0,0,0,0,0,FALSE
"FGLBJAKE_02863",6.66666666666667,48.6666666666667,23.6666666666667,66.5597273713567,592.260854397131,233.88653538275,TRUE
"FGLBJAKE_02864",0,0,0,0,0,0,FALSE
"FGLBJAKE_02865",0,0,0,0,0,0,FALSE
"FGLBJAKE_02866",0,0,0,0,0,0,FALSE
"FGLBJAKE_02867",0,0,0,0,0,0,FALSE
"FGLBJAKE_02868",0,0,1.33333333333333,0,0,13.1767062187465,TRUE
"FGLBJAKE_02869",0,0,0,0,0,0,FALSE
"FGLBJAKE_02870",0,0,0,0,0,0,FALSE
"FGLBJAKE_02871",0,0,0,0,0,0,FALSE
"FGLBJAKE_02872",0,0,0,0,0,0,FALSE
"FGLBJAKE_02873",0,126,39.3333333333333,0,1533.38769152134,388.712833453022,TRUE
"FGLBJAKE_02874",73.3333333333333,35.3333333333333,94,732.157001084924,429.997606617095,928.957788421628,TRUE
"FGLBJAKE_02875",0,0,0,0,0,0,FALSE
"FGLBJAKE_02876",4.33333333333333,2.33333333333333,2.66666666666667,43.2638227913818,28.3960683615063,26.353412437493,TRUE
"FGLBJAKE_02877",0,0,0,0,0,0,FALSE
"FGLBJAKE_02878",0,0,0,0,0,0,FALSE
"FGLBJAKE_02879",0,0,0,0,0,0,FALSE
"FGLBJAKE_02880",0,0,0,0,0,0,FALSE
"FGLBJAKE_02881",4,0,0,39.935836422814,0,0,TRUE
"FGLBJAKE_02882",0,5,0,0,60.8487179175135,0,TRUE
"FGLBJAKE_02883",0,0,0,0,0,0,FALSE
"FGLBJAKE_02884",0,0,0,0,0,0,FALSE
"FGLBJAKE_02885",0,0,0,0,0,0,FALSE
"FGLBJAKE_02886",80.3333333333333,48,0,802.044714824848,584.147692008129,0,TRUE
"FGLBJAKE_02887",4,1.66666666666667,9.33333333333333,39.935836422814,20.2829059725045,92.2369435312255,TRUE
"FGLBJAKE_02888",0,8,0,0,97.3579486680216,0,TRUE
"FGLBJAKE_02889",0,1,0,0,12.1697435835027,0,TRUE
"FGLBJAKE_02890",0,0,0,0,0,0,FALSE
"FGLBJAKE_02891",0,0,0,0,0,0,FALSE
"FGLBJAKE_02892",0,0,0,0,0,0,FALSE
"FGLBJAKE_02893",0,10.3333333333333,0,0,125.754017029528,0,TRUE
"FGLBJAKE_02894",0,0,0,0,0,0,FALSE
"FGLBJAKE_02895",0,0,0,0,0,0,FALSE
"FGLBJAKE_02896",0,0,0,0,0,0,FALSE
"FGLBJAKE_02897",0,0,0,0,0,0,FALSE
"FGLBJAKE_02898",0,0,0,0,0,0,FALSE
"FGLBJAKE_02899",0,0,0,0,0,0,FALSE
"FGLBJAKE_02900",0,0,0,0,0,0,FALSE
"FGLBJAKE_02901",0,0,0,0,0,0,FALSE
"FGLBJAKE_02902",0,0,0,0,0,0,FALSE
"FGLBJAKE_02903",0,0,0,0,0,0,FALSE
"FGLBJAKE_02904",0,0,0,0,0,0,FALSE
"FGLBJAKE_02905",0,5.33333333333333,2,0,64.9052991120144,19.7650593281198,TRUE
"FGLBJAKE_02906",1,76,16.6666666666667,9.9839591057035,924.900512346205,164.708827734331,TRUE
"FGLBJAKE_02907",0,0,0,0,0,0,FALSE
"FGLBJAKE_02908",0,8,4,0,97.3579486680216,39.5301186562395,TRUE
"FGLBJAKE_02909",0,0,0,0,0,0,FALSE
"FGLBJAKE_02910",0,0,0,0,0,0,FALSE
"FGLBJAKE_02911",0,0,0,0,0,0,FALSE
"FGLBJAKE_02912",142.666666666667,49.6666666666667,90.6666666666667,1424.37816574703,604.430597980634,896.016022874762,TRUE
"FGLBJAKE_02913",20.6666666666667,5,10.3333333333333,206.335154851206,60.8487179175135,102.119473195285,TRUE
"FGLBJAKE_02914",0,0,30,0,0,296.475889921796,TRUE
"FGLBJAKE_02915",43,26,47,429.310241545251,316.41333317107,464.478894210814,TRUE
"FGLBJAKE_02916",0,11.3333333333333,0,0,137.923760613031,0,TRUE
"FGLBJAKE_02917",0,0,0,0,0,0,FALSE
"FGLBJAKE_02918",0,0,0,0,0,0,FALSE
"FGLBJAKE_02919",86.3333333333333,253,188,861.948469459069,3078.94512662618,1857.91557684326,TRUE
"FGLBJAKE_02920",0,0,0,0,0,0,FALSE
"FGLBJAKE_02921",0,0,0,0,0,0,FALSE
"FGLBJAKE_02922",18.3333333333333,54.6666666666667,96,183.039250271231,665.279315898147,948.722847749748,TRUE
"FGLBJAKE_02923",0,0,0,0,0,0,FALSE
"FGLBJAKE_02924",6.33333333333333,0,4.33333333333333,63.2317410027889,0,42.8242952109261,TRUE
"FGLBJAKE_02925",8,0,0,79.871672845628,0,0,TRUE
"FGLBJAKE_02926",21,7.66666666666667,45.3333333333333,209.663141219774,93.3013674735207,448.008011437381,TRUE
"FGLBJAKE_02927",14.6666666666667,23.6666666666667,32.6666666666667,146.431400216985,288.017264809564,322.829302359289,TRUE
"FGLBJAKE_02928",0,0,0,0,0,0,FALSE
"FGLBJAKE_02929",0,0,0,0,0,0,FALSE
"FGLBJAKE_02930",0,4.66666666666667,6,0,56.7921367230126,59.2951779843592,TRUE
"FGLBJAKE_02931",0,0,0,0,0,0,FALSE
"FGLBJAKE_02932",0,0,0,0,0,0,FALSE
"FGLBJAKE_02933",0,0,0,0,0,0,FALSE
"FGLBJAKE_02934",0,0,0,0,0,0,FALSE
"FGLBJAKE_02935",750.666666666667,990.666666666667,767.666666666667,7494.62530201476,12056.1593100567,7586.4886054433,TRUE
"FGLBJAKE_02936",0,0,0,0,0,0,FALSE
"FGLBJAKE_02937",0,0,0,0,0,0,FALSE
"FGLBJAKE_02938",1.33333333333333,0,3.66666666666667,13.3119454742713,0,36.2359421015529,TRUE
"FGLBJAKE_02939",0,0,0.333333333333333,0,0,3.29417655468662,TRUE
"FGLBJAKE_02940",0,0,0,0,0,0,FALSE
"FGLBJAKE_02941",0,0.333333333333333,8,0,4.0565811945009,79.060237312479,TRUE
"FGLBJAKE_02942",0,0,0,0,0,0,FALSE
"FGLBJAKE_02943",9.66666666666667,14,36.6666666666667,96.5116046884672,170.376410169038,362.359421015529,TRUE
"FGLBJAKE_02944",0,0,0,0,0,0,FALSE
"FGLBJAKE_02945",349.666666666667,780,568.333333333333,3491.05770062766,9492.3999951321,5616.5710257407,TRUE
"FGLBJAKE_02946",0,0,0,0,0,0,FALSE
"FGLBJAKE_02947",0,0,0,0,0,0,FALSE
"FGLBJAKE_02948",0,0,0,0,0,0,FALSE
"FGLBJAKE_02949",0,0,0,0,0,0,FALSE
"FGLBJAKE_02950",0,0,0,0,0,0,FALSE
"FGLBJAKE_02951",0,0,0,0,0,0,FALSE
"FGLBJAKE_02952",0,0,0,0,0,0,FALSE
"FGLBJAKE_02953",0,0,0,0,0,0,FALSE
"FGLBJAKE_02954",0,0,0,0,0,0,FALSE
"FGLBJAKE_02955",0,0,0,0,0,0,FALSE
"FGLBJAKE_02956",0,0,0,0,0,0,FALSE
"FGLBJAKE_02957",0,0,0,0,0,0,FALSE
"FGLBJAKE_02958",0,0,0,0,0,0,FALSE
"FGLBJAKE_02959",0,0,0,0,0,0,FALSE
"FGLBJAKE_02960",0,0,0,0,0,0,FALSE
"FGLBJAKE_02961",0,0,0,0,0,0,FALSE
"FGLBJAKE_02962",0,17.6666666666667,0,0,214.998803308548,0,TRUE
"FGLBJAKE_02963",39.6666666666667,39.6666666666667,55.3333333333333,396.030377859572,482.733162145607,546.83330807798,TRUE
"FGLBJAKE_02964",0,0,0,0,0,0,FALSE
"FGLBJAKE_02965",0,0,0,0,0,0,FALSE
"FGLBJAKE_02966",0,0,0,0,0,0,FALSE
"FGLBJAKE_02967",0,0,0,0,0,0,FALSE
"FGLBJAKE_02968",0,0,0,0,0,0,FALSE
"FGLBJAKE_02969",0,0,0,0,0,0,FALSE
"FGLBJAKE_02970",0,18.3333333333333,109,0,223.111965697549,1077.19573338253,TRUE
"FGLBJAKE_02971",0,0,0,0,0,0,FALSE
"FGLBJAKE_02972",0,0,0,0,0,0,FALSE
"FGLBJAKE_02973",0,0,0,0,0,0,FALSE
"FGLBJAKE_02974",0,0,0,0,0,0,FALSE
"FGLBJAKE_02975",0,0,0,0,0,0,FALSE
"FGLBJAKE_02976",0,0,0,0,0,0,FALSE
"FGLBJAKE_02977",0,0,0,0,0,0,FALSE
"FGLBJAKE_02978",0,0,0,0,0,0,FALSE
"FGLBJAKE_02979",50.3333333333333,9,0,502.525941653743,109.527692251524,0,TRUE
"FGLBJAKE_02980",0,0,0,0,0,0,FALSE
"FGLBJAKE_02981",0,0,0,0,0,0,FALSE
"FGLBJAKE_02982",0,0,0,0,0,0,FALSE
"FGLBJAKE_02983",0,0,0,0,0,0,FALSE
"FGLBJAKE_02984",0,0,0,0,0,0,FALSE
"FGLBJAKE_02985",0,0,0,0,0,0,FALSE
"FGLBJAKE_02986",0,0,0,0,0,0,FALSE
"FGLBJAKE_02987",0,0,0,0,0,0,FALSE
"FGLBJAKE_02988",245,89.6666666666667,182,2446.06998089736,1091.22034132074,1798.6203988589,TRUE
"FGLBJAKE_02989",23,11,32.3333333333333,229.631059431181,133.86717941853,319.535125804603,TRUE
"FGLBJAKE_02990",0,0,0,0,0,0,FALSE
"FGLBJAKE_02991",0,0,0,0,0,0,FALSE
"FGLBJAKE_02992",144,16.3333333333333,160,1437.6901112213,198.772478530544,1581.20474624958,TRUE
"FGLBJAKE_02993",0,0,0,0,0,0,FALSE
"FGLBJAKE_02994",16,0,0,159.743345691256,0,0,TRUE
"FGLBJAKE_02995",0,0,0,0,0,0,FALSE
"FGLBJAKE_02996",165.666666666667,56.6666666666667,134.666666666667,1654.00922517821,689.618803065153,1330.8473280934,TRUE
"FGLBJAKE_02997",35,57.3333333333333,84,349.438568699623,697.731965454155,830.132491781029,TRUE
"FGLBJAKE_02998",0,0,0,0,0,0,FALSE
"FGLBJAKE_02999",0,0,0,0,0,0,FALSE
"FGLBJAKE_03000",0,0,0,0,0,0,FALSE
"FGLBJAKE_03001",391,286.333333333333,406.333333333333,3903.72801033007,3484.60324607627,4015.601220163,TRUE
"FGLBJAKE_03002",0,0,0,0,0,0,FALSE
"FGLBJAKE_03003",84.3333333333333,76,73,841.980551247662,924.900512346205,721.424665476371,TRUE
"FGLBJAKE_03004",26.3333333333333,21,41.6666666666667,262.910923116859,255.564615253557,411.772069335828,TRUE
"FGLBJAKE_03005",0,43,0,0,523.298974090616,0,TRUE
"FGLBJAKE_03006",0,0,0,0,0,0,FALSE
"FGLBJAKE_03007",0,0,0,0,0,0,FALSE
"FGLBJAKE_03008",177,227,59,1767.16076170952,2762.53179345511,583.069250179533,TRUE
"FGLBJAKE_03009",0,0,0,0,0,0,FALSE
"FGLBJAKE_03010",0,0,0,0,0,0,FALSE
"FGLBJAKE_03011",0,0,0,0,0,0,FALSE
"FGLBJAKE_03012",0,0,0,0,0,0,FALSE
"FGLBJAKE_03013",36115.3333333333,16560.3333333333,15313,360574.011088851,201535.010323999,151331.176745749,TRUE
"FGLBJAKE_03014",0,0,1.66666666666667,0,0,16.4708827734331,TRUE
"FGLBJAKE_03015",0,0,0,0,0,0,FALSE
"FGLBJAKE_03016",0,0,0,0,0,0,FALSE
"FGLBJAKE_03017",1,0,0,9.9839591057035,0,0,TRUE
"FGLBJAKE_03018",0,0,0,0,0,0,FALSE
"FGLBJAKE_03019",0,0,0,0,0,0,FALSE
"FGLBJAKE_03020",0,0,0,0,0,0,FALSE
"FGLBJAKE_03021",0,0,0,0,0,0,FALSE
"FGLBJAKE_03022",0,0,0,0,0,0,FALSE
"FGLBJAKE_03023",3,31.3333333333333,43.3333333333333,29.9518773171105,381.318632283084,428.242952109261,TRUE
"FGLBJAKE_03024",0,0,0,0,0,0,FALSE
"FGLBJAKE_03025",0,0,0,0,0,0,FALSE
"FGLBJAKE_03026",0,0,0,0,0,0,FALSE
"FGLBJAKE_03027",0,0,0.333333333333333,0,0,3.29417655468662,TRUE
"FGLBJAKE_03028",93,78,104,928.508196830426,949.23999951321,1027.78308506223,TRUE
"FGLBJAKE_03029",183.333333333333,196.666666666667,217,1830.39250271231,2393.38290475553,2144.50893710099,TRUE
"FGLBJAKE_03030",0,0,0,0,0,0,FALSE
"FGLBJAKE_03031",0,0,0,0,0,0,FALSE
"FGLBJAKE_03032",0,0,0,0,0,0,FALSE
"FGLBJAKE_03033",0,0,0,0,0,0,FALSE
"FGLBJAKE_03034",0,0,0,0,0,0,FALSE
"FGLBJAKE_03035",0,0,0,0,0,0,FALSE
"FGLBJAKE_03036",0,0,0,0,0,0,FALSE
"FGLBJAKE_03037",0,0,0,0,0,0,FALSE
"FGLBJAKE_03038",112.666666666667,79.3333333333333,42.3333333333333,1124.85939257593,965.466324291214,418.360422445201,TRUE
"FGLBJAKE_03039",0,48.6666666666667,0,0,592.260854397131,0,TRUE
"FGLBJAKE_03040",0,0.666666666666667,2.33333333333333,0,8.1131623890018,23.0592358828064,TRUE
"FGLBJAKE_03041",0,0,0,0,0,0,FALSE
"FGLBJAKE_03042",0,0,0,0,0,0,FALSE
"FGLBJAKE_03043",13,4.66666666666667,0,129.791468374146,56.7921367230126,0,TRUE
"FGLBJAKE_03044",8.33333333333333,81.3333333333333,25,83.1996592141959,989.805811458219,247.063241601497,TRUE
"FGLBJAKE_03045",0,0,0,0,0,0,FALSE
"FGLBJAKE_03046",0,0,0,0,0,0,FALSE
"FGLBJAKE_03047",0,0,0,0,0,0,FALSE
"FGLBJAKE_03048",0,0,0,0,0,0,FALSE
"FGLBJAKE_03049",0,0,0,0,0,0,FALSE
"FGLBJAKE_03050",958.333333333333,1092.66666666667,1273.33333333333,9567.96080963252,13297.4731555739,12583.7544389029,TRUE
"FGLBJAKE_03051",0,0,0,0,0,0,FALSE
"FGLBJAKE_03052",0,0,0,0,0,0,FALSE
"FGLBJAKE_03053",0,0,0,0,0,0,FALSE
"FGLBJAKE_03054",0,0,0,0,0,0,FALSE
"FGLBJAKE_03055",0,0,0,0,0,0,FALSE
"FGLBJAKE_03056",162.333333333333,70.3333333333333,61,1620.72936149254,855.93863203969,602.834309507652,TRUE
"FGLBJAKE_03057",77.3333333333333,218.666666666667,231.666666666667,772.092837507737,2661.11726359259,2289.4527055072,TRUE
"FGLBJAKE_03058",0,0,0,0,0,0,FALSE
"FGLBJAKE_03059",0,0,0,0,0,0,FALSE
"FGLBJAKE_03060",13.3333333333333,0,0,133.119454742713,0,0,TRUE
"FGLBJAKE_03061",0,0,0,0,0,0,FALSE
"FGLBJAKE_03062",0,0,0,0,0,0,FALSE
"FGLBJAKE_03063",0,0,0,0,0,0,FALSE
"FGLBJAKE_03064",0,0,0,0,0,0,FALSE
"FGLBJAKE_03065",0,0,0,0,0,0,FALSE
"FGLBJAKE_03066",0,0,0,0,0,0,FALSE
"FGLBJAKE_03067",0,0,4,0,0,39.5301186562395,TRUE
"FGLBJAKE_03068",0,0,0,0,0,0,FALSE
"FGLBJAKE_03069",267.666666666667,204.333333333333,278,2672.37305395997,2486.68427222905,2747.34324660865,TRUE
"FGLBJAKE_03070",0,0,0,0,0,0,FALSE
"FGLBJAKE_03071",0,0,0,0,0,0,FALSE
"FGLBJAKE_03072",0,0,0,0,0,0,FALSE
"FGLBJAKE_03073",34,218.333333333333,166,339.454609593919,2657.06068239809,1640.49992423394,TRUE
"FGLBJAKE_03074",0,0,0,0,0,0,FALSE
"FGLBJAKE_03075",112.666666666667,46,29.3333333333333,1124.85939257593,559.808204841124,289.887536812423,TRUE
"FGLBJAKE_03076",0,0,0,0,0,0,FALSE
"FGLBJAKE_03077",0,0,0,0,0,0,FALSE
"FGLBJAKE_03078",190.666666666667,308.333333333333,534.666666666667,1903.6082028208,3752.33760491333,5283.85919371735,TRUE
"FGLBJAKE_03079",24.3333333333333,26.3333333333333,23,242.943004905452,320.469914365571,227.298182273377,TRUE
"FGLBJAKE_03080",0,0,0,0,0,0,FALSE
"FGLBJAKE_03081",0,0,0,0,0,0,FALSE
"FGLBJAKE_03082",0,0,0,0,0,0,FALSE
"FGLBJAKE_03083",0,0,0,0,0,0,FALSE
"FGLBJAKE_03084",0,0,0,0,0,0,FALSE
"FGLBJAKE_03085",0,0,0,0,0,0,FALSE
"FGLBJAKE_03086",0,0,0,0,0,0,FALSE
"FGLBJAKE_03087",0,0,0,0,0,0,FALSE
"FGLBJAKE_03088",0,0,0,0,0,0,FALSE
"FGLBJAKE_03089",0,0,0,0,0,0,FALSE
"FGLBJAKE_03090",0,0,0,0,0,0,FALSE
"FGLBJAKE_03091",4.33333333333333,37.3333333333333,24.3333333333333,43.2638227913818,454.337093784101,240.474888492124,TRUE
"FGLBJAKE_03092",0,0,0,0,0,0,FALSE
"FGLBJAKE_03093",0,0,0,0,0,0,FALSE
"FGLBJAKE_03094",0,0,0,0,0,0,FALSE
"FGLBJAKE_03095",0,0,0,0,0,0,FALSE
"FGLBJAKE_03096",0,0,0,0,0,0,FALSE
"FGLBJAKE_03097",0,14,0,0,170.376410169038,0,TRUE
"FGLBJAKE_03098",0,0,0,0,0,0,FALSE
"FGLBJAKE_03099",0,0,0,0,0,0,FALSE
"FGLBJAKE_03100",49.3333333333333,0,7.33333333333333,492.541982548039,0,72.4718842031057,TRUE
"FGLBJAKE_03101",0,0,0,0,0,0,FALSE
"FGLBJAKE_03102",0,0,0,0,0,0,FALSE
"FGLBJAKE_03103",0,0,0,0,0,0,FALSE
"FGLBJAKE_03104",0,0,0,0,0,0,FALSE
"FGLBJAKE_03105",0,0,0,0,0,0,FALSE
