"gene","BHI_mean","Serum_mean","HSerum_mean","BHI_norm","Serum_norm","HSerum_norm","any_insertions","serum_depleted","bhi_depleted","log2FC_serum","category"
"FGLBJAKE_00008",26.3333333333333,43.3333333333333,64.3333333333333,262.910923116859,527.355555285117,635.776075054519,TRUE,FALSE,FALSE,1.00145804950222,"Present in both"
"FGLBJAKE_00012",206.666666666667,169.333333333333,72,2063.35154851206,2060.74324680646,711.542135812311,TRUE,FALSE,FALSE,-0.00182399320603322,"Present in both"
"FGLBJAKE_00014",154.333333333333,64.6666666666667,278,1540.85768864691,786.976751733174,2747.34324660865,TRUE,FALSE,FALSE,-0.968444642108727,"Present in both"
"FGLBJAKE_00016",80,19,83.3333333333333,798.71672845628,231.225128086551,823.544138671656,TRUE,FALSE,FALSE,-1.78396497797073,"Present in both"
"FGLBJAKE_00020",0,0,0.666666666666667,0,0,6.58835310937325,TRUE,FALSE,FALSE,0,"Present in both"
"FGLBJAKE_00022",0,13,17.3333333333333,0,158.206666585535,171.297180843704,TRUE,FALSE,TRUE,7.31475693802136,"Depleted in BHI"
"FGLBJAKE_00023",21.3333333333333,13.3333333333333,99.6666666666667,212.991127588341,162.263247780036,984.958789851301,TRUE,FALSE,FALSE,-0.39035091934102,"Present in both"
"FGLBJAKE_00025",28.6666666666667,88.6666666666667,88.6666666666667,286.206827696834,1079.05059773724,876.250963546642,TRUE,FALSE,FALSE,1.91093694920374,"Present in both"
"FGLBJAKE_00027",19.6666666666667,40.6666666666667,58.3333333333333,196.351195745502,494.90290572911,576.480897070159,TRUE,FALSE,FALSE,1.32929241829978,"Present in both"
"FGLBJAKE_00031",28.3333333333333,44.6666666666667,51,282.878841328266,543.58188006312,504.009012867054,TRUE,FALSE,FALSE,0.939873657216097,"Present in both"
"FGLBJAKE_00035",103.333333333333,173,141,1031.67577425603,2105.36563994597,1393.43668263244,TRUE,FALSE,FALSE,1.02836852557085,"Present in both"
"FGLBJAKE_00037",0,0,30.6666666666667,0,0,303.064243031169,TRUE,FALSE,FALSE,0,"Present in both"
"FGLBJAKE_00042",2.33333333333333,1,0,23.2959045799748,12.1697435835027,0,TRUE,FALSE,FALSE,-0.883485891150161,"Present in both"
"FGLBJAKE_00045",0,77.6666666666667,40.3333333333333,0,945.183418318709,398.595363117082,TRUE,FALSE,TRUE,9.88597606789446,"Depleted in BHI"
"FGLBJAKE_00046",11.6666666666667,2.33333333333333,27,116.479522899874,28.3960683615063,266.828300929617,TRUE,FALSE,FALSE,-1.99871419499034,"Present in both"
"FGLBJAKE_00049",5.33333333333333,6,14.6666666666667,53.2477818970853,73.0184615010162,144.943768406211,TRUE,FALSE,FALSE,0.44832099971421,"Present in both"
"FGLBJAKE_00051",0,0,1.33333333333333,0,0,13.1767062187465,TRUE,FALSE,FALSE,0,"Present in both"
"FGLBJAKE_00052",458.666666666667,173.666666666667,489.666666666667,4579.30924314934,2113.47880233497,4839.14535883465,TRUE,FALSE,FALSE,-1.11514290887978,"Present in both"
"FGLBJAKE_00054",1.66666666666667,0,0,16.6399318428392,0,0,TRUE,FALSE,FALSE,-4.14077308150911,"Present in both"
"FGLBJAKE_00059",0,4.66666666666667,0,0,56.7921367230126,0,TRUE,FALSE,TRUE,5.85280130591018,"Depleted in BHI"
"FGLBJAKE_00064",126.333333333333,20.6666666666667,82,1261.30683368721,251.508034059056,810.36743245291,TRUE,FALSE,FALSE,-2.32166143827986,"Present in both"
"FGLBJAKE_00072",295,342,341,2945.26793618253,4162.05230555792,3369.94261544442,TRUE,FALSE,FALSE,0.498753048659766,"Present in both"
"FGLBJAKE_00073",132.666666666667,97.3333333333333,195.333333333333,1324.53857469,1184.52170879426,1930.38746104636,TRUE,FALSE,FALSE,-0.161056573783206,"Present in both"
"FGLBJAKE_00077",22,0,0,219.647100325477,0,0,TRUE,TRUE,FALSE,-7.78559697777051,"Depleted in Serum"
"FGLBJAKE_00078",0,0,21.3333333333333,0,0,210.827299499944,TRUE,FALSE,FALSE,0,"Present in both"
"FGLBJAKE_00080",20,0,0,199.67918211407,0,0,TRUE,TRUE,FALSE,-7.64874715316906,"Depleted in Serum"
"FGLBJAKE_00082",88,10.6666666666667,68.6666666666667,878.588401301908,129.810598224029,678.600370265445,TRUE,FALSE,FALSE,-2.74934914804588,"Present in both"
"FGLBJAKE_00084",204,77.6666666666667,169.666666666667,2036.72765756351,945.183418318709,1676.73586633549,TRUE,FALSE,FALSE,-1.10676946486733,"Present in both"
"FGLBJAKE_00094",0.666666666666667,0.666666666666667,0,6.65597273713567,8.1131623890018,0,TRUE,FALSE,FALSE,0.251366082942428,"Present in both"
"FGLBJAKE_00095",0,0,17.3333333333333,0,0,171.297180843704,TRUE,FALSE,FALSE,0,"Present in both"
"FGLBJAKE_00100",0,0,28,0,0,276.710830593676,TRUE,FALSE,FALSE,0,"Present in both"
"FGLBJAKE_00101",61.3333333333333,23.6666666666667,16.6666666666667,612.349491816482,288.017264809564,164.708827734331,TRUE,FALSE,FALSE,-1.08555369175625,"Present in both"
"FGLBJAKE_00102",10.3333333333333,8.33333333333333,58,103.167577425603,101.414529862522,573.186720515473,TRUE,FALSE,FALSE,-0.0244858934778959,"Present in both"
"FGLBJAKE_00103",1887.66666666667,5894,13732.3333333333,18846.3868051996,71728.4686811649,135710.191523425,TRUE,FALSE,FALSE,1.92820143705407,"Present in both"
"FGLBJAKE_00106",68.3333333333333,0,51,682.237205556406,0,504.009012867054,TRUE,TRUE,FALSE,-9.41624272856543,"Depleted in Serum"
"FGLBJAKE_00114",19.6666666666667,0,0,196.351195745502,0,0,TRUE,TRUE,FALSE,-7.62462145028205,"Depleted in Serum"
"FGLBJAKE_00144",0,0.333333333333333,0.333333333333333,0,4.0565811945009,3.29417655468662,TRUE,FALSE,FALSE,2.33816229386219,"Present in both"
"FGLBJAKE_00148",0.333333333333333,3.66666666666667,0,3.32798636856783,44.6223931395099,0,TRUE,FALSE,FALSE,3.39797426536692,"Present in both"
"FGLBJAKE_00149",93.3333333333333,31.6666666666667,2.33333333333333,931.836183198994,385.375213477585,23.0592358828064,TRUE,FALSE,FALSE,-1.27162120322647,"Present in both"
"FGLBJAKE_00150",0,0,17.6666666666667,0,0,174.591357398391,TRUE,FALSE,FALSE,0,"Present in both"
"FGLBJAKE_00152",7.66666666666667,2.33333333333333,65.6666666666667,76.5436864770602,28.3960683615063,648.952781273265,TRUE,FALSE,FALSE,-1.39938611166984,"Present in both"
"FGLBJAKE_00154",19.3333333333333,12.3333333333333,0,193.023209376934,150.093504196533,0,TRUE,FALSE,FALSE,-0.360787602728507,"Present in both"
"FGLBJAKE_00158",0,51.3333333333333,23.6666666666667,0,624.713503953138,233.88653538275,TRUE,FALSE,TRUE,9.2893584299411,"Depleted in BHI"
"FGLBJAKE_00161",17.6666666666667,1.66666666666667,0,176.383277534095,20.2829059725045,0,TRUE,FALSE,FALSE,-3.05910295347213,"Present in both"
"FGLBJAKE_00162",31.6666666666667,0,58,316.158705013944,0,573.186720515473,TRUE,TRUE,FALSE,-8.30906112995307,"Depleted in Serum"
"FGLBJAKE_00165",20,32.6666666666667,0,199.67918211407,397.544957061088,0,TRUE,FALSE,FALSE,0.989851510308947,"Present in both"
"FGLBJAKE_00166",212,104.666666666667,121,2116.59933040914,1273.76649507328,1195.78608935124,TRUE,FALSE,FALSE,-0.732196637659252,"Present in both"
"FGLBJAKE_00169",0,14,19.6666666666667,0,170.376410169038,194.356416726511,TRUE,FALSE,TRUE,7.42102472702945,"Depleted in BHI"
"FGLBJAKE_00171",715.333333333333,571.333333333333,895.666666666667,7141.85874694657,6952.98016737454,8851.45240244296,TRUE,FALSE,FALSE,-0.0386626391754579,"Present in both"
"FGLBJAKE_00172",225.333333333333,113.333333333333,217.666666666667,2249.71878515186,1379.23760613031,2151.09729021037,TRUE,FALSE,FALSE,-0.705469164815585,"Present in both"
"FGLBJAKE_00173",0,154,0,0,1874.14051185942,0,TRUE,FALSE,TRUE,10.8727829912932,"Depleted in BHI"
"FGLBJAKE_00174",20.3333333333333,13.3333333333333,44.6666666666667,203.007168482638,162.263247780036,441.419658328008,TRUE,FALSE,FALSE,-0.321419784962607,"Present in both"
"FGLBJAKE_00176",30.6666666666667,0,0,306.174745908241,0,0,TRUE,TRUE,FALSE,-8.26291580085139,"Depleted in Serum"
"FGLBJAKE_00177",9.33333333333333,4.66666666666667,39,93.1836183198994,56.7921367230126,385.418656898335,TRUE,FALSE,FALSE,-0.704602937733765,"Present in both"
"FGLBJAKE_00178",120,130,175,1198.07509268442,1582.06666585535,1729.44269121048,TRUE,FALSE,FALSE,0.400800000213554,"Present in both"
"FGLBJAKE_00179",0,3.33333333333333,4,0,40.565811945009,39.5301186562395,TRUE,FALSE,TRUE,5.37732548825383,"Depleted in BHI"
"FGLBJAKE_00180",99,46.6666666666667,31.3333333333333,988.411951464647,567.921367230126,309.652596140543,TRUE,FALSE,FALSE,-0.798342060454072,"Present in both"
"FGLBJAKE_00183",185.333333333333,139.666666666667,315.333333333333,1850.36042092372,1699.70752049588,3116.29102073355,TRUE,FALSE,FALSE,-0.122450730348146,"Present in both"
"FGLBJAKE_00185",72.6666666666667,20,51.6666666666667,725.501028347788,243.394871670054,510.597365976427,TRUE,FALSE,FALSE,-1.57175082769703,"Present in both"
"FGLBJAKE_00188",39.3333333333333,16,1,392.702391491004,194.715897336043,9.88252966405988,TRUE,FALSE,FALSE,-1.00834453004519,"Present in both"
"FGLBJAKE_00191",62,4.66666666666667,15.3333333333333,619.005464553617,56.7921367230126,151.532121515585,TRUE,FALSE,FALSE,-3.42333581492802,"Present in both"
"FGLBJAKE_00195",257.666666666667,87,123.333333333333,2572.53346290294,1058.76769176473,1218.84532523405,TRUE,FALSE,FALSE,-1.28000249065909,"Present in both"
"FGLBJAKE_00196",53,30.6666666666667,68.3333333333333,529.149832602286,373.205469894083,675.306193710758,TRUE,FALSE,FALSE,-0.502569509167514,"Present in both"
"FGLBJAKE_00200",290.666666666667,302,255.333333333333,2902.00411339115,3675.26256221781,2523.33924088995,TRUE,FALSE,FALSE,0.34069319279537,"Present in both"
"FGLBJAKE_00201",156,7,41.3333333333333,1557.49762048975,85.1882050845189,408.477892781142,TRUE,FALSE,FALSE,-4.17652169302814,"Present in both"
"FGLBJAKE_00202",246.666666666667,332.333333333333,208,2462.7099127402,4044.4114509174,2055.56617012445,TRUE,FALSE,FALSE,0.715454046589069,"Present in both"
"FGLBJAKE_00204",0.333333333333333,0,0,3.32798636856783,0,0,TRUE,FALSE,FALSE,-2.11369595525748,"Present in both"
"FGLBJAKE_00205",0,21.6666666666667,27,0,263.677777642558,266.828300929617,TRUE,FALSE,TRUE,8.04809326095589,"Depleted in BHI"
"FGLBJAKE_00206",143.666666666667,51.6666666666667,161.333333333333,1434.36212485274,628.770085147639,1594.38145246833,TRUE,FALSE,FALSE,-1.18851762325495,"Present in both"
"FGLBJAKE_00207",0,4.33333333333333,0,0,52.7355555285117,0,TRUE,FALSE,TRUE,5.74780509576696,"Depleted in BHI"
"FGLBJAKE_00208",281.333333333333,174,317.666666666667,2808.82049507125,2117.53538352947,3139.35025661635,TRUE,FALSE,FALSE,-0.407410742423923,"Present in both"
"FGLBJAKE_00210",0,0,7.66666666666667,0,0,75.7660607577924,TRUE,FALSE,FALSE,0,"Present in both"
"FGLBJAKE_00215",0.333333333333333,0.333333333333333,0,3.32798636856783,4.0565811945009,0,TRUE,FALSE,FALSE,0.224466338604708,"Present in both"
"FGLBJAKE_00216",0,6.66666666666667,0.333333333333333,0,81.131623890018,3.29417655468662,TRUE,FALSE,TRUE,6.35986591792252,"Depleted in BHI"
"FGLBJAKE_00220",16.3333333333333,5.33333333333333,34,163.071332059824,64.9052991120144,336.006008578036,TRUE,FALSE,FALSE,-1.31585680608349,"Present in both"
"FGLBJAKE_00221",179,116.666666666667,161.333333333333,1787.12867992093,1419.80341807531,1594.38145246833,TRUE,FALSE,FALSE,-0.331743604033693,"Present in both"
"FGLBJAKE_00223",58.3333333333333,0,1.33333333333333,582.397614499371,0,13.1767062187465,TRUE,TRUE,FALSE,-9.18833567687306,"Depleted in Serum"
"FGLBJAKE_00228",10.3333333333333,6,4,103.167577425603,73.0184615010162,39.5301186562395,TRUE,FALSE,FALSE,-0.492949248739859,"Present in both"
"FGLBJAKE_00229",25.3333333333333,12.3333333333333,7,252.926964011155,150.093504196533,69.1777076484191,TRUE,FALSE,FALSE,-0.748971962532755,"Present in both"
"FGLBJAKE_00236",74.3333333333333,15.3333333333333,48,742.140960190627,186.602734947041,474.361423874874,TRUE,FALSE,FALSE,-1.98595502928456,"Present in both"
"FGLBJAKE_00240",314.666666666667,231,484.666666666667,3141.61913192804,2811.21076778912,4789.73271051435,TRUE,FALSE,FALSE,-0.160262711409231,"Present in both"
"FGLBJAKE_00245",6.66666666666667,0,3.66666666666667,66.5597273713567,0,36.2359421015529,TRUE,TRUE,FALSE,-6.078091601227,"Depleted in Serum"
"FGLBJAKE_00249",0,16.3333333333333,0,0,198.772478530544,0,TRUE,FALSE,TRUE,7.64221403505549,"Depleted in BHI"
"FGLBJAKE_00250",0,0.333333333333333,0,0,4.0565811945009,0,TRUE,FALSE,FALSE,2.33816229386219,"Present in both"
"FGLBJAKE_00254",1.33333333333333,0,0,13.3119454742713,0,0,TRUE,FALSE,FALSE,-3.83914789101278,"Present in both"
"FGLBJAKE_00256",73.3333333333333,21.3333333333333,24.3333333333333,732.157001084924,259.621196448058,240.474888492124,TRUE,FALSE,FALSE,-1.49216775199315,"Present in both"
"FGLBJAKE_00260",38.3333333333333,12,15,382.718432385301,146.036923002032,148.237944960898,TRUE,FALSE,FALSE,-1.38386958702482,"Present in both"
"FGLBJAKE_00265",44.6666666666667,59.6666666666667,59,445.95017338809,726.128033815661,583.069250179533,TRUE,FALSE,FALSE,0.702095411688942,"Present in both"
"FGLBJAKE_00266",39.6666666666667,0,0,396.030377859572,0,0,TRUE,TRUE,FALSE,-8.63310558583488,"Depleted in Serum"
"FGLBJAKE_00268",0,29.3333333333333,49,0,356.979145116079,484.243953538934,TRUE,FALSE,TRUE,8.4837317322531,"Depleted in BHI"
"FGLBJAKE_00275",11,10,21.6666666666667,109.823550162739,121.697435835027,214.121476054631,TRUE,FALSE,FALSE,0.146840610752784,"Present in both"
"FGLBJAKE_00276",25.6666666666667,42,63.3333333333333,256.254950379723,511.129230507113,625.893545390459,TRUE,FALSE,FALSE,0.993309066021955,"Present in both"
"FGLBJAKE_00282",0,10.3333333333333,0,0,125.754017029528,0,TRUE,FALSE,TRUE,6.98588765895006,"Depleted in BHI"
"FGLBJAKE_00283",0.666666666666667,0,33.3333333333333,6.65597273713567,0,329.417655468663,TRUE,FALSE,FALSE,-2.93658569240633,"Present in both"
"FGLBJAKE_00289",53.6666666666667,42,41,535.805805339421,511.129230507113,405.183716226455,TRUE,FALSE,FALSE,-0.0678923684741662,"Present in both"
"FGLBJAKE_00290",23.3333333333333,4.33333333333333,0.666666666666667,232.959045799748,52.7355555285117,6.58835310937325,TRUE,FALSE,FALSE,-2.12230710418983,"Present in both"
"FGLBJAKE_00293",3.33333333333333,1,0,33.2798636856783,12.1697435835027,0,TRUE,FALSE,FALSE,-1.38013411614503,"Present in both"
"FGLBJAKE_00295",6,0,0,59.903754634221,0,0,TRUE,TRUE,FALSE,-5.92845926596148,"Depleted in Serum"
"FGLBJAKE_00296",1.66666666666667,8.33333333333333,0,16.6399318428392,101.414529862522,0,TRUE,FALSE,FALSE,2.5375035176812,"Present in both"
"FGLBJAKE_00300",0,17,117,0,206.885640919546,1156.25597069501,TRUE,FALSE,TRUE,7.69964630155645,"Depleted in BHI"
"FGLBJAKE_00304",0,0,13.6666666666667,0,0,135.061238742152,TRUE,FALSE,FALSE,0,"Present in both"
"FGLBJAKE_00313",0.333333333333333,24.3333333333333,0,3.32798636856783,296.130427198566,0,TRUE,FALSE,FALSE,6.10125658429101,"Present in both"
"FGLBJAKE_00317",0,0,12.3333333333333,0,0,121.884532523405,TRUE,FALSE,FALSE,0,"Present in both"
"FGLBJAKE_00318",1.66666666666667,114,183.333333333333,16.6399318428392,1387.35076851931,1811.79710507764,TRUE,FALSE,FALSE,6.2983833157886,"Present in both"
"FGLBJAKE_00320",76,327.333333333333,220.333333333333,758.780892033466,3983.56273299988,2177.45070264786,TRUE,FALSE,FALSE,2.39076607637089,"Present in both"
"FGLBJAKE_00321",33.6666666666667,5.66666666666667,40,336.126623225351,68.9618803065153,395.301186562395,TRUE,FALSE,FALSE,-2.26864959389345,"Present in both"
"FGLBJAKE_00322",0,0,3.33333333333333,0,0,32.9417655468663,TRUE,FALSE,FALSE,0,"Present in both"
"FGLBJAKE_00323",23.3333333333333,22.3333333333333,107.333333333333,232.959045799748,271.79094003156,1060.72485060909,TRUE,FALSE,FALSE,0.221539719998967,"Present in both"
"FGLBJAKE_00326",1.66666666666667,0,0,16.6399318428392,0,0,TRUE,FALSE,FALSE,-4.14077308150911,"Present in both"
"FGLBJAKE_00331",39.6666666666667,36.3333333333333,13.3333333333333,396.030377859572,442.167350200598,131.767062187465,TRUE,FALSE,FALSE,0.158602200492123,"Present in both"
"FGLBJAKE_00342",0,7.33333333333333,0,0,89.2447862790198,0,TRUE,FALSE,TRUE,6.49577168033119,"Depleted in BHI"
"FGLBJAKE_00343",2107.33333333333,1472.33333333333,3136,21039.5298220858,17917.9191361105,30991.6130264918,TRUE,FALSE,FALSE,-0.231687416543141,"Present in both"
"FGLBJAKE_00360",0,17.3333333333333,72.6666666666667,0,210.942222114047,718.130488921684,TRUE,FALSE,TRUE,7.72752721291042,"Depleted in BHI"
"FGLBJAKE_00361",212.333333333333,280,638.333333333333,2119.92731677771,3407.52820338075,6308.34810222489,TRUE,FALSE,FALSE,0.684453739259608,"Present in both"
"FGLBJAKE_00362",586.333333333333,364,693.666666666667,5853.92802231082,4429.78666439498,6855.18141030287,TRUE,FALSE,FALSE,-0.402088570096448,"Present in both"
"FGLBJAKE_00365",118.333333333333,155.333333333333,95,1181.43516084158,1890.36683663742,938.840318085688,TRUE,FALSE,FALSE,0.67766813058383,"Present in both"
"FGLBJAKE_00369",68.3333333333333,51.3333333333333,162.333333333333,682.237205556406,624.713503953138,1604.26398213239,TRUE,FALSE,FALSE,-0.126884298624325,"Present in both"
"FGLBJAKE_00373",40,61,18.3333333333333,399.35836422814,742.354358593664,181.179710507764,TRUE,FALSE,FALSE,0.892758163424583,"Present in both"
"FGLBJAKE_00376",0,4.33333333333333,0,0,52.7355555285117,0,TRUE,FALSE,TRUE,5.74780509576696,"Depleted in BHI"
"FGLBJAKE_00378",19,23,109.666666666667,189.695223008367,279.904102420562,1083.7840864919,TRUE,FALSE,FALSE,0.558808990219657,"Present in both"
"FGLBJAKE_00379",181.333333333333,335.666666666667,368.333333333333,1810.4245845009,4084.9772628624,3640.06509292872,TRUE,FALSE,FALSE,1.17355643301072,"Present in both"
"FGLBJAKE_00397",29.6666666666667,14.3333333333333,59.6666666666667,296.190786802537,174.432991363539,589.657603288906,TRUE,FALSE,FALSE,-0.76046930976823,"Present in both"
"FGLBJAKE_00398",76.6666666666667,18.3333333333333,26.3333333333333,765.436864770602,223.111965697549,260.239947820243,TRUE,FALSE,FALSE,-1.77394727607994,"Present in both"
"FGLBJAKE_00402",0,0,18.6666666666667,0,0,184.473887062451,TRUE,FALSE,FALSE,0,"Present in both"
"FGLBJAKE_00405",0,0.666666666666667,0,0,8.1131623890018,0,TRUE,FALSE,FALSE,3.18795177534876,"Present in both"
"FGLBJAKE_00407",1.33333333333333,0,0,13.3119454742713,0,0,TRUE,FALSE,FALSE,-3.83914789101278,"Present in both"
"FGLBJAKE_00411",0,0,13.6666666666667,0,0,135.061238742152,TRUE,FALSE,FALSE,0,"Present in both"
"FGLBJAKE_00412",0.333333333333333,0.666666666666667,0,3.32798636856783,8.1131623890018,0,TRUE,FALSE,FALSE,1.07425582009128,"Present in both"
"FGLBJAKE_00415",0,7.33333333333333,2,0,89.2447862790198,19.7650593281198,TRUE,FALSE,TRUE,6.49577168033119,"Depleted in BHI"
"FGLBJAKE_00418",0,0.666666666666667,0,0,8.1131623890018,0,TRUE,FALSE,FALSE,3.18795177534876,"Present in both"
"FGLBJAKE_00421",0,0.333333333333333,0,0,4.0565811945009,0,TRUE,FALSE,FALSE,2.33816229386219,"Present in both"
"FGLBJAKE_00430",0,9.33333333333333,14.3333333333333,0,113.584273446025,141.649591851525,TRUE,FALSE,TRUE,6.84026523929405,"Depleted in BHI"
"FGLBJAKE_00433",0,0,1.33333333333333,0,0,13.1767062187465,TRUE,FALSE,FALSE,0,"Present in both"
"FGLBJAKE_00448",18.6666666666667,7,32.3333333333333,186.367236639799,85.1882050845189,319.535125804603,TRUE,FALSE,FALSE,-1.12030634877104,"Present in both"
"FGLBJAKE_00454",114,214,375,1138.1713380502,2604.32512686958,3705.94862402245,TRUE,FALSE,FALSE,1.19347866911367,"Present in both"
"FGLBJAKE_00455",0,25.6666666666667,89,0,312.356751976569,879.545140101329,TRUE,FALSE,TRUE,8.2916622693479,"Depleted in BHI"
"FGLBJAKE_00456",12.6666666666667,0,0.333333333333333,126.463482005578,0,3.29417655468662,TRUE,TRUE,FALSE,-6.99394016724548,"Depleted in Serum"
"FGLBJAKE_00459",7.33333333333333,6.66666666666667,8.66666666666667,73.2157001084923,81.131623890018,85.6485904218522,TRUE,FALSE,FALSE,0.146213406099117,"Present in both"
"FGLBJAKE_00462",0,12,6,0,146.036923002032,59.2951779843592,TRUE,FALSE,TRUE,7.20003467098005,"Depleted in BHI"
"FGLBJAKE_00463",0,50,51.6666666666667,0,608.487179175135,510.597365976427,TRUE,FALSE,TRUE,9.25145206322892,"Depleted in BHI"
"FGLBJAKE_00471",0,1.33333333333333,0,0,16.2263247780036,0,TRUE,FALSE,FALSE,4.10654303149835,"Present in both"
"FGLBJAKE_00472",0,0,30,0,0,296.475889921796,TRUE,FALSE,FALSE,0,"Present in both"
"FGLBJAKE_00481",62.6666666666667,46.3333333333333,36.3333333333333,625.661437290753,563.864786035625,359.065244460842,TRUE,FALSE,FALSE,-0.149780651973349,"Present in both"
"FGLBJAKE_00483",0.333333333333333,7.66666666666667,0,3.32798636856783,93.3013674735207,0,TRUE,FALSE,FALSE,4.4455108313464,"Present in both"
"FGLBJAKE_00489",18,0,0,179.711263902663,0,0,TRUE,TRUE,FALSE,-7.49754262331565,"Depleted in Serum"
"FGLBJAKE_00492",1.33333333333333,0,2.33333333333333,13.3119454742713,0,23.0592358828064,TRUE,FALSE,FALSE,-3.83914789101278,"Present in both"
"FGLBJAKE_00496",28,1.66666666666667,14.3333333333333,279.550854959698,20.2829059725045,141.649591851525,TRUE,FALSE,FALSE,-3.72049525404126,"Present in both"
"FGLBJAKE_00507",0,14.6666666666667,0,0,178.48957255804,0,TRUE,FALSE,TRUE,7.48775622292736,"Depleted in BHI"
"FGLBJAKE_00530",9.33333333333333,0,0,93.1836183198994,0,0,TRUE,TRUE,FALSE,-6.55740424364395,"Depleted in Serum"
"FGLBJAKE_00531",193.666666666667,234,214.666666666667,1933.56008013791,2847.71999853963,2121.44970121819,TRUE,FALSE,FALSE,0.558308291601596,"Present in both"
"FGLBJAKE_00540",17,3.33333333333333,39.6666666666667,169.72730479696,40.565811945009,392.007010007708,TRUE,FALSE,FALSE,-2.03822451176079,"Present in both"
"FGLBJAKE_00543",19,77.6666666666667,175,189.695223008367,945.183418318709,1729.44269121048,TRUE,FALSE,FALSE,2.3108511741044,"Present in both"
"FGLBJAKE_00554",0.666666666666667,0,0,6.65597273713567,0,0,TRUE,FALSE,FALSE,-2.93658569240633,"Present in both"
"FGLBJAKE_00556",27.6666666666667,4.66666666666667,71,276.22286859113,56.7921367230126,701.659606148251,TRUE,FALSE,FALSE,-2.26210115664334,"Present in both"
"FGLBJAKE_00557",778.666666666667,549,1878.66666666667,7774.17615697446,6681.18922734298,18565.9790622138,TRUE,FALSE,FALSE,-0.218554524062891,"Present in both"
"FGLBJAKE_00558",27.6666666666667,12.6666666666667,35,276.22286859113,154.150085391034,345.888538242096,TRUE,FALSE,FALSE,-0.837381781885822,"Present in both"
"FGLBJAKE_00560",0,9.66666666666667,0,0,117.640854640526,0,TRUE,FALSE,TRUE,6.8904570853064,"Depleted in BHI"
"FGLBJAKE_00563",0,0,19.3333333333333,0,0,191.062240171824,TRUE,FALSE,FALSE,0,"Present in both"
"FGLBJAKE_00564",0,53,0,0,644.996409925643,0,TRUE,FALSE,TRUE,9.33538233705172,"Depleted in BHI"
"FGLBJAKE_00565",0,1.33333333333333,1,0,16.2263247780036,9.88252966405988,TRUE,FALSE,FALSE,4.10654303149835,"Present in both"
"FGLBJAKE_00566",0.666666666666667,18.3333333333333,1,6.65597273713567,223.111965697549,9.88252966405988,TRUE,FALSE,FALSE,4.87149017607686,"Present in both"
"FGLBJAKE_00567",26.6666666666667,0,0,266.238909485427,0,0,TRUE,TRUE,FALSE,-8.06198626657969,"Depleted in Serum"
"FGLBJAKE_00571",173.666666666667,22.3333333333333,170.666666666667,1733.88089802384,271.79094003156,1686.61839599955,TRUE,FALSE,FALSE,-2.66896898789699,"Present in both"
"FGLBJAKE_00573",0,2.33333333333333,0,0,28.3960683615063,0,TRUE,FALSE,TRUE,4.8775513065933,"Depleted in BHI"
"FGLBJAKE_00577",0,1,0,0,12.1697435835027,0,TRUE,FALSE,FALSE,3.71915535130864,"Present in both"
"FGLBJAKE_00578",151,137.333333333333,205,1507.57782496123,1671.31145213437,2025.91858113227,TRUE,FALSE,FALSE,0.148654436114495,"Present in both"
"FGLBJAKE_00582",0,0,27.6666666666667,0,0,273.41665403899,TRUE,FALSE,FALSE,0,"Present in both"
"FGLBJAKE_00586",0,0,13.3333333333333,0,0,131.767062187465,TRUE,FALSE,FALSE,0,"Present in both"
"FGLBJAKE_00588",20.3333333333333,0,0,203.007168482638,0,0,TRUE,TRUE,FALSE,-7.67247603683743,"Depleted in Serum"
"FGLBJAKE_00593",15.6666666666667,8,19.6666666666667,156.415359322688,97.3579486680216,194.356416726511,TRUE,FALSE,FALSE,-0.67846276244711,"Present in both"
"FGLBJAKE_00596",0.666666666666667,2.33333333333333,0,6.65597273713567,28.3960683615063,0,TRUE,FALSE,FALSE,1.94096561418697,"Present in both"
"FGLBJAKE_00601",8,33,12.3333333333333,79.871672845628,401.601538255589,121.884532523405,TRUE,FALSE,FALSE,2.31564632521108,"Present in both"
"FGLBJAKE_00602",0.333333333333333,61,32.3333333333333,3.32798636856783,742.354358593664,319.535125804603,TRUE,FALSE,FALSE,7.4242103450306,"Present in both"
"FGLBJAKE_00603",0,13.6666666666667,0,0,166.319828974537,0,TRUE,FALSE,TRUE,7.38646461822364,"Depleted in BHI"
"FGLBJAKE_00605",12.6666666666667,28.3333333333333,40.6666666666667,126.463482005578,344.809401532576,401.889539671768,TRUE,FALSE,FALSE,1.43989311464433,"Present in both"
"FGLBJAKE_00611",183.333333333333,205.333333333333,326,1830.39250271231,2498.85401581255,3221.70467048352,TRUE,FALSE,FALSE,0.448902826534496,"Present in both"
"FGLBJAKE_00612",177.333333333333,128.666666666667,87,1770.48874807809,1565.84034107735,859.780080773209,TRUE,FALSE,FALSE,-0.177104123338011,"Present in both"
"FGLBJAKE_00616",0,3.66666666666667,13.3333333333333,0,44.6223931395099,131.767062187465,TRUE,FALSE,TRUE,5.5116702206244,"Depleted in BHI"
"FGLBJAKE_00618",0,0,36,0,0,355.771067906155,TRUE,FALSE,FALSE,0,"Present in both"
"FGLBJAKE_00620",0,0.333333333333333,10.6666666666667,0,4.0565811945009,105.413649749972,TRUE,FALSE,FALSE,2.33816229386219,"Present in both"
"FGLBJAKE_00622",67.3333333333333,0,0,672.253246450702,0,0,TRUE,TRUE,FALSE,-9.39500547124439,"Depleted in Serum"
"FGLBJAKE_00625",70.3333333333333,74.6666666666667,26,702.205123767813,908.674187568201,256.945771265557,TRUE,FALSE,FALSE,0.371404334141376,"Present in both"
"FGLBJAKE_00629",35,11.6666666666667,19.3333333333333,349.438568699623,141.980341807531,191.062240171824,TRUE,FALSE,FALSE,-1.29334475808999,"Present in both"
"FGLBJAKE_00630",6,13,82.3333333333333,59.903754634221,158.206666585535,813.661609007596,TRUE,FALSE,FALSE,1.38629767205989,"Present in both"
"FGLBJAKE_00631",8,0,0,79.871672845628,0,0,TRUE,TRUE,FALSE,-6.33756254906699,"Depleted in Serum"
"FGLBJAKE_00632",0,0,2,0,0,19.7650593281198,TRUE,FALSE,FALSE,0,"Present in both"
"FGLBJAKE_00634",0,4.66666666666667,17.3333333333333,0,56.7921367230126,171.297180843704,TRUE,FALSE,TRUE,5.85280130591018,"Depleted in BHI"
"FGLBJAKE_00637",33.6666666666667,203.333333333333,222.666666666667,336.126623225351,2474.51452864555,2200.50993853067,TRUE,FALSE,FALSE,2.87636594841664,"Present in both"
"FGLBJAKE_00638",153.333333333333,212.333333333333,254,1530.8737295412,2584.04222089707,2510.16253467121,TRUE,FALSE,FALSE,0.754890461343148,"Present in both"
"FGLBJAKE_00643",0,0,12.3333333333333,0,0,121.884532523405,TRUE,FALSE,FALSE,0,"Present in both"
"FGLBJAKE_00644",10.3333333333333,0,0,103.167577425603,0,0,TRUE,TRUE,FALSE,-6.7027624926682,"Depleted in Serum"
"FGLBJAKE_00646",1,6,3,9.9839591057035,73.0184615010162,29.6475889921796,TRUE,FALSE,FALSE,2.75248698972051,"Present in both"
"FGLBJAKE_00647",2.33333333333333,32.3333333333333,46.6666666666667,23.2959045799748,393.488375866587,461.184717656127,TRUE,FALSE,FALSE,4.02119773722081,"Present in both"
"FGLBJAKE_00656",0,8,34.3333333333333,0,97.3579486680216,339.300185132722,TRUE,FALSE,TRUE,6.61996974160122,"Depleted in BHI"
"FGLBJAKE_00657",19,100,7,189.695223008367,1216.97435835027,69.1777076484191,TRUE,FALSE,FALSE,2.67514315180897,"Present in both"
"FGLBJAKE_00658",0.333333333333333,3,0.333333333333333,3.32798636856783,36.5092307505081,3.29417655468662,TRUE,FALSE,FALSE,3.11547781575091,"Present in both"
"FGLBJAKE_00659",0.333333333333333,132,6.33333333333333,3.32798636856783,1606.40615302236,62.5893545390459,TRUE,FALSE,FALSE,8.53682283895063,"Present in both"
"FGLBJAKE_00661",18.6666666666667,21.6666666666667,0,186.367236639799,263.677777642558,0,TRUE,FALSE,FALSE,0.498368368289114,"Present in both"
"FGLBJAKE_00662",0,0.666666666666667,0,0,8.1131623890018,0,TRUE,FALSE,FALSE,3.18795177534876,"Present in both"
"FGLBJAKE_00663",7,1.66666666666667,5.66666666666667,69.8877137399245,20.2829059725045,56.0010014296726,TRUE,FALSE,FALSE,-1.73584045101976,"Present in both"
"FGLBJAKE_00665",0,40.6666666666667,0,0,494.90290572911,0,TRUE,FALSE,TRUE,8.95391386858183,"Depleted in BHI"
"FGLBJAKE_00672",243.333333333333,326.333333333333,400.666666666667,2429.43004905452,3971.39298941638,3959.60021873332,TRUE,FALSE,FALSE,0.708796743877163,"Present in both"
"FGLBJAKE_00673",26.3333333333333,0,0.333333333333333,262.910923116859,0,3.29417655468662,TRUE,TRUE,FALSE,-8.04390725396826,"Depleted in Serum"
"FGLBJAKE_00674",0,14,0,0,170.376410169038,0,TRUE,FALSE,TRUE,7.42102472702945,"Depleted in BHI"
"FGLBJAKE_00679",39.6666666666667,73,82,396.030377859572,888.391281595697,810.36743245291,TRUE,FALSE,FALSE,1.16356886644318,"Present in both"
"FGLBJAKE_00683",0,15,18.3333333333333,0,182.54615375254,181.179710507764,TRUE,FALSE,TRUE,7.51999907255718,"Depleted in BHI"
"FGLBJAKE_00684",467,249.333333333333,331.666666666667,4662.50890236354,3034.32273348667,3277.70567191319,TRUE,FALSE,FALSE,-0.619565950906361,"Present in both"
"FGLBJAKE_00687",134.666666666667,116.333333333333,84.3333333333333,1344.5064929014,1415.74683688081,833.426668335716,TRUE,FALSE,FALSE,0.0744326285068201,"Present in both"
"FGLBJAKE_00688",48.3333333333333,14.3333333333333,42.3333333333333,482.558023442336,174.432991363539,418.360422445201,TRUE,FALSE,FALSE,-1.46276893110956,"Present in both"
"FGLBJAKE_00690",20.6666666666667,29,22.6666666666667,206.335154851206,352.922563921578,224.004005718691,TRUE,FALSE,FALSE,0.771468987727405,"Present in both"
"FGLBJAKE_00697",0,17,42,0,206.885640919546,415.066245890515,TRUE,FALSE,TRUE,7.69964630155645,"Depleted in BHI"
"FGLBJAKE_00699",0,82.6666666666667,112,0,1006.03213623622,1106.84332237471,TRUE,FALSE,TRUE,9.97589400777725,"Depleted in BHI"
"FGLBJAKE_00703",34.6666666666667,27.3333333333333,22.3333333333333,346.110582331055,332.639657949074,220.709829164004,TRUE,FALSE,FALSE,-0.057104564795142,"Present in both"
"FGLBJAKE_00704",11.3333333333333,0,0,113.151536531306,0,0,TRUE,TRUE,FALSE,-6.83480646879574,"Depleted in Serum"
"FGLBJAKE_00710",15.6666666666667,74,22.3333333333333,156.415359322688,900.561025179199,220.709829164004,TRUE,FALSE,FALSE,2.51784883433761,"Present in both"
"FGLBJAKE_00713",25.3333333333333,34,65,252.926964011155,413.771281839092,642.364428163892,TRUE,FALSE,FALSE,0.707902407396284,"Present in both"
"FGLBJAKE_00715",1.33333333333333,0,0.333333333333333,13.3119454742713,0,3.29417655468662,TRUE,FALSE,FALSE,-3.83914789101278,"Present in both"
"FGLBJAKE_00718",86,0.333333333333333,0.666666666666667,858.620483090501,4.0565811945009,6.58835310937325,TRUE,FALSE,FALSE,-7.40939375571524,"Present in both"
"FGLBJAKE_00719",0.333333333333333,0,0,3.32798636856783,0,0,TRUE,FALSE,FALSE,-2.11369595525748,"Present in both"
"FGLBJAKE_00722",26,0,0,259.582936748291,0,0,TRUE,TRUE,FALSE,-8.02559880754654,"Depleted in Serum"
"FGLBJAKE_00723",100,24,70,998.39591057035,292.073846004065,691.777076484191,TRUE,FALSE,FALSE,-1.76979208747643,"Present in both"
"FGLBJAKE_00729",71.3333333333333,12.3333333333333,92,712.189082873516,150.093504196533,909.192729093508,TRUE,FALSE,FALSE,-2.23884298153714,"Present in both"
"FGLBJAKE_00730",16,44.6666666666667,76,159.743345691256,543.58188006312,751.07225446855,TRUE,FALSE,FALSE,1.76038996482368,"Present in both"
"FGLBJAKE_00732",9.66666666666667,0,0,96.5116046884672,0,0,TRUE,TRUE,FALSE,-6.6075020166239,"Depleted in Serum"
"FGLBJAKE_00734",8.66666666666667,0,0,86.5276455827637,0,0,TRUE,TRUE,FALSE,-6.45166685864141,"Depleted in Serum"
"FGLBJAKE_00742",82.3333333333333,0,0,822.012633036255,0,0,TRUE,TRUE,FALSE,-9.68477076559645,"Depleted in Serum"
"FGLBJAKE_00743",2.33333333333333,0.333333333333333,2.33333333333333,23.2959045799748,4.0565811945009,23.0592358828064,TRUE,FALSE,FALSE,-2.26447894859661,"Present in both"
"FGLBJAKE_00745",0,55.3333333333333,0,0,673.392478287149,0,TRUE,FALSE,TRUE,9.39744463530984,"Depleted in BHI"
"FGLBJAKE_00749",12.6666666666667,13.3333333333333,0,126.463482005578,162.263247780036,0,TRUE,FALSE,FALSE,0.35711608462934,"Present in both"
"FGLBJAKE_00750",0,34.3333333333333,0,0,417.827863033593,0,TRUE,FALSE,TRUE,8.71021361228044,"Depleted in BHI"
"FGLBJAKE_00757",19.6666666666667,0,5.66666666666667,196.351195745502,0,56.0010014296726,TRUE,TRUE,FALSE,-7.62462145028205,"Depleted in Serum"
"FGLBJAKE_00759",3.66666666666667,0,0,36.6078500542462,0,0,TRUE,TRUE,FALSE,-5.2329619283931,"Depleted in Serum"
"FGLBJAKE_00763",17.3333333333333,0,0,173.055291165527,0,0,TRUE,TRUE,FALSE,-7.4434018614763,"Depleted in Serum"
"FGLBJAKE_00765",25,20,25.3333333333333,249.598977642588,243.394871670054,250.357418156183,TRUE,FALSE,FALSE,-0.0361665167047818,"Present in both"
"FGLBJAKE_00775",33,42.6666666666667,0,329.470650488216,519.242392896115,0,TRUE,FALSE,FALSE,0.654661814824965,"Present in both"
"FGLBJAKE_00783",0,0,7.33333333333333,0,0,72.4718842031057,TRUE,FALSE,FALSE,0,"Present in both"
"FGLBJAKE_00788",0,0.666666666666667,12.3333333333333,0,8.1131623890018,121.884532523405,TRUE,FALSE,FALSE,3.18795177534876,"Present in both"
"FGLBJAKE_00793",0,4.66666666666667,0,0,56.7921367230126,0,TRUE,FALSE,TRUE,5.85280130591018,"Depleted in BHI"
"FGLBJAKE_00794",1.66666666666667,0,0,16.6399318428392,0,0,TRUE,FALSE,FALSE,-4.14077308150911,"Present in both"
"FGLBJAKE_00800",0,2.66666666666667,0,0,32.4526495560072,0,TRUE,FALSE,TRUE,5.0640485763051,"Depleted in BHI"
"FGLBJAKE_00801",0,0,20.6666666666667,0,0,204.238946390571,TRUE,FALSE,FALSE,0,"Present in both"
"FGLBJAKE_00809",0,11,11,0,133.86717941853,108.707826304659,TRUE,FALSE,TRUE,7.07539549394604,"Depleted in BHI"
"FGLBJAKE_00812",0,0,8.66666666666667,0,0,85.6485904218522,TRUE,FALSE,FALSE,0,"Present in both"
"FGLBJAKE_00814",0,0,25.3333333333333,0,0,250.357418156183,TRUE,FALSE,FALSE,0,"Present in both"
"FGLBJAKE_00815",16,0,11,159.743345691256,0,108.707826304659,TRUE,TRUE,FALSE,-7.32861520516974,"Depleted in Serum"
"FGLBJAKE_00818",6.66666666666667,6.66666666666667,20.3333333333333,66.5597273713567,81.131623890018,200.944769835884,TRUE,FALSE,FALSE,0.281774316695522,"Present in both"
"FGLBJAKE_00820",0,3,5.66666666666667,0,36.5092307505081,56.0010014296726,TRUE,FALSE,TRUE,5.22917377100839,"Depleted in BHI"
"FGLBJAKE_00822",0,0,22.3333333333333,0,0,220.709829164004,TRUE,FALSE,FALSE,0,"Present in both"
"FGLBJAKE_00824",0,0,11.6666666666667,0,0,115.296179414032,TRUE,FALSE,FALSE,0,"Present in both"
"FGLBJAKE_00825",15,0,0,149.759386585553,0,0,TRUE,TRUE,FALSE,-7.23610401981944,"Depleted in Serum"
"FGLBJAKE_00830",0.333333333333333,0,0,3.32798636856783,0,0,TRUE,FALSE,FALSE,-2.11369595525748,"Present in both"
"FGLBJAKE_00841",24.3333333333333,0,0,242.943004905452,0,0,TRUE,TRUE,FALSE,-7.93040030418068,"Depleted in Serum"
"FGLBJAKE_00842",0,27,0.333333333333333,0,328.583076754573,3.29417655468662,TRUE,FALSE,TRUE,8.36449835550863,"Depleted in BHI"
"FGLBJAKE_00843",43,22.3333333333333,11,429.310241545251,271.79094003156,108.707826304659,TRUE,FALSE,FALSE,-0.657581447197245,"Present in both"
"FGLBJAKE_00846",8.33333333333333,0,5,83.1996592141959,0,49.4126483202994,TRUE,TRUE,FALSE,-6.39574248909371,"Depleted in Serum"
"FGLBJAKE_00847",0,18.3333333333333,0,0,223.111965697549,0,TRUE,FALSE,TRUE,7.80807586848319,"Depleted in BHI"
"FGLBJAKE_00848",0,0,17.6666666666667,0,0,174.591357398391,TRUE,FALSE,FALSE,0,"Present in both"
"FGLBJAKE_00852",0,1,0,0,12.1697435835027,0,TRUE,FALSE,FALSE,3.71915535130864,"Present in both"
"FGLBJAKE_00854",16.3333333333333,83,24.6666666666667,163.071332059824,1010.08871743072,243.76906504681,TRUE,FALSE,FALSE,2.62351450526565,"Present in both"
"FGLBJAKE_00856",0.666666666666667,0,24.6666666666667,6.65597273713567,0,243.76906504681,TRUE,FALSE,FALSE,-2.93658569240633,"Present in both"
"FGLBJAKE_00860",23.6666666666667,0.666666666666667,0,236.287032168316,8.1131623890018,0,TRUE,FALSE,FALSE,-4.70253767324831,"Present in both"
"FGLBJAKE_00863",8.66666666666667,0,0,86.5276455827637,0,0,TRUE,TRUE,FALSE,-6.45166685864141,"Depleted in Serum"
"FGLBJAKE_00864",35.6666666666667,0,0,356.094541436758,0,0,TRUE,TRUE,FALSE,-8.48016227076589,"Depleted in Serum"
"FGLBJAKE_00871",0.666666666666667,0,0,6.65597273713567,0,0,TRUE,FALSE,FALSE,-2.93658569240633,"Present in both"
"FGLBJAKE_00874",3.66666666666667,1.33333333333333,0,36.6078500542462,16.2263247780036,0,TRUE,FALSE,FALSE,-1.12641889689474,"Present in both"
"FGLBJAKE_00877",11,0,7.66666666666667,109.823550162739,0,75.7660607577924,TRUE,TRUE,FALSE,-6.79212067849754,"Depleted in Serum"
"FGLBJAKE_00881",0.333333333333333,0,3,3.32798636856783,0,29.6475889921796,TRUE,FALSE,FALSE,-2.11369595525748,"Present in both"
"FGLBJAKE_00883",436.333333333333,284,480,4356.33415645529,3456.20717771477,4743.61423874874,TRUE,FALSE,FALSE,-0.333838693694472,"Present in both"
"FGLBJAKE_00887",2,79.3333333333333,33,19.967918211407,965.466324291214,326.123478913976,TRUE,FALSE,FALSE,5.52646392736467,"Present in both"
"FGLBJAKE_00889",21.3333333333333,3.66666666666667,7,212.991127588341,44.6223931395099,69.1777076484191,TRUE,FALSE,FALSE,-2.22973695059144,"Present in both"
"FGLBJAKE_00891",50.6666666666667,204.333333333333,88.6666666666667,505.853928022311,2486.68427222905,876.250963546642,TRUE,FALSE,FALSE,2.29516145852623,"Present in both"
"FGLBJAKE_00892",0,7.33333333333333,0,0,89.2447862790198,0,TRUE,FALSE,TRUE,6.49577168033119,"Depleted in BHI"
"FGLBJAKE_00893",0,131,23.3333333333333,0,1594.23640943885,230.592358828064,TRUE,FALSE,TRUE,10.6395545277439,"Depleted in BHI"
"FGLBJAKE_00899",458.666666666667,385.333333333333,460.666666666667,4579.30924314934,4689.40786084304,4552.55199857692,TRUE,FALSE,FALSE,0.034268373428702,"Present in both"
"FGLBJAKE_00900",0.333333333333333,1.33333333333333,0.666666666666667,3.32798636856783,16.2263247780036,6.58835310937325,TRUE,FALSE,FALSE,1.99284707624087,"Present in both"
"FGLBJAKE_00901",34.6666666666667,13,0,346.110582331055,158.206666585535,0,TRUE,FALSE,FALSE,-1.12449460091245,"Present in both"
"FGLBJAKE_00902",24.6666666666667,6,13.3333333333333,246.27099127402,73.0184615010162,131.767062187465,TRUE,FALSE,FALSE,-1.74013594497622,"Present in both"
"FGLBJAKE_00903",30.6666666666667,26.3333333333333,0,306.174745908241,320.469914365571,0,TRUE,FALSE,FALSE,0.0656241142632176,"Present in both"
"FGLBJAKE_00904",0.333333333333333,0.333333333333333,8.66666666666667,3.32798636856783,4.0565811945009,85.6485904218522,TRUE,FALSE,FALSE,0.224466338604708,"Present in both"
"FGLBJAKE_00906",82,72,52,818.684646667687,876.221538012194,513.891542531113,TRUE,FALSE,FALSE,0.0978722589190962,"Present in both"
"FGLBJAKE_00907",17.3333333333333,5.66666666666667,7.33333333333333,173.055291165527,68.9618803065153,72.4718842031057,TRUE,FALSE,FALSE,-1.31490470270915,"Present in both"
"FGLBJAKE_00911",27.3333333333333,18.3333333333333,0,272.894882222562,223.111965697549,0,TRUE,FALSE,FALSE,-0.289402630558233,"Present in both"
"FGLBJAKE_00913",129,30,83,1287.93072463575,365.092307505081,820.24996211697,TRUE,FALSE,FALSE,-1.81589536162152,"Present in both"
"FGLBJAKE_00914",0,0,42.6666666666667,0,0,421.654598999888,TRUE,FALSE,FALSE,0,"Present in both"
"FGLBJAKE_00915",36.6666666666667,27.3333333333333,81.6666666666667,366.078500542462,332.639657949074,807.073255898223,TRUE,FALSE,FALSE,-0.137797835197242,"Present in both"
"FGLBJAKE_00916",31.3333333333333,6,1,312.830718645376,73.0184615010162,9.88252966405988,TRUE,FALSE,FALSE,-2.0840295201674,"Present in both"
"FGLBJAKE_00917",79.6666666666667,170,60,795.388742087712,2068.85640919546,592.951779843592,TRUE,FALSE,FALSE,1.37798595596334,"Present in both"
"FGLBJAKE_00919",37,10.3333333333333,0,369.40648691103,125.754017029528,0,TRUE,FALSE,FALSE,-1.54707789549308,"Present in both"
"FGLBJAKE_00921",19.3333333333333,0,20.3333333333333,193.023209376934,0,200.944769835884,TRUE,TRUE,FALSE,-7.60008543007484,"Depleted in Serum"
"FGLBJAKE_00923",6.33333333333333,0,0,63.2317410027889,0,0,TRUE,TRUE,FALSE,-6.00521449614354,"Depleted in Serum"
"FGLBJAKE_00924",0,0,31.6666666666667,0,0,312.946772695229,TRUE,FALSE,FALSE,0,"Present in both"
"FGLBJAKE_00929",1.66666666666667,0,5.33333333333333,16.6399318428392,0,52.706824874986,TRUE,FALSE,FALSE,-4.14077308150911,"Present in both"
"FGLBJAKE_00931",0,7.33333333333333,0,0,89.2447862790198,0,TRUE,FALSE,TRUE,6.49577168033119,"Depleted in BHI"
"FGLBJAKE_00932",0,2.33333333333333,5,0,28.3960683615063,49.4126483202994,TRUE,FALSE,TRUE,4.8775513065933,"Depleted in BHI"
"FGLBJAKE_00933",97,18.3333333333333,68.3333333333333,968.44403325324,223.111965697549,675.306193710758,TRUE,FALSE,FALSE,-2.11293793413764,"Present in both"
"FGLBJAKE_00934",19.6666666666667,0,0,196.351195745502,0,0,TRUE,TRUE,FALSE,-7.62462145028205,"Depleted in Serum"
"FGLBJAKE_00938",0,0,81,0,0,800.48490278885,TRUE,FALSE,FALSE,0,"Present in both"
"FGLBJAKE_00939",0,1.66666666666667,0,0,20.2829059725045,0,TRUE,FALSE,FALSE,4.41162324506342,"Present in both"
"FGLBJAKE_00940",2,0.666666666666667,36.3333333333333,19.967918211407,8.1131623890018,359.065244460842,TRUE,FALSE,FALSE,-1.20215995087444,"Present in both"
"FGLBJAKE_00942",0,14,0,0,170.376410169038,0,TRUE,FALSE,TRUE,7.42102472702945,"Depleted in BHI"
"FGLBJAKE_00943",0,9,24.3333333333333,0,109.527692251524,240.474888492124,TRUE,FALSE,TRUE,6.78826406589541,"Depleted in BHI"
"FGLBJAKE_00946",0,1,0,0,12.1697435835027,0,TRUE,FALSE,FALSE,3.71915535130864,"Present in both"
"FGLBJAKE_00952",11.6666666666667,0,0,116.479522899874,0,0,TRUE,TRUE,FALSE,-6.87626550158364,"Depleted in Serum"
"FGLBJAKE_00954",34.6666666666667,0,19,346.110582331055,0,187.768063617138,TRUE,TRUE,FALSE,-8.43925153893382,"Depleted in Serum"
"FGLBJAKE_00955",0,0.333333333333333,0,0,4.0565811945009,0,TRUE,FALSE,FALSE,2.33816229386219,"Present in both"
"FGLBJAKE_00958",84,30.6666666666667,106.333333333333,838.652564879094,373.205469894083,1050.84232094503,TRUE,FALSE,FALSE,-1.16596183956522,"Present in both"
"FGLBJAKE_00959",57.6666666666667,76,98.3333333333333,575.741641762235,924.900512346205,971.782083632554,TRUE,FALSE,FALSE,0.682931993507784,"Present in both"
"FGLBJAKE_00962",331.333333333333,422.666666666667,598,3308.01845035643,5143.74495462714,5909.75273910781,TRUE,FALSE,FALSE,0.636696222965914,"Present in both"
"FGLBJAKE_00965",2,8.66666666666667,0,19.967918211407,105.471111057023,0,TRUE,FALSE,FALSE,2.34420649880526,"Present in both"
"FGLBJAKE_00967",98.6666666666667,44.3333333333333,119.666666666667,985.083965096079,539.52529886862,1182.6093831325,TRUE,FALSE,FALSE,-0.867348353618406,"Present in both"
"FGLBJAKE_00968",12,159,1.66666666666667,119.807509268442,1934.98922977693,16.4708827734331,TRUE,FALSE,FALSE,4.0022888877097,"Present in both"
"FGLBJAKE_00977",5.66666666666667,44.6666666666667,47,56.5757682656532,543.58188006312,464.478894210814,TRUE,FALSE,FALSE,3.24161531827329,"Present in both"
"FGLBJAKE_00978",0,0,17.3333333333333,0,0,171.297180843704,TRUE,FALSE,FALSE,0,"Present in both"
"FGLBJAKE_00984",0,0.333333333333333,9,0,4.0565811945009,88.9427669765389,TRUE,FALSE,FALSE,2.33816229386219,"Present in both"
"FGLBJAKE_00988",11.6666666666667,10,10.3333333333333,116.479522899874,121.697435835027,102.119473195285,TRUE,FALSE,FALSE,0.062695787666682,"Present in both"
"FGLBJAKE_00990",16.3333333333333,0,0,163.071332059824,0,0,TRUE,TRUE,FALSE,-7.35817937068472,"Depleted in Serum"
"FGLBJAKE_00993",0,41.3333333333333,0.666666666666667,0,503.016068118111,6.58835310937325,TRUE,FALSE,TRUE,8.97732591759674,"Depleted in BHI"
"FGLBJAKE_00995",0,66.3333333333333,0,0,807.259657705679,0,TRUE,FALSE,TRUE,9.65867503065482,"Depleted in BHI"
"FGLBJAKE_01002",75.6666666666667,167.333333333333,49.3333333333333,755.452905664898,2036.40375963945,487.53813009362,TRUE,FALSE,FALSE,1.42940973993016,"Present in both"
"FGLBJAKE_01003",16.3333333333333,18.3333333333333,27.6666666666667,163.071332059824,223.111965697549,273.41665403899,TRUE,FALSE,FALSE,0.449896497798464,"Present in both"
"FGLBJAKE_01004",33,115.666666666667,89,329.470650488216,1407.63367449181,879.545140101329,TRUE,FALSE,FALSE,2.09170242202369,"Present in both"
"FGLBJAKE_01007",0,0.333333333333333,0,0,4.0565811945009,0,TRUE,FALSE,FALSE,2.33816229386219,"Present in both"
"FGLBJAKE_01008",0,0.333333333333333,19.6666666666667,0,4.0565811945009,194.356416726511,TRUE,FALSE,FALSE,2.33816229386219,"Present in both"
"FGLBJAKE_01009",0,0,5,0,0,49.4126483202994,TRUE,FALSE,FALSE,0,"Present in both"
"FGLBJAKE_01010",0,0.333333333333333,0,0,4.0565811945009,0,TRUE,FALSE,FALSE,2.33816229386219,"Present in both"
"FGLBJAKE_01011",23,24.3333333333333,37.3333333333333,229.631059431181,296.130427198566,368.947774124902,TRUE,FALSE,FALSE,0.365509533792169,"Present in both"
"FGLBJAKE_01012",1,17.6666666666667,34,9.9839591057035,214.998803308548,336.006008578036,TRUE,FALSE,FALSE,4.29755325505931,"Present in both"
"FGLBJAKE_01014",82.6666666666667,39.6666666666667,66.3333333333333,825.340619404823,482.733162145607,655.541134382638,TRUE,FALSE,FALSE,-0.772525141692283,"Present in both"
"FGLBJAKE_01015",58.6666666666667,75,118.666666666667,585.725600867939,912.730768762702,1172.72685346844,TRUE,FALSE,FALSE,0.639083193908853,"Present in both"
"FGLBJAKE_01016",0,28.6666666666667,38.6666666666667,0,348.865982727077,382.124480343648,TRUE,FALSE,TRUE,8.45065858874313,"Depleted in BHI"
"FGLBJAKE_01020",855.333333333333,966.333333333333,1054,8539.61302174506,11760.0288828581,10416.1862659191,TRUE,FALSE,FALSE,0.461602744735891,"Present in both"
"FGLBJAKE_01021",1.33333333333333,20,66.3333333333333,13.3119454742713,243.394871670054,655.541134382638,TRUE,FALSE,FALSE,4.09392231103067,"Present in both"
"FGLBJAKE_01026",195.666666666667,148.333333333333,161,1953.52799834932,1805.1786315529,1591.08727591364,TRUE,FALSE,FALSE,-0.113879668383774,"Present in both"
"FGLBJAKE_01027",24.3333333333333,26,62,242.943004905452,316.41333317107,612.716839171712,TRUE,FALSE,FALSE,0.379818616463333,"Present in both"
"FGLBJAKE_01028",17.6666666666667,0,0,176.383277534095,0,0,TRUE,TRUE,FALSE,-7.47072619853554,"Depleted in Serum"
"FGLBJAKE_01029",6,0,0.666666666666667,59.903754634221,0,6.58835310937325,TRUE,TRUE,FALSE,-5.92845926596148,"Depleted in Serum"
"FGLBJAKE_01030",39.6666666666667,16,38.3333333333333,396.030377859572,194.715897336043,378.830303788962,TRUE,FALSE,FALSE,-1.02048845012926,"Present in both"
"FGLBJAKE_01033",0,11.3333333333333,0,0,137.923760613031,0,TRUE,FALSE,TRUE,7.11814955933856,"Depleted in BHI"
"FGLBJAKE_01038",0.333333333333333,0,0,3.32798636856783,0,0,TRUE,FALSE,FALSE,-2.11369595525748,"Present in both"
"FGLBJAKE_01040",16.6666666666667,30.3333333333333,42.3333333333333,166.399318428392,369.148888699582,418.360422445201,TRUE,FALSE,FALSE,1.14481204325749,"Present in both"
"FGLBJAKE_01041",17,9.33333333333333,3.33333333333333,169.72730479696,113.584273446025,32.9417655468663,TRUE,FALSE,FALSE,-0.575284760720571,"Present in both"
"FGLBJAKE_01044",32.3333333333333,8.66666666666667,73.6666666666667,322.81467775108,105.471111057023,728.013018585744,TRUE,FALSE,FALSE,-1.60470634581223,"Present in both"
"FGLBJAKE_01045",1.33333333333333,78.3333333333333,63,13.3119454742713,953.296580707711,622.599368835772,TRUE,FALSE,FALSE,6.05914600212143,"Present in both"
"FGLBJAKE_01046",21.3333333333333,24.3333333333333,61,212.991127588341,296.130427198566,602.834309507652,TRUE,FALSE,FALSE,0.473545368332646,"Present in both"
"FGLBJAKE_01057",23,10,0,229.631059431181,121.697435835027,0,TRUE,FALSE,FALSE,-0.910481716506001,"Present in both"
"FGLBJAKE_01059",26,1.66666666666667,0,259.582936748291,20.2829059725045,0,TRUE,FALSE,FALSE,-3.61397556248312,"Present in both"
"FGLBJAKE_01060",22.6666666666667,0,25.6666666666667,226.303073062613,0,253.65159471087,TRUE,TRUE,FALSE,-7.82847337882367,"Depleted in Serum"
"FGLBJAKE_01062",53.6666666666667,0,94.3333333333333,535.805805339421,0,932.251964976315,TRUE,TRUE,FALSE,-9.06825646356525,"Depleted in Serum"
"FGLBJAKE_01063",0,0,5,0,0,49.4126483202994,TRUE,FALSE,FALSE,0,"Present in both"
"FGLBJAKE_01064",8.66666666666667,13.3333333333333,64,86.5276455827637,162.263247780036,632.481898499832,TRUE,FALSE,FALSE,0.899389393233417,"Present in both"
"FGLBJAKE_01066",20.6666666666667,0,0,206.335154851206,0,0,TRUE,TRUE,FALSE,-7.69582094408754,"Depleted in Serum"
"FGLBJAKE_01073",52.6666666666667,30.3333333333333,133,525.821846233718,369.148888699582,1314.37644531996,TRUE,FALSE,FALSE,-0.509209475293538,"Present in both"
"FGLBJAKE_01074",131.666666666667,80.3333333333333,205.333333333333,1314.55461558429,977.636067874717,2029.21275768696,TRUE,FALSE,FALSE,-0.426826783851907,"Present in both"
"FGLBJAKE_01076",19.6666666666667,0,34.3333333333333,196.351195745502,0,339.300185132722,TRUE,TRUE,FALSE,-7.62462145028205,"Depleted in Serum"
"FGLBJAKE_01081",69,26.3333333333333,45.3333333333333,688.893178293542,320.469914365571,448.008011437381,TRUE,FALSE,FALSE,-1.10168926977312,"Present in both"
"FGLBJAKE_01082",36,2.33333333333333,29.3333333333333,359.422527805326,28.3960683615063,289.887536812423,TRUE,FALSE,FALSE,-3.61599407118441,"Present in both"
"FGLBJAKE_01083",39.3333333333333,82,97,392.702391491004,997.918973847221,958.605377413808,TRUE,FALSE,FALSE,1.34326218425421,"Present in both"
"FGLBJAKE_01084",0,0,56,0,0,553.421661187353,TRUE,FALSE,FALSE,0,"Present in both"
"FGLBJAKE_01085",63.3333333333333,41.6666666666667,65.3333333333333,632.317410027889,507.072649312612,645.658604718578,TRUE,FALSE,FALSE,-0.317893937215129,"Present in both"
"FGLBJAKE_01086",14.6666666666667,76.6666666666667,68.3333333333333,146.431400216985,933.013674735207,675.306193710758,TRUE,FALSE,FALSE,2.66339984727919,"Present in both"
"FGLBJAKE_01087",2.66666666666667,0.333333333333333,1.66666666666667,26.6238909485427,4.0565811945009,16.4708827734331,TRUE,FALSE,FALSE,-2.4496823449806,"Present in both"
"FGLBJAKE_01090",178,30.6666666666667,122,1777.14472081522,373.205469894083,1205.6686190153,TRUE,FALSE,FALSE,-2.24847019573108,"Present in both"
"FGLBJAKE_01091",0,0,12,0,0,118.590355968718,TRUE,FALSE,FALSE,0,"Present in both"
"FGLBJAKE_01094",11.3333333333333,22.3333333333333,14.3333333333333,113.151536531306,271.79094003156,141.649591851525,TRUE,FALSE,FALSE,1.25684545116002,"Present in both"
"FGLBJAKE_01097",0,0.666666666666667,0,0,8.1131623890018,0,TRUE,FALSE,FALSE,3.18795177534876,"Present in both"
"FGLBJAKE_01101",0,0,4.33333333333333,0,0,42.8242952109261,TRUE,FALSE,FALSE,0,"Present in both"
"FGLBJAKE_01102",43.6666666666667,101,16.3333333333333,435.966214282386,1229.14410193377,161.414651179645,TRUE,FALSE,FALSE,1.49323368445353,"Present in both"
"FGLBJAKE_01106",39.6666666666667,13,25,396.030377859572,158.206666585535,247.063241601497,TRUE,FALSE,FALSE,-1.31834864781352,"Present in both"
"FGLBJAKE_01108",0,0,1.66666666666667,0,0,16.4708827734331,TRUE,FALSE,FALSE,0,"Present in both"
"FGLBJAKE_01111",0,9,0,0,109.527692251524,0,TRUE,FALSE,TRUE,6.78826406589541,"Depleted in BHI"
"FGLBJAKE_01112",22,9,47,219.647100325477,109.527692251524,464.478894210814,TRUE,FALSE,FALSE,-0.997332911875097,"Present in both"
"FGLBJAKE_01113",0,8.66666666666667,0,0,105.471111057023,0,TRUE,FALSE,TRUE,6.73431822502845,"Depleted in BHI"
"FGLBJAKE_01119",90,16.3333333333333,43.6666666666667,898.556319513315,198.772478530544,431.537128663948,TRUE,FALSE,FALSE,-2.17085576342112,"Present in both"
"FGLBJAKE_01120",0,15.3333333333333,0,0,186.602734947041,0,TRUE,FALSE,TRUE,7.55153704996156,"Depleted in BHI"
"FGLBJAKE_01122",46,0,0,459.262118862361,0,0,TRUE,TRUE,FALSE,-8.84631189851438,"Depleted in Serum"
"FGLBJAKE_01127",887.666666666667,800,2023,8862.42769949614,9735.79486680216,19992.3575103931,TRUE,FALSE,FALSE,0.135582216425615,"Present in both"
"FGLBJAKE_01134",0,60.3333333333333,0.333333333333333,0,734.241196204663,3.29417655468662,TRUE,FALSE,TRUE,9.52207379412621,"Depleted in BHI"
"FGLBJAKE_01135",126.666666666667,1.33333333333333,27,1264.63482005578,16.2263247780036,266.828300929617,TRUE,FALSE,FALSE,-6.19910244995715,"Present in both"
"FGLBJAKE_01137",0,14,3.66666666666667,0,170.376410169038,36.2359421015529,TRUE,FALSE,TRUE,7.42102472702945,"Depleted in BHI"
"FGLBJAKE_01139",0,0,0.333333333333333,0,0,3.29417655468662,TRUE,FALSE,FALSE,0,"Present in both"
"FGLBJAKE_01142",30.3333333333333,15.3333333333333,4.66666666666667,302.846759539673,186.602734947041,46.1184717656127,TRUE,FALSE,FALSE,-0.695663045745925,"Present in both"
"FGLBJAKE_01143",10,12.3333333333333,0,99.839591057035,150.093504196533,0,TRUE,FALSE,FALSE,0.583379464928763,"Present in both"
"FGLBJAKE_01147",64,0,0,638.973382765024,0,0,TRUE,TRUE,FALSE,-9.32186809277572,"Depleted in Serum"
"FGLBJAKE_01150",2.66666666666667,0,0,26.6238909485427,0,0,TRUE,TRUE,FALSE,-4.78784463884279,"Depleted in Serum"
"FGLBJAKE_01151",8,22.6666666666667,10.3333333333333,79.871672845628,275.847521226061,102.119473195285,TRUE,FALSE,FALSE,1.77538524536139,"Present in both"
"FGLBJAKE_01152",59,143.333333333333,104.666666666667,589.053587236507,1744.32991363539,1034.3714381716,TRUE,FALSE,FALSE,1.56458188222843,"Present in both"
"FGLBJAKE_01153",14.3333333333333,48,42.6666666666667,143.103413848417,584.147692008129,421.654598999888,TRUE,FALSE,FALSE,2.02169629493912,"Present in both"
"FGLBJAKE_01157",0,1.66666666666667,4.66666666666667,0,20.2829059725045,46.1184717656127,TRUE,FALSE,FALSE,4.41162324506342,"Present in both"
"FGLBJAKE_01164",6.66666666666667,0,0,66.5597273713567,0,0,TRUE,TRUE,FALSE,-6.078091601227,"Depleted in Serum"
"FGLBJAKE_01165",0,0,0.333333333333333,0,0,3.29417655468662,TRUE,FALSE,FALSE,0,"Present in both"
"FGLBJAKE_01169",0,3.33333333333333,0,0,40.565811945009,0,TRUE,FALSE,TRUE,5.37732548825383,"Depleted in BHI"
"FGLBJAKE_01173",2,11.3333333333333,8.33333333333333,19.967918211407,137.923760613031,82.3544138671656,TRUE,FALSE,FALSE,2.72803783311536,"Present in both"
"FGLBJAKE_01174",0,11.3333333333333,5,0,137.923760613031,49.4126483202994,TRUE,FALSE,TRUE,7.11814955933856,"Depleted in BHI"
"FGLBJAKE_01175",1.33333333333333,10,14.6666666666667,13.3119454742713,121.697435835027,144.943768406211,TRUE,FALSE,FALSE,3.09981339823754,"Present in both"
"FGLBJAKE_01176",12.6666666666667,81.6666666666667,49,126.463482005578,993.86239265272,484.243953538934,TRUE,FALSE,FALSE,2.96441301133458,"Present in both"
"FGLBJAKE_01179",0,0,7.66666666666667,0,0,75.7660607577924,TRUE,FALSE,FALSE,0,"Present in both"
"FGLBJAKE_01181",15.3333333333333,10,46,153.08737295412,121.697435835027,454.596364546754,TRUE,FALSE,FALSE,-0.32864354224169,"Present in both"
"FGLBJAKE_01182",40.6666666666667,0,1.66666666666667,406.014336965276,0,16.4708827734331,TRUE,TRUE,FALSE,-8.6689358036874,"Depleted in Serum"
"FGLBJAKE_01183",35,26.6666666666667,99.6666666666667,349.438568699623,324.526495560072,984.958789851301,TRUE,FALSE,FALSE,-0.106386590982268,"Present in both"
"FGLBJAKE_01195",0,0,1.33333333333333,0,0,13.1767062187465,TRUE,FALSE,FALSE,0,"Present in both"
"FGLBJAKE_01196",0,14,0,0,170.376410169038,0,TRUE,FALSE,TRUE,7.42102472702945,"Depleted in BHI"
"FGLBJAKE_01198",542,960.666666666667,781.666666666667,5411.3058352913,11691.0670025516,7724.84402074014,TRUE,FALSE,FALSE,1.11121473212182,"Present in both"
"FGLBJAKE_01199",5.66666666666667,0.333333333333333,0,56.5757682656532,4.0565811945009,0,TRUE,FALSE,FALSE,-3.50922755785794,"Present in both"
"FGLBJAKE_01200",0,11.6666666666667,0,0,141.980341807531,0,TRUE,FALSE,TRUE,7.15967299603474,"Depleted in BHI"
"FGLBJAKE_01201",0,0.333333333333333,1.33333333333333,0,4.0565811945009,13.1767062187465,TRUE,FALSE,FALSE,2.33816229386219,"Present in both"
"FGLBJAKE_01208",0,0.333333333333333,22,0,4.0565811945009,217.415652609317,TRUE,FALSE,FALSE,2.33816229386219,"Present in both"
"FGLBJAKE_01211",104.333333333333,75.3333333333333,140,1041.65973336173,916.787349957203,1383.55415296838,TRUE,FALSE,FALSE,-0.184036591511395,"Present in both"
"FGLBJAKE_01219",48.3333333333333,64,29,482.558023442336,778.863589344173,286.593360257736,TRUE,FALSE,FALSE,0.689532782538931,"Present in both"
"FGLBJAKE_01221",121.333333333333,95,91,1211.38703815869,1156.12564043276,899.310199429449,TRUE,FALSE,FALSE,-0.0673048127707968,"Present in both"
"FGLBJAKE_01223",1.33333333333333,17,0.666666666666667,13.3119454742713,206.885640919546,6.58835310937325,TRUE,FALSE,FALSE,3.86049841054367,"Present in both"
"FGLBJAKE_01226",58,20.3333333333333,70.6666666666667,579.069628130803,247.451452864555,698.365429593564,TRUE,FALSE,FALSE,-1.22326210489144,"Present in both"
"FGLBJAKE_01231",25,0,52.3333333333333,249.598977642588,0,517.1857190858,TRUE,TRUE,FALSE,-7.96923671874823,"Depleted in Serum"
"FGLBJAKE_01235",39.6666666666667,7.33333333333333,101.666666666667,396.030377859572,89.2447862790198,1004.72384917942,TRUE,FALSE,FALSE,-2.13733390550369,"Present in both"
"FGLBJAKE_01237",94,22.6666666666667,0,938.492155936129,275.847521226061,0,TRUE,FALSE,FALSE,-1.76278951160659,"Present in both"
"FGLBJAKE_01238",43.6666666666667,129.666666666667,13,435.966214282386,1578.01008466085,128.472885632778,TRUE,FALSE,FALSE,1.85342674363122,"Present in both"
"FGLBJAKE_01243",0,1.33333333333333,19,0,16.2263247780036,187.768063617138,TRUE,FALSE,FALSE,4.10654303149835,"Present in both"
"FGLBJAKE_01247",5,4.33333333333333,7.33333333333333,49.9197955285175,52.7355555285117,72.4718842031057,TRUE,FALSE,FALSE,0.077650374856863,"Present in both"
"FGLBJAKE_01260",2,3.66666666666667,2.33333333333333,19.967918211407,44.6223931395099,23.0592358828064,TRUE,FALSE,FALSE,1.12155849440121,"Present in both"
"FGLBJAKE_01262",81,47.3333333333333,166.666666666667,808.700687561984,576.034529619128,1647.08827734331,TRUE,FALSE,FALSE,-0.488731050591939,"Present in both"
"FGLBJAKE_01264",24.6666666666667,1.66666666666667,6.33333333333333,246.27099127402,20.2829059725045,62.5893545390459,TRUE,FALSE,FALSE,-3.53832594384114,"Present in both"
"FGLBJAKE_01265",58.6666666666667,40.3333333333333,72.3333333333333,585.725600867939,490.846324534609,714.836312366998,TRUE,FALSE,FALSE,-0.254478321626671,"Present in both"
"FGLBJAKE_01271",0,0,12.3333333333333,0,0,121.884532523405,TRUE,FALSE,FALSE,0,"Present in both"
"FGLBJAKE_01281",1.66666666666667,0,0,16.6399318428392,0,0,TRUE,FALSE,FALSE,-4.14077308150911,"Present in both"
"FGLBJAKE_01282",21.6666666666667,0,0,216.319113956909,0,0,TRUE,TRUE,FALSE,-7.76367125982142,"Depleted in Serum"
"FGLBJAKE_01286",27.3333333333333,0,6.33333333333333,272.894882222562,0,62.5893545390459,TRUE,TRUE,FALSE,-8.09747849904142,"Depleted in Serum"
"FGLBJAKE_01288",101.666666666667,61.3333333333333,0,1015.03584241319,746.410939788165,0,TRUE,FALSE,FALSE,-0.442977710972363,"Present in both"
"FGLBJAKE_01289",0,22,15.3333333333333,0,267.734358837059,151.532121515585,TRUE,FALSE,TRUE,8.07003697764935,"Depleted in BHI"
"FGLBJAKE_01292",0,1,0.333333333333333,0,12.1697435835027,3.29417655468662,TRUE,FALSE,FALSE,3.71915535130864,"Present in both"
"FGLBJAKE_01298",0,13.6666666666667,0,0,166.319828974537,0,TRUE,FALSE,TRUE,7.38646461822364,"Depleted in BHI"
"FGLBJAKE_01299",101.666666666667,34,39.3333333333333,1015.03584241319,413.771281839092,388.712833453022,TRUE,FALSE,FALSE,-1.29256338394529,"Present in both"
"FGLBJAKE_01301",148.333333333333,40.3333333333333,89.6666666666667,1480.95393401269,490.846324534609,886.133493210702,TRUE,FALSE,FALSE,-1.59122107605677,"Present in both"
"FGLBJAKE_01310",23,3.66666666666667,56,229.631059431181,44.6223931395099,553.421661187353,TRUE,FALSE,FALSE,-2.33777278513192,"Present in both"
"FGLBJAKE_01314",0,0,12.3333333333333,0,0,121.884532523405,TRUE,FALSE,FALSE,0,"Present in both"
"FGLBJAKE_01315",0,11.6666666666667,0,0,141.980341807531,0,TRUE,FALSE,TRUE,7.15967299603474,"Depleted in BHI"
"FGLBJAKE_01317",22.6666666666667,89.3333333333333,101.333333333333,226.303073062613,1087.16376012624,1001.42967262473,TRUE,FALSE,FALSE,2.25920659307354,"Present in both"
"FGLBJAKE_01318",0,1,32,0,12.1697435835027,316.240949249916,TRUE,FALSE,FALSE,3.71915535130864,"Present in both"
"FGLBJAKE_01319",121,66.6666666666667,161.333333333333,1208.05905179012,811.31623890018,1594.38145246833,TRUE,FALSE,FALSE,-0.573771318643863,"Present in both"
"FGLBJAKE_01330",1.66666666666667,15.3333333333333,9.33333333333333,16.6399318428392,186.602734947041,92.2369435312255,TRUE,FALSE,FALSE,3.41076396845245,"Present in both"
"FGLBJAKE_01332",19.3333333333333,0,3.33333333333333,193.023209376934,0,32.9417655468663,TRUE,TRUE,FALSE,-7.60008543007484,"Depleted in Serum"
"FGLBJAKE_01333",674.333333333333,954,586.333333333333,6732.51642361273,11609.9353786616,5794.45655969377,TRUE,FALSE,FALSE,0.78605217966383,"Present in both"
"FGLBJAKE_01334",2.33333333333333,0,0,23.2959045799748,0,0,TRUE,TRUE,FALSE,-4.6026412424588,"Depleted in Serum"
"FGLBJAKE_01335",96.6666666666667,89.6666666666667,71,965.116046884672,1091.22034132074,701.659606148251,TRUE,FALSE,FALSE,0.176995534007189,"Present in both"
"FGLBJAKE_01336",0,0,2.66666666666667,0,0,26.353412437493,TRUE,FALSE,FALSE,0,"Present in both"
"FGLBJAKE_01338",275.666666666667,414.333333333333,220,2752.2447268056,5042.33042476462,2174.15652609317,TRUE,FALSE,FALSE,0.873243897678616,"Present in both"
"FGLBJAKE_01339",1,2.33333333333333,0,9.9839591057035,28.3960683615063,0,TRUE,FALSE,FALSE,1.42022505238547,"Present in both"
"FGLBJAKE_01340",9,1,11.3333333333333,89.8556319513315,12.1697435835027,112.002002859345,TRUE,FALSE,FALSE,-2.78634869046981,"Present in both"
"FGLBJAKE_01341",43,87.6666666666667,61,429.310241545251,1066.88085415374,602.834309507652,TRUE,FALSE,FALSE,1.31130160881327,"Present in both"
"FGLBJAKE_01346",0,14.3333333333333,0,0,174.432991363539,0,TRUE,FALSE,TRUE,7.45477627165582,"Depleted in BHI"
"FGLBJAKE_01349",3,160.666666666667,50.6666666666667,29.9518773171105,1955.27213574943,500.714836312367,TRUE,FALSE,FALSE,5.98193635085326,"Present in both"
"FGLBJAKE_01350",19,7,0,189.695223008367,85.1882050845189,0,TRUE,FALSE,FALSE,-1.14570634989431,"Present in both"
"FGLBJAKE_01365",38.3333333333333,31.6666666666667,91.3333333333333,382.718432385301,385.375213477585,902.604375984135,TRUE,FALSE,FALSE,0.00995447796229756,"Present in both"
"FGLBJAKE_01366",6.66666666666667,21.6666666666667,22,66.5597273713567,263.677777642558,217.415652609317,TRUE,FALSE,FALSE,1.97000165972889,"Present in both"
"FGLBJAKE_01373",3,18.3333333333333,13,29.9518773171105,223.111965697549,128.472885632778,TRUE,FALSE,FALSE,2.85612085805134,"Present in both"
"FGLBJAKE_01374",80,10,124.666666666667,798.71672845628,121.697435835027,1232.0220314528,TRUE,FALSE,FALSE,-2.7043839669968,"Present in both"
"FGLBJAKE_01376",3.66666666666667,0,0,36.6078500542462,0,0,TRUE,TRUE,FALSE,-5.2329619283931,"Depleted in Serum"
"FGLBJAKE_01377",0,0,1.66666666666667,0,0,16.4708827734331,TRUE,FALSE,FALSE,0,"Present in both"
"FGLBJAKE_01378",2.66666666666667,1,67,26.6238909485427,12.1697435835027,662.129487492012,TRUE,FALSE,FALSE,-1.06868928753415,"Present in both"
"FGLBJAKE_01379",70.6666666666667,56.3333333333333,62.3333333333333,705.533110136381,685.562221870652,616.011015726399,TRUE,FALSE,FALSE,-0.0413666958123991,"Present in both"
"FGLBJAKE_01385",0,0,9.33333333333333,0,0,92.2369435312255,TRUE,FALSE,FALSE,0,"Present in both"
"FGLBJAKE_01392",22,14.6666666666667,29.6666666666667,219.647100325477,178.48957255804,293.18171336711,TRUE,FALSE,FALSE,-0.297840754843146,"Present in both"
"FGLBJAKE_01393",147.333333333333,66.3333333333333,148.666666666667,1470.96997490698,807.259657705679,1469.20274339023,TRUE,FALSE,FALSE,-0.864857497756419,"Present in both"
"FGLBJAKE_01395",253,403.666666666667,577,2525.94165374299,4912.51982654059,5702.21961616255,TRUE,FALSE,FALSE,0.959364523983526,"Present in both"
"FGLBJAKE_01398",323.333333333333,962.666666666667,393,3228.1467775108,11715.4064897186,3883.83415797553,TRUE,FALSE,FALSE,1.85930522838896,"Present in both"
"FGLBJAKE_01404",75.6666666666667,76.3333333333333,76.6666666666667,755.452905664898,928.957093540706,757.660607577924,TRUE,FALSE,FALSE,0.297913886873663,"Present in both"
"FGLBJAKE_01405",0.333333333333333,0,0,3.32798636856783,0,0,TRUE,FALSE,FALSE,-2.11369595525748,"Present in both"
"FGLBJAKE_01412",0,0.333333333333333,0.666666666666667,0,4.0565811945009,6.58835310937325,TRUE,FALSE,FALSE,2.33816229386219,"Present in both"
"FGLBJAKE_01420",13,19,23.3333333333333,129.791468374146,231.225128086551,230.592358828064,TRUE,FALSE,FALSE,0.828255652679043,"Present in both"
"FGLBJAKE_01431",46.3333333333333,56.6666666666667,108,462.590105230929,689.618803065153,1067.31320371847,TRUE,FALSE,FALSE,0.575039840025718,"Present in both"
"FGLBJAKE_01437",42,23.6666666666667,69,419.326282439547,288.017264809564,681.894546820131,TRUE,FALSE,FALSE,-0.540353992597585,"Present in both"
"FGLBJAKE_01438",119,274,283,1188.09113357872,3334.50974187974,2796.75589492894,TRUE,FALSE,FALSE,1.4880479654773,"Present in both"
"FGLBJAKE_01440",0,0,1.33333333333333,0,0,13.1767062187465,TRUE,FALSE,FALSE,0,"Present in both"
"FGLBJAKE_01447",0,0,6.33333333333333,0,0,62.5893545390459,TRUE,FALSE,FALSE,0,"Present in both"
"FGLBJAKE_01448",0,105.333333333333,34.3333333333333,0,1281.87965746228,339.300185132722,TRUE,FALSE,TRUE,10.3251701271666,"Depleted in BHI"
"FGLBJAKE_01450",0,1.33333333333333,0,0,16.2263247780036,0,TRUE,FALSE,FALSE,4.10654303149835,"Present in both"
"FGLBJAKE_01453",23.3333333333333,0,11,232.959045799748,0,108.707826304659,TRUE,TRUE,FALSE,-7.87011219995679,"Depleted in Serum"
"FGLBJAKE_01454",22,3.33333333333333,8,219.647100325477,40.565811945009,79.060237312479,TRUE,FALSE,FALSE,-2.40827148951668,"Present in both"
"FGLBJAKE_01455",70.3333333333333,36,45.6666666666667,702.205123767813,438.110769006097,451.302187992068,TRUE,FALSE,FALSE,-0.679360666052656,"Present in both"
"FGLBJAKE_01457",856.333333333333,1327.66666666667,1050,8549.59698085077,16157.3628976971,10376.6561472629,TRUE,FALSE,FALSE,0.918183983347557,"Present in both"
"FGLBJAKE_01458",20.6666666666667,16,26.6666666666667,206.335154851206,194.715897336043,263.53412437493,TRUE,FALSE,FALSE,-0.0832038083819184,"Present in both"
"FGLBJAKE_01460",17.6666666666667,8,15,176.383277534095,97.3579486680216,148.237944960898,TRUE,FALSE,FALSE,-0.850756456934327,"Present in both"
"FGLBJAKE_01461",0,84.6666666666667,2,0,1030.37162340323,19.7650593281198,TRUE,FALSE,TRUE,10.0103485423328,"Depleted in BHI"
"FGLBJAKE_01467",50.3333333333333,46.3333333333333,0,502.525941653743,563.864786035625,0,TRUE,FALSE,FALSE,0.165839457330456,"Present in both"
"FGLBJAKE_01471",13.6666666666667,6.33333333333333,49,136.447441111281,77.0750426955171,484.243953538934,TRUE,FALSE,FALSE,-0.815946689835674,"Present in both"
"FGLBJAKE_01473",76.3333333333333,49.3333333333333,46,762.108878402034,600.374016786133,454.596364546754,TRUE,FALSE,FALSE,-0.343626376163079,"Present in both"
"FGLBJAKE_01475",22,11.3333333333333,45,219.647100325477,137.923760613031,444.713834882694,TRUE,FALSE,FALSE,-0.667447418431948,"Present in both"
"FGLBJAKE_01481",0,1.66666666666667,0,0,20.2829059725045,0,TRUE,FALSE,FALSE,4.41162324506342,"Present in both"
"FGLBJAKE_01484",2,0,0,19.967918211407,0,0,TRUE,FALSE,FALSE,-4.3901117262232,"Present in both"
"FGLBJAKE_01489",61.6666666666667,60.6666666666667,86,615.677478185049,738.297777399164,849.897551109149,TRUE,FALSE,FALSE,0.261639417779914,"Present in both"
"FGLBJAKE_01503",6,3,9.66666666666667,59.903754634221,36.5092307505081,95.5311200859121,TRUE,FALSE,FALSE,-0.699285494953085,"Present in both"
"FGLBJAKE_01507",42.6666666666667,46.6666666666667,59,425.982255176683,567.921367230126,583.069250179533,TRUE,FALSE,FALSE,0.414053151407519,"Present in both"
"FGLBJAKE_01510",1.33333333333333,2.66666666666667,0,13.3119454742713,32.4526495560072,0,TRUE,FALSE,FALSE,1.22490068529232,"Present in both"
"FGLBJAKE_01513",109,71.6666666666667,37.6666666666667,1088.25154252168,872.164956817693,372.241950679589,TRUE,FALSE,FALSE,-0.319011020123638,"Present in both"
"FGLBJAKE_01514",50.6666666666667,0,30.6666666666667,505.853928022311,0,303.064243031169,TRUE,TRUE,FALSE,-8.98542622165528,"Depleted in Serum"
"FGLBJAKE_01519",16.3333333333333,0,7,163.071332059824,0,69.1777076484191,TRUE,TRUE,FALSE,-7.35817937068472,"Depleted in Serum"
"FGLBJAKE_01531",34,0,13,339.454609593919,0,128.472885632778,TRUE,TRUE,FALSE,-8.41131865650295,"Depleted in Serum"
"FGLBJAKE_01532",0,11.6666666666667,0,0,141.980341807531,0,TRUE,FALSE,TRUE,7.15967299603474,"Depleted in BHI"
"FGLBJAKE_01533",11.6666666666667,0,2.33333333333333,116.479522899874,0,23.0592358828064,TRUE,TRUE,FALSE,-6.87626550158364,"Depleted in Serum"
"FGLBJAKE_01535",82,30.6666666666667,68.6666666666667,818.684646667687,373.205469894083,678.600370265445,TRUE,FALSE,FALSE,-1.13123832822927,"Present in both"
"FGLBJAKE_01541",423.666666666667,742,567.666666666667,4229.87067444972,9029.949738959,5609.98267263132,TRUE,FALSE,FALSE,1.09392312924006,"Present in both"
"FGLBJAKE_01542",15.6666666666667,24.6666666666667,15.3333333333333,156.415359322688,300.187008393066,151.532121515585,TRUE,FALSE,FALSE,0.936083226881241,"Present in both"
"FGLBJAKE_01544",0,31,56.6666666666667,0,377.262051088584,560.010014296726,TRUE,FALSE,TRUE,8.56324223591477,"Depleted in BHI"
"FGLBJAKE_01547",102.333333333333,1.33333333333333,0,1021.69181515032,16.2263247780036,0,TRUE,FALSE,FALSE,-5.89161271228463,"Present in both"
"FGLBJAKE_01551",23.3333333333333,17,72.6666666666667,232.959045799748,206.885640919546,718.130488921684,TRUE,FALSE,FALSE,-0.170465898400344,"Present in both"
"FGLBJAKE_01553",0,12.6666666666667,0,0,154.150085391034,0,TRUE,FALSE,TRUE,7.2775206806677,"Depleted in BHI"
"FGLBJAKE_01557",0,2,0.666666666666667,0,24.3394871670054,6.58835310937325,TRUE,FALSE,FALSE,4.66331542169028,"Present in both"
"FGLBJAKE_01558",0,0,4,0,0,39.5301186562395,TRUE,FALSE,FALSE,0,"Present in both"
"FGLBJAKE_01561",41,120.333333333333,0.333333333333333,409.342323333844,1464.42581121482,3.29417655468662,TRUE,FALSE,FALSE,1.83642006307413,"Present in both"
"FGLBJAKE_01562",0,0,15.3333333333333,0,0,151.532121515585,TRUE,FALSE,FALSE,0,"Present in both"
"FGLBJAKE_01564",0,4,0,0,48.6789743340108,0,TRUE,FALSE,TRUE,5.63456348304899,"Depleted in BHI"
"FGLBJAKE_01575",104.333333333333,33,58.3333333333333,1041.65973336173,401.601538255589,576.480897070159,TRUE,FALSE,FALSE,-1.37284382894697,"Present in both"
"FGLBJAKE_01576",22.3333333333333,79.6666666666667,54.3333333333333,222.975086694045,969.522905485715,536.95077841392,TRUE,FALSE,FALSE,2.11542399599639,"Present in both"
"FGLBJAKE_01578",0,22,19,0,267.734358837059,187.768063617138,TRUE,FALSE,TRUE,8.07003697764935,"Depleted in BHI"
"FGLBJAKE_01581",73.3333333333333,19.6666666666667,17,732.157001084924,239.338290475553,168.003004289018,TRUE,FALSE,FALSE,-1.60905566012954,"Present in both"
"FGLBJAKE_01589",0.666666666666667,1,0.333333333333333,6.65597273713567,12.1697435835027,3.29417655468662,TRUE,FALSE,FALSE,0.782569658902312,"Present in both"
"FGLBJAKE_01594",1,2,0.666666666666667,9.9839591057035,24.3394871670054,6.58835310937325,TRUE,FALSE,FALSE,1.20598916748245,"Present in both"
"FGLBJAKE_01623",38,23.3333333333333,0,379.390446016733,283.960683615063,0,TRUE,FALSE,FALSE,-0.416718129004357,"Present in both"
"FGLBJAKE_01628",258.666666666667,150.333333333333,240.666666666667,2582.51742200864,1829.51811871991,2378.39547248374,TRUE,FALSE,FALSE,-0.497084558935564,"Present in both"
"FGLBJAKE_01629",374.666666666667,206,421,3740.65667827025,2506.96717820156,4160.54498856921,TRUE,FALSE,FALSE,-0.577158720151326,"Present in both"
"FGLBJAKE_01633",90.6666666666667,52.6666666666667,33.3333333333333,905.212292250451,640.939828731142,329.417655468663,TRUE,FALSE,FALSE,-0.497410985490552,"Present in both"
"FGLBJAKE_01634",0,76.3333333333333,0,0,928.957093540706,0,TRUE,FALSE,TRUE,9.86102034431365,"Depleted in BHI"
"FGLBJAKE_01637",399.333333333333,456,240.666666666667,3986.92766954426,5549.40307407723,2378.39547248374,TRUE,FALSE,FALSE,0.476953301467509,"Present in both"
"FGLBJAKE_01644",252,123,404.333333333333,2515.95769463728,1496.87846077083,3995.83616083488,TRUE,FALSE,FALSE,-0.748760400741143,"Present in both"
"FGLBJAKE_01646",0.666666666666667,0,0,6.65597273713567,0,0,TRUE,FALSE,FALSE,-2.93658569240633,"Present in both"
"FGLBJAKE_01648",38.6666666666667,148.666666666667,22.6666666666667,386.046418753869,1809.2352127474,224.004005718691,TRUE,FALSE,FALSE,2.22559866062994,"Present in both"
"FGLBJAKE_01650",0,12,0,0,146.036923002032,0,TRUE,FALSE,TRUE,7.20003467098005,"Depleted in BHI"
"FGLBJAKE_01656",0,0.666666666666667,2.66666666666667,0,8.1131623890018,26.353412437493,TRUE,FALSE,FALSE,3.18795177534876,"Present in both"
"FGLBJAKE_01658",43.6666666666667,0,0,435.966214282386,0,0,TRUE,TRUE,FALSE,-8.77137792631625,"Depleted in Serum"
"FGLBJAKE_01659",0,11,40.6666666666667,0,133.86717941853,401.889539671768,TRUE,FALSE,TRUE,7.07539549394604,"Depleted in BHI"
"FGLBJAKE_01660",0,0,0.333333333333333,0,0,3.29417655468662,TRUE,FALSE,FALSE,0,"Present in both"
"FGLBJAKE_01663",0,0,5.33333333333333,0,0,52.706824874986,TRUE,FALSE,FALSE,0,"Present in both"
"FGLBJAKE_01664",0,24,11,0,292.073846004065,108.707826304659,TRUE,FALSE,TRUE,8.19512041701813,"Depleted in BHI"
"FGLBJAKE_01668",9.33333333333333,0,0,93.1836183198994,0,0,TRUE,TRUE,FALSE,-6.55740424364395,"Depleted in Serum"
"FGLBJAKE_01671",0.666666666666667,0,0,6.65597273713567,0,0,TRUE,FALSE,FALSE,-2.93658569240633,"Present in both"
"FGLBJAKE_01672",73,67.3333333333333,41.3333333333333,728.829014716356,819.429401289181,408.477892781142,TRUE,FALSE,FALSE,0.168820686710756,"Present in both"
"FGLBJAKE_01673",0,6.33333333333333,0.333333333333333,0,77.0750426955171,3.29417655468662,TRUE,FALSE,TRUE,6.28678954807454,"Depleted in BHI"
"FGLBJAKE_01674",795.333333333333,476.666666666667,611.333333333333,7940.57547540285,5800.91110813629,6041.51980129527,TRUE,FALSE,FALSE,-0.452897050285322,"Present in both"
"FGLBJAKE_01676",40.6666666666667,0,0,406.014336965276,0,0,TRUE,TRUE,FALSE,-8.6689358036874,"Depleted in Serum"
"FGLBJAKE_01678",144.333333333333,123,140.333333333333,1441.01809758987,1496.87846077083,1386.84832952307,TRUE,FALSE,FALSE,0.0548312961716865,"Present in both"
"FGLBJAKE_01679",0,2.66666666666667,2.66666666666667,0,32.4526495560072,26.353412437493,TRUE,FALSE,TRUE,5.0640485763051,"Depleted in BHI"
"FGLBJAKE_01680",22.6666666666667,7.66666666666667,82.3333333333333,226.303073062613,93.3013674735207,813.661609007596,TRUE,FALSE,FALSE,-1.26926659221979,"Present in both"
"FGLBJAKE_01681",38.3333333333333,131.666666666667,60.3333333333333,382.718432385301,1602.34957182786,596.245956398279,TRUE,FALSE,FALSE,2.06296903141384,"Present in both"
"FGLBJAKE_01683",0,12.6666666666667,0,0,154.150085391034,0,TRUE,FALSE,TRUE,7.2775206806677,"Depleted in BHI"
"FGLBJAKE_01684",0,30.6666666666667,33.3333333333333,0,373.205469894083,329.417655468663,TRUE,FALSE,TRUE,8.54768683689268,"Depleted in BHI"
"FGLBJAKE_01685",0,10,0,0,121.697435835027,0,TRUE,FALSE,TRUE,6.93896128925032,"Depleted in BHI"
"FGLBJAKE_01686",12,12.6666666666667,0,119.807509268442,154.150085391034,0,TRUE,FALSE,FALSE,0.360954357027727,"Present in both"
"FGLBJAKE_01687",0,0.333333333333333,0,0,4.0565811945009,0,TRUE,FALSE,FALSE,2.33816229386219,"Present in both"
"FGLBJAKE_01688",3,7.33333333333333,3,29.9518773171105,89.2447862790198,29.6475889921796,TRUE,FALSE,FALSE,1.54381666989934,"Present in both"
"FGLBJAKE_01690",18.6666666666667,6.33333333333333,3,186.367236639799,77.0750426955171,29.6475889921796,TRUE,FALSE,FALSE,-1.26293534459224,"Present in both"
"FGLBJAKE_01694",0,0,0.666666666666667,0,0,6.58835310937325,TRUE,FALSE,FALSE,0,"Present in both"
"FGLBJAKE_01695",25,11.6666666666667,18.6666666666667,249.598977642588,141.980341807531,184.473887062451,TRUE,FALSE,FALSE,-0.809563722713497,"Present in both"
"FGLBJAKE_01697",348.666666666667,189,337.333333333333,3481.07374152195,2300.08153728201,3333.70667334286,TRUE,FALSE,FALSE,-0.59763465054795,"Present in both"
"FGLBJAKE_01698",14.6666666666667,16.3333333333333,10.6666666666667,146.431400216985,198.772478530544,105.413649749972,TRUE,FALSE,FALSE,0.438314020217898,"Present in both"
"FGLBJAKE_01699",0,0,12.3333333333333,0,0,121.884532523405,TRUE,FALSE,FALSE,0,"Present in both"
"FGLBJAKE_01701",0,0,19.3333333333333,0,0,191.062240171824,TRUE,FALSE,FALSE,0,"Present in both"
"FGLBJAKE_01702",38.6666666666667,25.3333333333333,62.3333333333333,386.046418753869,308.300170782068,616.011015726399,TRUE,FALSE,FALSE,-0.323498970173496,"Present in both"
"FGLBJAKE_01703",0,8.66666666666667,0,0,105.471111057023,0,TRUE,FALSE,TRUE,6.73431822502845,"Depleted in BHI"
"FGLBJAKE_01704",14.6666666666667,0,15,146.431400216985,0,148.237944960898,TRUE,TRUE,FALSE,-7.20390001483759,"Depleted in Serum"
"FGLBJAKE_01718",6,0,1.33333333333333,59.903754634221,0,13.1767062187465,TRUE,TRUE,FALSE,-5.92845926596148,"Depleted in Serum"
"FGLBJAKE_01725",0,0,28,0,0,276.710830593676,TRUE,FALSE,FALSE,0,"Present in both"
"FGLBJAKE_01729",6.33333333333333,3.66666666666667,20.6666666666667,63.2317410027889,44.6223931395099,204.238946390571,TRUE,FALSE,FALSE,-0.493544275519136,"Present in both"
"FGLBJAKE_01730",0,0,18.3333333333333,0,0,181.179710507764,TRUE,FALSE,FALSE,0,"Present in both"
"FGLBJAKE_01737",0,0.333333333333333,0,0,4.0565811945009,0,TRUE,FALSE,FALSE,2.33816229386219,"Present in both"
"FGLBJAKE_01739",0,0,15.3333333333333,0,0,151.532121515585,TRUE,FALSE,FALSE,0,"Present in both"
"FGLBJAKE_01744",0.666666666666667,7,0,6.65597273713567,85.1882050845189,0,TRUE,FALSE,FALSE,3.49283285148941,"Present in both"
"FGLBJAKE_01746",0,0,0.333333333333333,0,0,3.29417655468662,TRUE,FALSE,FALSE,0,"Present in both"
"FGLBJAKE_01747",55.3333333333333,8.66666666666667,92.3333333333333,552.44573718226,105.471111057023,912.486905648195,TRUE,FALSE,FALSE,-2.37797983905091,"Present in both"
"FGLBJAKE_01748",14.3333333333333,23,49.3333333333333,143.103413848417,279.904102420562,487.53813009362,TRUE,FALSE,FALSE,0.962973180486085,"Present in both"
"FGLBJAKE_01749",3.66666666666667,0,0,36.6078500542462,0,0,TRUE,TRUE,FALSE,-5.2329619283931,"Depleted in Serum"
"FGLBJAKE_01751",0,4.33333333333333,0,0,52.7355555285117,0,TRUE,FALSE,TRUE,5.74780509576696,"Depleted in BHI"
"FGLBJAKE_01755",21,26.6666666666667,42.3333333333333,209.663141219774,324.526495560072,418.360422445201,TRUE,FALSE,FALSE,0.627837058980694,"Present in both"
"FGLBJAKE_01757",0,16,132.666666666667,0,194.715897336043,1311.08226876528,TRUE,FALSE,TRUE,7.61261713570562,"Depleted in BHI"
"FGLBJAKE_01761",55,15,24,549.117750813693,182.54615375254,237.180711937437,TRUE,FALSE,FALSE,-1.58359757282342,"Present in both"
"FGLBJAKE_01765",28.3333333333333,30.3333333333333,38.6666666666667,282.878841328266,369.148888699582,382.124480343648,TRUE,FALSE,FALSE,0.382830374176719,"Present in both"
"FGLBJAKE_01767",81.6666666666667,71,125,815.356660299119,864.051794428691,1235.31620800748,TRUE,FALSE,FALSE,0.0835869228725043,"Present in both"
"FGLBJAKE_01773",850,1349.66666666667,896.666666666667,8486.36523984798,16425.0972565341,8861.33493210702,TRUE,FALSE,FALSE,0.952601077281699,"Present in both"
"FGLBJAKE_01774",118,162.666666666667,99.3333333333333,1178.10717447301,1979.61162291644,981.664613296614,TRUE,FALSE,FALSE,0.748251153190376,"Present in both"
"FGLBJAKE_01777",2,0,0,19.967918211407,0,0,TRUE,FALSE,FALSE,-4.3901117262232,"Present in both"
"FGLBJAKE_01781",1.66666666666667,0.333333333333333,2.66666666666667,16.6399318428392,4.0565811945009,26.353412437493,TRUE,FALSE,FALSE,-1.80261078764691,"Present in both"
"FGLBJAKE_01792",0,0,2.66666666666667,0,0,26.353412437493,TRUE,FALSE,FALSE,0,"Present in both"
"FGLBJAKE_01794",0,1,0,0,12.1697435835027,0,TRUE,FALSE,FALSE,3.71915535130864,"Present in both"
"FGLBJAKE_01808",0,0,0.666666666666667,0,0,6.58835310937325,TRUE,FALSE,FALSE,0,"Present in both"
"FGLBJAKE_01814",0,0,0.333333333333333,0,0,3.29417655468662,TRUE,FALSE,FALSE,0,"Present in both"
"FGLBJAKE_01816",0,2.66666666666667,0,0,32.4526495560072,0,TRUE,FALSE,TRUE,5.0640485763051,"Depleted in BHI"
"FGLBJAKE_01820",21,120,187,209.663141219774,1460.36923002032,1848.0330471792,TRUE,FALSE,FALSE,2.79431091649201,"Present in both"
"FGLBJAKE_01828",0,4.33333333333333,13.6666666666667,0,52.7355555285117,135.061238742152,TRUE,FALSE,TRUE,5.74780509576696,"Depleted in BHI"
"FGLBJAKE_01833",0,8.33333333333333,0,0,101.414529862522,0,TRUE,FALSE,TRUE,6.6782765991903,"Depleted in BHI"
"FGLBJAKE_01836",0,4.33333333333333,0.666666666666667,0,52.7355555285117,6.58835310937325,TRUE,FALSE,TRUE,5.74780509576696,"Depleted in BHI"
"FGLBJAKE_01838",0,12.6666666666667,10,0,154.150085391034,98.8252966405987,TRUE,FALSE,TRUE,7.2775206806677,"Depleted in BHI"
"FGLBJAKE_01839",97.6666666666667,0.333333333333333,22.6666666666667,975.100005990375,4.0565811945009,224.004005718691,TRUE,FALSE,FALSE,-7.59272286209735,"Present in both"
"FGLBJAKE_01840",257,204,366.666666666667,2565.8774901658,2482.62769103455,3623.59421015529,TRUE,FALSE,FALSE,-0.047565519657688,"Present in both"
"FGLBJAKE_01842",0.666666666666667,0,0,6.65597273713567,0,0,TRUE,FALSE,FALSE,-2.93658569240633,"Present in both"
"FGLBJAKE_01843",186.333333333333,64,193,1860.34438002942,778.863589344173,1907.32822516356,TRUE,FALSE,FALSE,-1.25505130230795,"Present in both"
"FGLBJAKE_01845",26.3333333333333,0,6,262.910923116859,0,59.2951779843592,TRUE,TRUE,FALSE,-8.04390725396826,"Depleted in Serum"
"FGLBJAKE_01846",38,0,21,379.390446016733,0,207.533122945257,TRUE,TRUE,FALSE,-8.57133720133237,"Depleted in Serum"
"FGLBJAKE_01847",84.3333333333333,19,36,841.980551247662,231.225128086551,355.771067906155,TRUE,FALSE,FALSE,-1.85997525803672,"Present in both"
"FGLBJAKE_01850",53,1.66666666666667,15.6666666666667,529.149832602286,20.2829059725045,154.826298070271,TRUE,FALSE,FALSE,-4.63863310099678,"Present in both"
"FGLBJAKE_01855",45.6666666666667,24,28.3333333333333,455.934132493793,292.073846004065,280.005007148363,TRUE,FALSE,FALSE,-0.640721987113613,"Present in both"
"FGLBJAKE_01856",483.666666666667,429.666666666667,532,4828.90822079193,5228.93315971166,5257.50578127985,TRUE,FALSE,FALSE,0.114796733622317,"Present in both"
"FGLBJAKE_01858",23.3333333333333,4,10.3333333333333,232.959045799748,48.6789743340108,102.119473195285,TRUE,FALSE,FALSE,-2.2355487169078,"Present in both"
"FGLBJAKE_01859",52.3333333333333,28,49.3333333333333,522.49385986515,340.752820338075,487.53813009362,TRUE,FALSE,FALSE,-0.615219371859413,"Present in both"
"FGLBJAKE_01864",1,0.666666666666667,0.333333333333333,9.9839591057035,8.1131623890018,3.29417655468662,TRUE,FALSE,FALSE,-0.269374478859071,"Present in both"
"FGLBJAKE_01866",0,0,1,0,0,9.88252966405988,TRUE,FALSE,FALSE,0,"Present in both"
"FGLBJAKE_01868",1386.66666666667,452.666666666667,613.666666666667,13844.4232932422,5508.83726213222,6064.57903717808,TRUE,FALSE,FALSE,-1.32932754831693,"Present in both"
"FGLBJAKE_01869",0.333333333333333,0,0.333333333333333,3.32798636856783,0,3.29417655468662,TRUE,FALSE,FALSE,-2.11369595525748,"Present in both"
"FGLBJAKE_01870",46.6666666666667,10.6666666666667,28.6666666666667,465.918091599497,129.810598224029,283.29918370305,TRUE,FALSE,FALSE,-1.83569005736863,"Present in both"
"FGLBJAKE_01871",17.6666666666667,0,0,176.383277534095,0,0,TRUE,TRUE,FALSE,-7.47072619853554,"Depleted in Serum"
"FGLBJAKE_01874",0,66.6666666666667,0,0,811.31623890018,0,TRUE,FALSE,TRUE,9.66589767515799,"Depleted in BHI"
"FGLBJAKE_01875",276.666666666667,89.3333333333333,262.333333333333,2762.2286859113,1087.16376012624,2592.51694853837,TRUE,FALSE,FALSE,-1.34445927787491,"Present in both"
"FGLBJAKE_01878",4.66666666666667,8.66666666666667,15,46.5918091599497,105.471111057023,148.237944960898,TRUE,FALSE,FALSE,1.16167683184195,"Present in both"
"FGLBJAKE_01883",0,24,0,0,292.073846004065,0,TRUE,FALSE,TRUE,8.19512041701813,"Depleted in BHI"
"FGLBJAKE_01884",0,0.333333333333333,0,0,4.0565811945009,0,TRUE,FALSE,FALSE,2.33816229386219,"Present in both"
"FGLBJAKE_01885",22.6666666666667,0,0,226.303073062613,0,0,TRUE,TRUE,FALSE,-7.82847337882367,"Depleted in Serum"
"FGLBJAKE_01887",125,82,12.6666666666667,1247.99488821294,997.918973847221,125.178709078092,TRUE,FALSE,FALSE,-0.32232800706736,"Present in both"
"FGLBJAKE_01889",0.333333333333333,16,0.666666666666667,3.32798636856783,194.715897336043,6.58835310937325,TRUE,FALSE,FALSE,5.49892118044814,"Present in both"
"FGLBJAKE_01894",0,0,20.3333333333333,0,0,200.944769835884,TRUE,FALSE,FALSE,0,"Present in both"
"FGLBJAKE_01897",0,52.6666666666667,38.6666666666667,0,640.939828731142,382.124480343648,TRUE,FALSE,TRUE,9.32629426459971,"Depleted in BHI"
"FGLBJAKE_01901",174.666666666667,11.6666666666667,142.333333333333,1743.86485712955,141.980341807531,1406.61338885119,TRUE,FALSE,FALSE,-3.60922659010571,"Present in both"
"FGLBJAKE_01903",0,0,0.333333333333333,0,0,3.29417655468662,TRUE,FALSE,FALSE,0,"Present in both"
"FGLBJAKE_01905",90,0.333333333333333,10,898.556319513315,4.0565811945009,98.8252966405987,TRUE,FALSE,FALSE,-7.47490750461442,"Present in both"
"FGLBJAKE_01906",30.3333333333333,69.3333333333333,39,302.846759539673,843.768888456187,385.418656898335,TRUE,FALSE,FALSE,1.47521279749411,"Present in both"
"FGLBJAKE_01907",0,4,1,0,48.6789743340108,9.88252966405988,TRUE,FALSE,TRUE,5.63456348304899,"Depleted in BHI"
"FGLBJAKE_01913",15.6666666666667,11.3333333333333,10.6666666666667,156.415359322688,137.923760613031,105.413649749972,TRUE,FALSE,FALSE,-0.180282944709767,"Present in both"
"FGLBJAKE_01915",138.666666666667,74.3333333333333,116,1384.44232932422,904.6176063737,1146.37344103095,TRUE,FALSE,FALSE,-0.613372746775125,"Present in both"
"FGLBJAKE_01917",25,6,20,249.598977642588,73.0184615010162,197.650593281197,TRUE,FALSE,FALSE,-1.7594234748199,"Present in both"
"FGLBJAKE_01921",0,0.333333333333333,0,0,4.0565811945009,0,TRUE,FALSE,FALSE,2.33816229386219,"Present in both"
"FGLBJAKE_01922",0.666666666666667,0,0,6.65597273713567,0,0,TRUE,FALSE,FALSE,-2.93658569240633,"Present in both"
"FGLBJAKE_01924",119.333333333333,86,40.6666666666667,1191.41911994728,1046.59794818123,401.889539671768,TRUE,FALSE,FALSE,-0.186806274494864,"Present in both"
"FGLBJAKE_01930",21.6666666666667,0,0,216.319113956909,0,0,TRUE,TRUE,FALSE,-7.76367125982142,"Depleted in Serum"
"FGLBJAKE_01931",116.666666666667,66.6666666666667,106.666666666667,1164.79522899874,811.31623890018,1054.13649749972,TRUE,FALSE,FALSE,-0.52120101206322,"Present in both"
"FGLBJAKE_01933",182.666666666667,186.666666666667,120,1823.73652997517,2271.6854689205,1185.90355968718,TRUE,FALSE,FALSE,0.316709863225182,"Present in both"
"FGLBJAKE_01934",0,13.6666666666667,16,0,166.319828974537,158.120474624958,TRUE,FALSE,TRUE,7.38646461822364,"Depleted in BHI"
"FGLBJAKE_01936",22.3333333333333,1,17,222.975086694045,12.1697435835027,168.003004289018,TRUE,FALSE,FALSE,-4.08803910511568,"Present in both"
"FGLBJAKE_01941",106.666666666667,58.3333333333333,15.6666666666667,1064.95563794171,709.901709037657,154.826298070271,TRUE,FALSE,FALSE,-0.584425390164385,"Present in both"
"FGLBJAKE_01944",65.6666666666667,108.333333333333,112,655.613314607863,1318.38888821279,1106.84332237471,TRUE,FALSE,FALSE,1.00675394995863,"Present in both"
"FGLBJAKE_01945",71,87.3333333333333,205.333333333333,708.861096504949,1062.82427295924,2029.21275768696,TRUE,FALSE,FALSE,0.583651204887646,"Present in both"
"FGLBJAKE_01947",0,0,12,0,0,118.590355968718,TRUE,FALSE,FALSE,0,"Present in both"
"FGLBJAKE_01948",372.666666666667,274.333333333333,386.333333333333,3720.68876005884,3338.56632307424,3817.9506268818,TRUE,FALSE,FALSE,-0.156296643630322,"Present in both"
"FGLBJAKE_01950",98,32.3333333333333,99.3333333333333,978.427992358943,393.488375866587,981.664613296614,TRUE,FALSE,FALSE,-1.31195663940739,"Present in both"
"FGLBJAKE_01953",0,5.33333333333333,0,0,64.9052991120144,0,TRUE,FALSE,TRUE,6.04232256460124,"Depleted in BHI"
"FGLBJAKE_01954",9.66666666666667,6.66666666666667,0,96.5116046884672,81.131623890018,0,TRUE,FALSE,FALSE,-0.247636098701382,"Present in both"
"FGLBJAKE_01960",136.333333333333,64.3333333333333,179.333333333333,1361.14642474424,782.920170538673,1772.2669864214,TRUE,FALSE,FALSE,-0.797103143037315,"Present in both"
"FGLBJAKE_01965",18.3333333333333,31,25.6666666666667,183.039250271231,377.262051088584,253.65159471087,TRUE,FALSE,FALSE,1.03937256174437,"Present in both"
"FGLBJAKE_01966",9,8.33333333333333,29.6666666666667,89.8556319513315,101.414529862522,293.18171336711,TRUE,FALSE,FALSE,0.172772557411852,"Present in both"
"FGLBJAKE_01968",12.6666666666667,102.666666666667,133.666666666667,126.463482005578,1249.42700790628,1320.96479842934,TRUE,FALSE,FALSE,3.29426496189661,"Present in both"
"FGLBJAKE_01969",0,0,3.66666666666667,0,0,36.2359421015529,TRUE,FALSE,FALSE,0,"Present in both"
"FGLBJAKE_01970",59.3333333333333,0.333333333333333,32.3333333333333,592.381573605074,4.0565811945009,319.535125804603,TRUE,FALSE,FALSE,-6.87465402313292,"Present in both"
"FGLBJAKE_01982",31.3333333333333,36.3333333333333,88.3333333333333,312.830718645376,442.167350200598,872.956786991956,TRUE,FALSE,FALSE,0.497865022231263,"Present in both"
"FGLBJAKE_01987",42,159.666666666667,26,419.326282439547,1943.10239216593,256.945771265557,TRUE,FALSE,FALSE,2.2095226307297,"Present in both"
"FGLBJAKE_01993",0,6.66666666666667,0,0,81.131623890018,0,TRUE,FALSE,TRUE,6.35986591792252,"Depleted in BHI"
"FGLBJAKE_01995",17,5,13.6666666666667,169.72730479696,60.8487179175135,135.061238742152,TRUE,FALSE,FALSE,-1.46487821571731,"Present in both"
"FGLBJAKE_01998",99.3333333333333,46,93,991.739937833214,559.808204841124,919.075258757568,TRUE,FALSE,FALSE,-0.823908376333435,"Present in both"
"FGLBJAKE_01999",0,45.3333333333333,0,0,551.695042452122,0,TRUE,FALSE,TRUE,9.11033986174092,"Depleted in BHI"
"FGLBJAKE_02001",0,16.3333333333333,1.33333333333333,0,198.772478530544,13.1767062187465,TRUE,FALSE,TRUE,7.64221403505549,"Depleted in BHI"
"FGLBJAKE_02003",0,0,9.66666666666667,0,0,95.5311200859121,TRUE,FALSE,FALSE,0,"Present in both"
"FGLBJAKE_02004",19.3333333333333,3.66666666666667,0,193.023209376934,44.6223931395099,0,TRUE,FALSE,FALSE,-2.08841520945044,"Present in both"
"FGLBJAKE_02008",64.3333333333333,12,10,642.301369133592,146.036923002032,98.8252966405987,TRUE,FALSE,FALSE,-2.12931627795978,"Present in both"
"FGLBJAKE_02009",1238,2206.33333333333,2193.66666666667,12360.1413728609,26850.5109264014,21678.9759063927,TRUE,FALSE,FALSE,1.11919130906707,"Present in both"
"FGLBJAKE_02010",0,0,8,0,0,79.060237312479,TRUE,FALSE,FALSE,0,"Present in both"
"FGLBJAKE_02011",146.666666666667,100,0,1464.31400216985,1216.97435835027,0,TRUE,FALSE,FALSE,-0.26672609199189,"Present in both"
"FGLBJAKE_02012",82.6666666666667,47.3333333333333,66.6666666666667,825.340619404823,576.034529619128,658.835310937325,TRUE,FALSE,FALSE,-0.518078934276829,"Present in both"
"FGLBJAKE_02015",179.333333333333,93.6666666666667,159.666666666667,1790.45666628949,1139.89931565475,1577.91056969489,TRUE,FALSE,FALSE,-0.650961667056042,"Present in both"
"FGLBJAKE_02017",0,0,0.333333333333333,0,0,3.29417655468662,TRUE,FALSE,FALSE,0,"Present in both"
"FGLBJAKE_02018",0,21,0,0,255.564615253557,0,TRUE,FALSE,TRUE,8.0031784010505,"Depleted in BHI"
"FGLBJAKE_02019",0,10,0,0,121.697435835027,0,TRUE,FALSE,TRUE,6.93896128925032,"Depleted in BHI"
"FGLBJAKE_02020",0,21,42.6666666666667,0,255.564615253557,421.654598999888,TRUE,FALSE,TRUE,8.0031784010505,"Depleted in BHI"
"FGLBJAKE_02022",30.6666666666667,75.6666666666667,0,306.174745908241,920.843931151704,0,TRUE,FALSE,FALSE,1.58546291093125,"Present in both"
"FGLBJAKE_02026",78,65.3333333333333,90.3333333333333,778.748810244873,795.089914122176,892.721846320075,TRUE,FALSE,FALSE,0.0299219383936866,"Present in both"
"FGLBJAKE_02027",0,0,0.333333333333333,0,0,3.29417655468662,TRUE,FALSE,FALSE,0,"Present in both"
"FGLBJAKE_02032",0,42.3333333333333,11.3333333333333,0,515.185811701614,112.002002859345,TRUE,FALSE,TRUE,9.01174667667535,"Depleted in BHI"
"FGLBJAKE_02033",0,19,0.333333333333333,0,231.225128086551,3.29417655468662,TRUE,FALSE,TRUE,7.85938027827639,"Depleted in BHI"
"FGLBJAKE_02035",0,35.3333333333333,40.3333333333333,0,429.997606617095,398.595363117082,TRUE,FALSE,TRUE,8.75153604764772,"Depleted in BHI"
"FGLBJAKE_02038",66,42,86,658.941300976431,511.129230507113,849.897551109149,TRUE,FALSE,FALSE,-0.365829803160372,"Present in both"
"FGLBJAKE_02039",43.6666666666667,50.6666666666667,30.6666666666667,435.966214282386,616.600341564137,303.064243031169,TRUE,FALSE,FALSE,0.49915181394781,"Present in both"
"FGLBJAKE_02040",23,12.3333333333333,24.3333333333333,229.631059431181,150.093504196533,240.474888492124,TRUE,FALSE,FALSE,-0.610145178409984,"Present in both"
"FGLBJAKE_02041",42.6666666666667,3,0,425.982255176683,36.5092307505081,0,TRUE,FALSE,FALSE,-3.50885853334148,"Present in both"
"FGLBJAKE_02042",26.3333333333333,14,0,262.910923116859,170.376410169038,0,TRUE,FALSE,FALSE,-0.62288252693881,"Present in both"
"FGLBJAKE_02047",382,392,357.333333333333,3813.87237837874,4770.53948473306,3531.35726662406,TRUE,FALSE,FALSE,0.322820016652688,"Present in both"
"FGLBJAKE_02048",59.6666666666667,0.333333333333333,0,595.709559973642,4.0565811945009,0,TRUE,FALSE,FALSE,-6.88272278662482,"Present in both"
"FGLBJAKE_02052",70.6666666666667,148,49.3333333333333,705.533110136381,1801.1220503584,487.53813009362,TRUE,FALSE,FALSE,1.35086764627784,"Present in both"
"FGLBJAKE_02054",0,0.666666666666667,0.333333333333333,0,8.1131623890018,3.29417655468662,TRUE,FALSE,FALSE,3.18795177534876,"Present in both"
"FGLBJAKE_02055",137,44,62.6666666666667,1367.80239748138,535.468717674119,619.305192281086,TRUE,FALSE,FALSE,-1.35134823909395,"Present in both"
"FGLBJAKE_02057",50,11.6666666666667,57.3333333333333,499.197955285175,141.980341807531,566.5983674061,TRUE,FALSE,FALSE,-1.80668235380592,"Present in both"
"FGLBJAKE_02058",0,1,14,0,12.1697435835027,138.355415296838,TRUE,FALSE,FALSE,3.71915535130864,"Present in both"
"FGLBJAKE_02059",55.6666666666667,36.6666666666667,3.66666666666667,555.773723550828,446.223931395099,36.2359421015529,TRUE,FALSE,FALSE,-0.316093735776042,"Present in both"
"FGLBJAKE_02062",0,9.33333333333333,40.6666666666667,0,113.584273446025,401.889539671768,TRUE,FALSE,TRUE,6.84026523929405,"Depleted in BHI"
"FGLBJAKE_02067",25,49.3333333333333,7.66666666666667,249.598977642588,600.374016786133,75.7660607577924,TRUE,FALSE,FALSE,1.26288200660785,"Present in both"
"FGLBJAKE_02068",28,22.3333333333333,23.3333333333333,279.550854959698,271.79094003156,230.592358828064,TRUE,FALSE,FALSE,-0.0404665791489226,"Present in both"
"FGLBJAKE_02069",900.333333333333,1027,984,8988.89118150172,12498.3266602573,9724.40918943492,TRUE,FALSE,FALSE,0.475474821083479,"Present in both"
"FGLBJAKE_02071",48.6666666666667,19,0,485.886009810904,231.225128086551,0,TRUE,FALSE,FALSE,-1.06805995828241,"Present in both"
"FGLBJAKE_02072",26,55.3333333333333,54,259.582936748291,673.392478287149,533.656601859233,TRUE,FALSE,FALSE,1.3718458277633,"Present in both"
"FGLBJAKE_02073",40,15.6666666666667,33,399.35836422814,190.659316141542,326.123478913976,TRUE,FALSE,FALSE,-1.06274782098507,"Present in both"
"FGLBJAKE_02074",22.3333333333333,48.6666666666667,55.6666666666667,222.975086694045,592.260854397131,550.127484632666,TRUE,FALSE,FALSE,1.40532832479433,"Present in both"
"FGLBJAKE_02082",12,48.3333333333333,63.6666666666667,119.807509268442,588.20427320263,629.187721945145,TRUE,FALSE,FALSE,2.2860577596889,"Present in both"
"FGLBJAKE_02086",24,20,0,239.615018536884,243.394871670054,0,TRUE,FALSE,FALSE,0.0224873178325984,"Present in both"
"FGLBJAKE_02088",24,9,0,239.615018536884,109.527692251524,0,TRUE,FALSE,FALSE,-1.12231881831544,"Present in both"
"FGLBJAKE_02089",0,0,16.6666666666667,0,0,164.708827734331,TRUE,FALSE,FALSE,0,"Present in both"
"FGLBJAKE_02090",813.666666666667,1107.33333333333,985.333333333333,8123.61472567408,13475.962728132,9737.58589565366,TRUE,FALSE,FALSE,0.730124090053384,"Present in both"
"FGLBJAKE_02091",48.3333333333333,53.3333333333333,39.3333333333333,482.558023442336,649.052991120144,388.712833453022,TRUE,FALSE,FALSE,0.426868315781397,"Present in both"
"FGLBJAKE_02092",0,0,12.3333333333333,0,0,121.884532523405,TRUE,FALSE,FALSE,0,"Present in both"
"FGLBJAKE_02093",0,0,0.333333333333333,0,0,3.29417655468662,TRUE,FALSE,FALSE,0,"Present in both"
"FGLBJAKE_02095",42,0,27,419.326282439547,0,266.828300929617,TRUE,TRUE,FALSE,-8.71536585887395,"Depleted in Serum"
"FGLBJAKE_02097",0,0,0.666666666666667,0,0,6.58835310937325,TRUE,FALSE,FALSE,0,"Present in both"
"FGLBJAKE_02099",40.6666666666667,6.33333333333333,47.6666666666667,406.014336965276,77.0750426955171,471.067247320187,TRUE,FALSE,FALSE,-2.38214625561286,"Present in both"
"FGLBJAKE_02103",7,14.3333333333333,7.33333333333333,69.8877137399245,174.432991363539,72.4718842031057,TRUE,FALSE,FALSE,1.30731257557264,"Present in both"
"FGLBJAKE_02104",38.3333333333333,22.6666666666667,92.6666666666667,382.718432385301,275.847521226061,915.781082202882,TRUE,FALSE,FALSE,-0.470956463576497,"Present in both"
"FGLBJAKE_02105",0,0,0.333333333333333,0,0,3.29417655468662,TRUE,FALSE,FALSE,0,"Present in both"
"FGLBJAKE_02107",17.6666666666667,0,10.6666666666667,176.383277534095,0,105.413649749972,TRUE,TRUE,FALSE,-7.47072619853554,"Depleted in Serum"
"FGLBJAKE_02109",37.6666666666667,8.66666666666667,10.3333333333333,376.062459648165,105.471111057023,102.119473195285,TRUE,FALSE,FALSE,-1.82434148760616,"Present in both"
"FGLBJAKE_02111",0,0.333333333333333,27.3333333333333,0,4.0565811945009,270.122477484303,TRUE,FALSE,FALSE,2.33816229386219,"Present in both"
"FGLBJAKE_02112",17,0,0,169.72730479696,0,0,TRUE,TRUE,FALSE,-7.41555000001462,"Depleted in Serum"
"FGLBJAKE_02113",0,21.6666666666667,54.6666666666667,0,263.677777642558,540.244954968606,TRUE,FALSE,TRUE,8.04809326095589,"Depleted in BHI"
"FGLBJAKE_02116",1.33333333333333,1,23,13.3119454742713,12.1697435835027,227.298182273377,TRUE,FALSE,FALSE,-0.119992539704138,"Present in both"
"FGLBJAKE_02118",42.6666666666667,29,73,425.982255176683,352.922563921578,721.424665476371,TRUE,FALSE,FALSE,-0.270742372534931,"Present in both"
"FGLBJAKE_02122",9.33333333333333,7.33333333333333,52,93.1836183198994,89.2447862790198,513.891542531113,TRUE,FALSE,FALSE,-0.0616325633127629,"Present in both"
"FGLBJAKE_02128",0.333333333333333,37.3333333333333,60.3333333333333,3.32798636856783,454.337093784101,596.245956398279,TRUE,FALSE,FALSE,6.7170952270141,"Present in both"
"FGLBJAKE_02129",9.66666666666667,0,0.666666666666667,96.5116046884672,0,6.58835310937325,TRUE,TRUE,FALSE,-6.6075020166239,"Depleted in Serum"
"FGLBJAKE_02130",34,11,0,339.454609593919,133.86717941853,0,TRUE,FALSE,FALSE,-1.33592316255691,"Present in both"
"FGLBJAKE_02131",56.3333333333333,12,62,562.429696287964,146.036923002032,612.716839171712,TRUE,FALSE,FALSE,-1.93805712361209,"Present in both"
"FGLBJAKE_02132",0,3.66666666666667,12.6666666666667,0,44.6223931395099,125.178709078092,TRUE,FALSE,TRUE,5.5116702206244,"Depleted in BHI"
"FGLBJAKE_02135",3,0,16.6666666666667,29.9518773171105,0,164.708827734331,TRUE,TRUE,FALSE,-4.95195501043185,"Depleted in Serum"
"FGLBJAKE_02137",17.3333333333333,19.6666666666667,2.33333333333333,173.055291165527,239.338290475553,23.0592358828064,TRUE,FALSE,FALSE,0.465520843925793,"Present in both"
"FGLBJAKE_02138",3.33333333333333,9.66666666666667,3,33.2798636856783,117.640854640526,29.6475889921796,TRUE,FALSE,FALSE,1.79116761785273,"Present in both"
"FGLBJAKE_02139",12,0,0,119.807509268442,0,0,TRUE,TRUE,FALSE,-6.91656632363998,"Depleted in Serum"
"FGLBJAKE_02141",7.66666666666667,14.6666666666667,2,76.5436864770602,178.48957255804,19.7650593281198,TRUE,FALSE,FALSE,1.21081880466422,"Present in both"
"FGLBJAKE_02143",0,0.666666666666667,0,0,8.1131623890018,0,TRUE,FALSE,FALSE,3.18795177534876,"Present in both"
"FGLBJAKE_02144",89.6666666666667,68,24.6666666666667,895.228333144747,827.542563678183,243.76906504681,TRUE,FALSE,FALSE,-0.113290523108073,"Present in both"
"FGLBJAKE_02147",42,8.33333333333333,0,419.326282439547,101.414529862522,0,TRUE,FALSE,FALSE,-2.03708925968365,"Present in both"
"FGLBJAKE_02151",0,5.33333333333333,0,0,64.9052991120144,0,TRUE,FALSE,TRUE,6.04232256460124,"Depleted in BHI"
"FGLBJAKE_02152",86.3333333333333,1.33333333333333,48,861.948469459069,16.2263247780036,474.361423874874,TRUE,FALSE,FALSE,-5.64658757043207,"Present in both"
"FGLBJAKE_02154",0.333333333333333,4.33333333333333,42.6666666666667,3.32798636856783,52.7355555285117,421.654598999888,TRUE,FALSE,FALSE,3.63410914050948,"Present in both"
"FGLBJAKE_02155",0,0,68,0,0,672.012017156071,TRUE,FALSE,FALSE,0,"Present in both"
"FGLBJAKE_02157",41.6666666666667,0,56.6666666666667,415.998296070979,0,560.010014296726,TRUE,TRUE,FALSE,-8.70389767834881,"Depleted in Serum"
"FGLBJAKE_02160",10.3333333333333,6.66666666666667,28.6666666666667,103.167577425603,81.131623890018,283.29918370305,TRUE,FALSE,FALSE,-0.342896574745678,"Present in both"
"FGLBJAKE_02162",71.3333333333333,19.6666666666667,0,712.189082873516,239.338290475553,0,TRUE,FALSE,FALSE,-1.56921810348138,"Present in both"
"FGLBJAKE_02163",9,11.3333333333333,5,89.8556319513315,137.923760613031,49.4126483202994,TRUE,FALSE,FALSE,0.61264551756011,"Present in both"
"FGLBJAKE_02164",15.6666666666667,6,18.6666666666667,156.415359322688,73.0184615010162,184.473887062451,TRUE,FALSE,FALSE,-1.08861926011999,"Present in both"
"FGLBJAKE_02167",18,64,127,179.711263902663,778.863589344173,1255.0812673356,TRUE,FALSE,FALSE,2.10953536198866,"Present in both"
"FGLBJAKE_02169",63.3333333333333,8.33333333333333,40,632.317410027889,101.414529862522,395.301186562395,TRUE,FALSE,FALSE,-2.62850833052381,"Present in both"
"FGLBJAKE_02177",42.6666666666667,42.6666666666667,51,425.982255176683,519.242392896115,504.009012867054,TRUE,FALSE,FALSE,0.285007850121091,"Present in both"
"FGLBJAKE_02180",0,1,0,0,12.1697435835027,0,TRUE,FALSE,FALSE,3.71915535130864,"Present in both"
"FGLBJAKE_02183",0,0.333333333333333,22.3333333333333,0,4.0565811945009,220.709829164004,TRUE,FALSE,FALSE,2.33816229386219,"Present in both"
"FGLBJAKE_02184",203.333333333333,300.333333333333,88.3333333333333,2030.07168482638,3654.97965624531,872.956786991956,TRUE,FALSE,FALSE,0.848016883378769,"Present in both"
"FGLBJAKE_02185",99.3333333333333,102,110,991.739937833214,1241.31384551727,1087.07826304659,TRUE,FALSE,FALSE,0.323541949249581,"Present in both"
"FGLBJAKE_02186",50.3333333333333,0,33.3333333333333,502.525941653743,0,329.417655468663,TRUE,TRUE,FALSE,-8.9759222975621,"Depleted in Serum"
"FGLBJAKE_02187",20.6666666666667,2.33333333333333,0,206.335154851206,28.3960683615063,0,TRUE,FALSE,FALSE,-2.81826963749424,"Present in both"
"FGLBJAKE_02190",0,38,77.3333333333333,0,462.450256173102,764.248960687297,TRUE,FALSE,TRUE,8.85627068715055,"Depleted in BHI"
"FGLBJAKE_02191",0.666666666666667,0,0,6.65597273713567,0,0,TRUE,FALSE,FALSE,-2.93658569240633,"Present in both"
"FGLBJAKE_02192",112,246.333333333333,87.6666666666667,1118.20341983879,2997.81350273616,866.368433882582,TRUE,FALSE,FALSE,1.42191952736364,"Present in both"
"FGLBJAKE_02196",0.333333333333333,1.66666666666667,0,3.32798636856783,20.2829059725045,0,TRUE,FALSE,FALSE,2.29792728980594,"Present in both"
"FGLBJAKE_02197",116.333333333333,0,88.3333333333333,1161.46724263017,0,872.956786991956,TRUE,TRUE,FALSE,-10.1829743474971,"Depleted in Serum"
"FGLBJAKE_02198",0,6,11.6666666666667,0,73.0184615010162,115.296179414032,TRUE,FALSE,TRUE,6.20981324392834,"Depleted in BHI"
"FGLBJAKE_02200",18.6666666666667,5.66666666666667,31.3333333333333,186.367236639799,68.9618803065153,309.652596140543,TRUE,FALSE,FALSE,-1.42122773389962,"Present in both"
"FGLBJAKE_02204",71.6666666666667,10.3333333333333,75.3333333333333,715.517069242084,125.754017029528,744.483901359177,TRUE,FALSE,FALSE,-2.49896960435268,"Present in both"
"FGLBJAKE_02212",11.3333333333333,0,0,113.151536531306,0,0,TRUE,TRUE,FALSE,-6.83480646879574,"Depleted in Serum"
"FGLBJAKE_02213",5.66666666666667,2.33333333333333,17.3333333333333,56.5757682656532,28.3960683615063,171.297180843704,TRUE,FALSE,FALSE,-0.969838545126827,"Present in both"
"FGLBJAKE_02215",0,35.6666666666667,0,0,434.054187811596,0,TRUE,FALSE,TRUE,8.76505129560566,"Depleted in BHI"
"FGLBJAKE_02216",26,0,0,259.582936748291,0,0,TRUE,TRUE,FALSE,-8.02559880754654,"Depleted in Serum"
"FGLBJAKE_02217",0,9.33333333333333,34.6666666666667,0,113.584273446025,342.594361687409,TRUE,FALSE,TRUE,6.84026523929405,"Depleted in BHI"
"FGLBJAKE_02218",6.66666666666667,58,13,66.5597273713567,705.845127843156,128.472885632778,TRUE,FALSE,FALSE,3.38715873884639,"Present in both"
"FGLBJAKE_02221",8.66666666666667,0,0,86.5276455827637,0,0,TRUE,TRUE,FALSE,-6.45166685864141,"Depleted in Serum"
"FGLBJAKE_02232",0,0.666666666666667,0.333333333333333,0,8.1131623890018,3.29417655468662,TRUE,FALSE,FALSE,3.18795177534876,"Present in both"
"FGLBJAKE_02235",405.666666666667,595.666666666667,579.666666666667,4050.15941054705,7249.11059457311,5728.57302860004,TRUE,FALSE,FALSE,0.839668147167518,"Present in both"
"FGLBJAKE_02238",14.6666666666667,2.33333333333333,22.6666666666667,146.431400216985,28.3960683615063,224.004005718691,TRUE,FALSE,FALSE,-2.32634870824429,"Present in both"
"FGLBJAKE_02239",996,935.333333333333,482,9944.02326928069,11382.7668317695,4763.37929807686,TRUE,FALSE,FALSE,0.194931365468631,"Present in both"
"FGLBJAKE_02240",34.6666666666667,12,21,346.110582331055,146.036923002032,207.533122945257,TRUE,FALSE,FALSE,-1.23921686795376,"Present in both"
"FGLBJAKE_02243",19,55,0,189.695223008367,669.335897092648,0,TRUE,FALSE,FALSE,1.81361548952031,"Present in both"
"FGLBJAKE_02244",18.6666666666667,24,28,186.367236639799,292.073846004065,276.710830593676,TRUE,FALSE,FALSE,0.64539552435136,"Present in both"
"FGLBJAKE_02245",0,3.66666666666667,154,0,44.6223931395099,1521.90956826522,TRUE,FALSE,TRUE,5.5116702206244,"Depleted in BHI"
"FGLBJAKE_02249",11.3333333333333,2.33333333333333,25.6666666666667,113.151536531306,28.3960683615063,253.65159471087,TRUE,FALSE,FALSE,-1.95725516220244,"Present in both"
"FGLBJAKE_02251",273,186.333333333333,212.666666666667,2725.62083585706,2267.628887726,2101.68464189007,TRUE,FALSE,FALSE,-0.26529346697441,"Present in both"
"FGLBJAKE_02252",0,80.6666666666667,0,0,981.692649069218,0,TRUE,FALSE,TRUE,9.94059645374816,"Depleted in BHI"
"FGLBJAKE_02254",5,0,8.66666666666667,49.9197955285175,0,85.6485904218522,TRUE,TRUE,FALSE,-5.6701547209101,"Depleted in Serum"
"FGLBJAKE_02256",27.3333333333333,18.6666666666667,0,272.894882222562,227.16854689205,0,TRUE,FALSE,FALSE,-0.263522379911573,"Present in both"
"FGLBJAKE_02258",76.6666666666667,0,18.6666666666667,765.436864770602,0,184.473887062451,TRUE,TRUE,FALSE,-9.58202314456313,"Depleted in Serum"
"FGLBJAKE_02260",108.666666666667,280,242.333333333333,1084.92355615311,3407.52820338075,2394.86635525718,TRUE,FALSE,FALSE,1.65022637261066,"Present in both"
"FGLBJAKE_02265",49,20.6666666666667,14,489.213996179472,251.508034059056,138.355415296838,TRUE,FALSE,FALSE,-0.957082384528071,"Present in both"
"FGLBJAKE_02266",6,42,37,59.903754634221,511.129230507113,365.653597570215,TRUE,FALSE,FALSE,3.07190482912961,"Present in both"
"FGLBJAKE_02269",32,25.3333333333333,31,319.486691382512,308.300170782068,306.358419585856,TRUE,FALSE,FALSE,-0.0512568183206586,"Present in both"
"FGLBJAKE_02270",10,5.33333333333333,3.33333333333333,99.839591057035,64.9052991120144,32.9417655468663,TRUE,FALSE,FALSE,-0.613595797816337,"Present in both"
"FGLBJAKE_02271",0,14.3333333333333,0,0,174.432991363539,0,TRUE,FALSE,TRUE,7.45477627165582,"Depleted in BHI"
"FGLBJAKE_02273",3.66666666666667,64.3333333333333,15.6666666666667,36.6078500542462,782.920170538673,154.826298070271,TRUE,FALSE,FALSE,4.38160100828354,"Present in both"
"FGLBJAKE_02275",76.3333333333333,179,86.6666666666667,762.108878402034,2178.38410144698,856.485904218522,TRUE,FALSE,FALSE,1.51395966707637,"Present in both"
"FGLBJAKE_02276",56.3333333333333,271.333333333333,57.3333333333333,562.429696287964,3302.05709232373,566.5983674061,TRUE,FALSE,FALSE,2.55149439644799,"Present in both"
"FGLBJAKE_02277",0,0.333333333333333,0,0,4.0565811945009,0,TRUE,FALSE,FALSE,2.33816229386219,"Present in both"
"FGLBJAKE_02279",0,38.6666666666667,0,0,470.563418562104,0,TRUE,FALSE,TRUE,8.88130799565384,"Depleted in BHI"
"FGLBJAKE_02280",90,12,67.3333333333333,898.556319513315,146.036923002032,665.423664046698,TRUE,FALSE,FALSE,-2.61303512749655,"Present in both"
"FGLBJAKE_02281",13.6666666666667,0,0,136.447441111281,0,0,TRUE,TRUE,FALSE,-7.10273623791021,"Depleted in Serum"
"FGLBJAKE_02283",129.333333333333,171,78.3333333333333,1291.25871100432,2081.02615277896,774.131490351357,TRUE,FALSE,FALSE,0.688093263354888,"Present in both"
"FGLBJAKE_02284",0.333333333333333,0,0,3.32798636856783,0,0,TRUE,FALSE,FALSE,-2.11369595525748,"Present in both"
"FGLBJAKE_02286",7,0,44.6666666666667,69.8877137399245,0,441.419658328008,TRUE,TRUE,FALSE,-6.14746369608318,"Depleted in Serum"
"FGLBJAKE_02288",60,32.3333333333333,36,599.03754634221,393.488375866587,355.771067906155,TRUE,FALSE,FALSE,-0.605069987861173,"Present in both"
"FGLBJAKE_02289",4.66666666666667,0,9.66666666666667,46.5918091599497,0,95.5311200859121,TRUE,TRUE,FALSE,-5.57264139318651,"Depleted in Serum"
"FGLBJAKE_02291",0,0,18,0,0,177.885533953078,TRUE,FALSE,FALSE,0,"Present in both"
"FGLBJAKE_02292",0,0,17.6666666666667,0,0,174.591357398391,TRUE,FALSE,FALSE,0,"Present in both"
"FGLBJAKE_02295",43.3333333333333,37.6666666666667,206.666666666667,432.638227913818,458.393674978601,2042.38946390571,TRUE,FALSE,FALSE,0.0832390486847547,"Present in both"
"FGLBJAKE_02297",197,95,118.333333333333,1966.83994382359,1156.12564043276,1169.43267691375,TRUE,FALSE,FALSE,-0.766067362002006,"Present in both"
"FGLBJAKE_02300",0,0,17.6666666666667,0,0,174.591357398391,TRUE,FALSE,FALSE,0,"Present in both"
"FGLBJAKE_02301",20,10.6666666666667,76.3333333333333,199.67918211407,129.810598224029,754.366431023237,TRUE,FALSE,FALSE,-0.617411531229317,"Present in both"
"FGLBJAKE_02302",119.666666666667,173.666666666667,82.3333333333333,1194.74710631585,2113.47880233497,813.661609007596,TRUE,FALSE,FALSE,0.822389797375945,"Present in both"
"FGLBJAKE_02309",190,75.6666666666667,172,1896.95223008367,920.843931151704,1699.7951022183,TRUE,FALSE,FALSE,-1.04184925423284,"Present in both"
"FGLBJAKE_02312",0,0,16,0,0,158.120474624958,TRUE,FALSE,FALSE,0,"Present in both"
"FGLBJAKE_02313",45.6666666666667,29.3333333333333,12.3333333333333,455.934132493793,356.979145116079,121.884532523405,TRUE,FALSE,FALSE,-0.352110671878648,"Present in both"
"FGLBJAKE_02316",0,11.3333333333333,11.3333333333333,0,137.923760613031,112.002002859345,TRUE,FALSE,TRUE,7.11814955933856,"Depleted in BHI"
"FGLBJAKE_02317",0,6.66666666666667,12.6666666666667,0,81.131623890018,125.178709078092,TRUE,FALSE,TRUE,6.35986591792252,"Depleted in BHI"
"FGLBJAKE_02319",195.666666666667,105.333333333333,98.3333333333333,1953.52799834932,1281.87965746228,971.782083632554,TRUE,FALSE,FALSE,-0.607434408682147,"Present in both"
"FGLBJAKE_02322",166.666666666667,162,58,1663.99318428392,1971.49846052744,573.186720515473,TRUE,FALSE,FALSE,0.244507902682527,"Present in both"
"FGLBJAKE_02329",25.3333333333333,9,18,252.926964011155,109.527692251524,177.885533953078,TRUE,FALSE,FALSE,-1.20000572398368,"Present in both"
"FGLBJAKE_02334",131.666666666667,41.6666666666667,137,1314.55461558429,507.072649312612,1353.9065639762,TRUE,FALSE,FALSE,-1.37256443576157,"Present in both"
"FGLBJAKE_02337",39.6666666666667,42.6666666666667,150.666666666667,396.030377859572,519.242392896115,1488.96780271835,TRUE,FALSE,FALSE,0.389934568636087,"Present in both"
"FGLBJAKE_02339",0,3.66666666666667,24.6666666666667,0,44.6223931395099,243.76906504681,TRUE,FALSE,TRUE,5.5116702206244,"Depleted in BHI"
"FGLBJAKE_02340",26.6666666666667,1.33333333333333,15,266.238909485427,16.2263247780036,148.237944960898,TRUE,FALSE,FALSE,-3.95544323508134,"Present in both"
"FGLBJAKE_02342",31.3333333333333,3,24.6666666666667,312.830718645376,36.5092307505081,243.76906504681,TRUE,FALSE,FALSE,-3.06466899308735,"Present in both"
"FGLBJAKE_02346",13.6666666666667,0,0,136.447441111281,0,0,TRUE,TRUE,FALSE,-7.10273623791021,"Depleted in Serum"
"FGLBJAKE_02347",0,6.66666666666667,11,0,81.131623890018,108.707826304659,TRUE,FALSE,TRUE,6.35986591792252,"Depleted in BHI"
"FGLBJAKE_02350",0,0,7.66666666666667,0,0,75.7660607577924,TRUE,FALSE,FALSE,0,"Present in both"
"FGLBJAKE_02352",274.666666666667,234,373,2742.2607676999,2847.71999853963,3686.18356469433,TRUE,FALSE,FALSE,0.0544220579556872,"Present in both"
"FGLBJAKE_02355",28.3333333333333,0,0,282.878841328266,0,0,TRUE,TRUE,FALSE,-8.14913151277732,"Depleted in Serum"
"FGLBJAKE_02358",38,51,101.666666666667,379.390446016733,620.656922758637,1004.72384917942,TRUE,FALSE,FALSE,0.708637600330962,"Present in both"
"FGLBJAKE_02359",0.333333333333333,0,0,3.32798636856783,0,0,TRUE,FALSE,FALSE,-2.11369595525748,"Present in both"
"FGLBJAKE_02362",79.6666666666667,130.333333333333,177.666666666667,795.388742087712,1586.12324704985,1755.79610364797,TRUE,FALSE,FALSE,0.994869432005839,"Present in both"
"FGLBJAKE_02363",0,13,0,0,158.206666585535,0,TRUE,FALSE,TRUE,7.31475693802136,"Depleted in BHI"
"FGLBJAKE_02365",0,40.6666666666667,0,0,494.90290572911,0,TRUE,FALSE,TRUE,8.95391386858183,"Depleted in BHI"
"FGLBJAKE_02367",85,869,228.666666666667,848.636523984798,10575.5071740638,2259.80511651502,TRUE,FALSE,FALSE,3.63787366905869,"Present in both"
"FGLBJAKE_02374",18.3333333333333,22,14.3333333333333,183.039250271231,267.734358837059,141.649591851525,TRUE,FALSE,FALSE,0.546167303478946,"Present in both"
"FGLBJAKE_02379",60.3333333333333,54.6666666666667,60,602.365532710778,665.279315898147,592.951779843592,TRUE,FALSE,FALSE,0.143094822196918,"Present in both"
"FGLBJAKE_02380",4,3.66666666666667,24,39.935836422814,44.6223931395099,237.180711937437,TRUE,FALSE,FALSE,0.156377752189156,"Present in both"
"FGLBJAKE_02381",0,0,1,0,0,9.88252966405988,TRUE,FALSE,FALSE,0,"Present in both"
"FGLBJAKE_02383",2.33333333333333,18.3333333333333,0,23.2959045799748,223.111965697549,0,TRUE,FALSE,FALSE,3.20543462602438,"Present in both"
"FGLBJAKE_02384",19.6666666666667,7.33333333333333,24.3333333333333,196.351195745502,89.2447862790198,240.474888492124,TRUE,FALSE,FALSE,-1.12884976995087,"Present in both"
"FGLBJAKE_02389",2.66666666666667,3.66666666666667,23.6666666666667,26.6238909485427,44.6223931395099,233.88653538275,TRUE,FALSE,FALSE,0.723825581781614,"Present in both"
"FGLBJAKE_02390",0,7.66666666666667,13.6666666666667,0,93.3013674735207,135.061238742152,TRUE,FALSE,TRUE,6.55920678660388,"Depleted in BHI"
"FGLBJAKE_02391",95.3333333333333,100.333333333333,68.6666666666667,951.804101410401,1221.03093954477,678.600370265445,TRUE,FALSE,FALSE,0.359029283459927,"Present in both"
"FGLBJAKE_02392",0,6.33333333333333,26,0,77.0750426955171,256.945771265557,TRUE,FALSE,TRUE,6.28678954807454,"Depleted in BHI"
"FGLBJAKE_02395",55,0,0,549.117750813693,0,0,TRUE,TRUE,FALSE,-9.10359664538061,"Depleted in Serum"
"FGLBJAKE_02398",0,8.66666666666667,0.666666666666667,0,105.471111057023,6.58835310937325,TRUE,FALSE,TRUE,6.73431822502845,"Depleted in BHI"
"FGLBJAKE_02401",670.333333333333,18.6666666666667,28,6692.58058718991,227.16854689205,276.710830593676,TRUE,FALSE,FALSE,-4.87460632161527,"Present in both"
"FGLBJAKE_02403",67.3333333333333,0,0,672.253246450702,0,0,TRUE,TRUE,FALSE,-9.39500547124439,"Depleted in Serum"
"FGLBJAKE_02405",2168.33333333333,75.3333333333333,68.6666666666667,21648.5513275338,916.787349957203,678.600370265445,TRUE,FALSE,FALSE,-4.56003339420816,"Present in both"
"FGLBJAKE_02407",4.33333333333333,0,0.333333333333333,43.2638227913818,0,3.29417655468662,TRUE,TRUE,FALSE,-5.46805614801473,"Depleted in Serum"
"FGLBJAKE_02414",1.66666666666667,12.3333333333333,10.6666666666667,16.6399318428392,150.093504196533,105.413649749972,TRUE,FALSE,FALSE,3.09852474583723,"Present in both"
"FGLBJAKE_02417",0,9,47.6666666666667,0,109.527692251524,471.067247320187,TRUE,FALSE,TRUE,6.78826406589541,"Depleted in BHI"
"FGLBJAKE_02422",0,0,1,0,0,9.88252966405988,TRUE,FALSE,FALSE,0,"Present in both"
"FGLBJAKE_02425",0,0,1,0,0,9.88252966405988,TRUE,FALSE,FALSE,0,"Present in both"
"FGLBJAKE_02426",0,0,14.6666666666667,0,0,144.943768406211,TRUE,FALSE,FALSE,0,"Present in both"
"FGLBJAKE_02430",0,1.66666666666667,0,0,20.2829059725045,0,TRUE,FALSE,FALSE,4.41162324506342,"Present in both"
"FGLBJAKE_02431",14,85,340,139.775427479849,1034.42820459773,3360.06008578036,TRUE,FALSE,FALSE,2.87876008530041,"Present in both"
"FGLBJAKE_02432",0.666666666666667,0,19,6.65597273713567,0,187.768063617138,TRUE,FALSE,FALSE,-2.93658569240633,"Present in both"
"FGLBJAKE_02439",0,12.6666666666667,0,0,154.150085391034,0,TRUE,FALSE,TRUE,7.2775206806677,"Depleted in BHI"
"FGLBJAKE_02441",0.333333333333333,0,0,3.32798636856783,0,0,TRUE,FALSE,FALSE,-2.11369595525748,"Present in both"
"FGLBJAKE_02442",35,74.3333333333333,49.6666666666667,349.438568699623,904.6176063737,490.832306648307,TRUE,FALSE,FALSE,1.36974044194381,"Present in both"
"FGLBJAKE_02449",0,9,0,0,109.527692251524,0,TRUE,FALSE,TRUE,6.78826406589541,"Depleted in BHI"
"FGLBJAKE_02452",9.66666666666667,29,157.666666666667,96.5116046884672,352.922563921578,1558.14551036677,TRUE,FALSE,FALSE,1.85978791519104,"Present in both"
"FGLBJAKE_02455",110,89.6666666666667,221.666666666667,1098.23550162739,1091.22034132074,2190.62740886661,TRUE,FALSE,FALSE,-0.00923657356666885,"Present in both"
"FGLBJAKE_02469",223.666666666667,134,175,2233.07885330902,1630.74564018936,1729.44269121048,TRUE,FALSE,FALSE,-0.453263922992459,"Present in both"
"FGLBJAKE_02473",54,0,0,539.133791707989,0,0,TRUE,TRUE,FALSE,-9.07717299839518,"Depleted in Serum"
"FGLBJAKE_02484",86.6666666666667,263.333333333333,174,865.276455827637,3204.69914365571,1719.56016154642,TRUE,FALSE,FALSE,1.88773962173352,"Present in both"
"FGLBJAKE_02485",0,41,106.333333333333,0,498.95948692361,1050.84232094503,TRUE,FALSE,TRUE,8.96566738389722,"Depleted in BHI"
"FGLBJAKE_02486",0,74.6666666666667,64.3333333333333,0,908.674187568201,635.776075054519,TRUE,FALSE,TRUE,9.82920610635345,"Depleted in BHI"
"FGLBJAKE_02487",0,0,2,0,0,19.7650593281198,TRUE,FALSE,FALSE,0,"Present in both"
"FGLBJAKE_02488",453,466.666666666667,727.333333333333,4522.73347488369,5679.21367230126,7187.89324232622,TRUE,FALSE,FALSE,0.328431268066144,"Present in both"
"FGLBJAKE_02496",54.3333333333333,13.6666666666667,172.333333333333,542.461778076557,166.319828974537,1703.08927877298,TRUE,FALSE,FALSE,-1.69957014494818,"Present in both"
"FGLBJAKE_02498",10,25.6666666666667,7.33333333333333,99.839591057035,312.356751976569,72.4718842031057,TRUE,FALSE,FALSE,1.63574390693032,"Present in both"
"FGLBJAKE_02499",0,0,32,0,0,316.240949249916,TRUE,FALSE,FALSE,0,"Present in both"
"FGLBJAKE_02500",64.6666666666667,173,242.666666666667,645.62935550216,2105.36563994597,2398.16053181186,TRUE,FALSE,FALSE,1.70374498361281,"Present in both"
"FGLBJAKE_02518",15.3333333333333,57.3333333333333,73.6666666666667,153.08737295412,697.731965454155,728.013018585744,TRUE,FALSE,FALSE,2.18099050019472,"Present in both"
"FGLBJAKE_02521",0,0.666666666666667,2.33333333333333,0,8.1131623890018,23.0592358828064,TRUE,FALSE,FALSE,3.18795177534876,"Present in both"
"FGLBJAKE_02525",126.666666666667,173,176,1264.63482005578,2105.36563994597,1739.32522087454,TRUE,FALSE,FALSE,0.734894695956587,"Present in both"
"FGLBJAKE_02526",35,24,22.6666666666667,349.438568699623,292.073846004065,224.004005718691,TRUE,FALSE,FALSE,-0.257897337106591,"Present in both"
"FGLBJAKE_02527",18.3333333333333,36.6666666666667,0,183.039250271231,446.223931395099,0,TRUE,FALSE,FALSE,1.28098390589022,"Present in both"
"FGLBJAKE_02532",0,2,0.333333333333333,0,24.3394871670054,3.29417655468662,TRUE,FALSE,FALSE,4.66331542169028,"Present in both"
"FGLBJAKE_02534",0,23.6666666666667,0,0,288.017264809564,0,TRUE,FALSE,TRUE,8.17501186627637,"Depleted in BHI"
"FGLBJAKE_02535",61.3333333333333,0,63,612.349491816482,0,622.599368835772,TRUE,TRUE,FALSE,-9.26056555803262,"Depleted in Serum"
"FGLBJAKE_02537",0,22.6666666666667,0,0,275.847521226061,0,TRUE,FALSE,TRUE,8.11294779442837,"Depleted in BHI"
"FGLBJAKE_02541",19.6666666666667,18.6666666666667,72.3333333333333,196.351195745502,227.16854689205,714.836312366998,TRUE,FALSE,FALSE,0.209334668847796,"Present in both"
"FGLBJAKE_02544",0,30.6666666666667,0,0,373.205469894083,0,TRUE,FALSE,TRUE,8.54768683689268,"Depleted in BHI"
"FGLBJAKE_02545",42.6666666666667,85,98.6666666666667,425.982255176683,1034.42820459773,975.076260187241,TRUE,FALSE,FALSE,1.27797950252177,"Present in both"
"FGLBJAKE_02547",47.3333333333333,27.6666666666667,4,472.574064336632,336.696239143575,39.5301186562395,TRUE,FALSE,FALSE,-0.487863960354911,"Present in both"
"FGLBJAKE_02550",0,16,31.6666666666667,0,194.715897336043,312.946772695229,TRUE,FALSE,TRUE,7.61261713570562,"Depleted in BHI"
"FGLBJAKE_02553",83,39.6666666666667,319.333333333333,828.668605773391,482.733162145607,3155.82113938979,TRUE,FALSE,FALSE,-0.778323751773271,"Present in both"
"FGLBJAKE_02556",0,23.3333333333333,59.6666666666667,0,283.960683615063,589.657603288906,TRUE,FALSE,TRUE,8.15461907232801,"Depleted in BHI"
"FGLBJAKE_02557",0,0,5,0,0,49.4126483202994,TRUE,FALSE,FALSE,0,"Present in both"
"FGLBJAKE_02558",6.66666666666667,1,0,66.5597273713567,12.1697435835027,0,TRUE,FALSE,FALSE,-2.35893624991835,"Present in both"
"FGLBJAKE_02561",40.3333333333333,6.33333333333333,13.6666666666667,402.686350596708,77.0750426955171,135.061238742152,TRUE,FALSE,FALSE,-2.37030144908005,"Present in both"
"FGLBJAKE_02562",17,75,23,169.72730479696,912.730768762702,227.298182273377,TRUE,FALSE,FALSE,2.42007532682775,"Present in both"
"FGLBJAKE_02565",4,0,25.6666666666667,39.935836422814,0,253.65159471087,TRUE,TRUE,FALSE,-5.35529246843525,"Depleted in Serum"
"FGLBJAKE_02569",0,7.33333333333333,56.6666666666667,0,89.2447862790198,560.010014296726,TRUE,FALSE,TRUE,6.49577168033119,"Depleted in BHI"
"FGLBJAKE_02572",66.6666666666667,51.6666666666667,39.3333333333333,665.597273713567,628.770085147639,388.712833453022,TRUE,FALSE,FALSE,-0.0819901877312619,"Present in both"
"FGLBJAKE_02573",5,0,0,49.9197955285175,0,0,TRUE,TRUE,FALSE,-5.6701547209101,"Depleted in Serum"
"FGLBJAKE_02581",0,47.6666666666667,0,0,580.091110813628,0,TRUE,FALSE,TRUE,9.18262057511475,"Depleted in BHI"
"FGLBJAKE_02583",108,6,163,1078.26758341598,73.0184615010162,1610.85233524176,TRUE,FALSE,FALSE,-3.86602363809683,"Present in both"
"FGLBJAKE_02584",7,0.333333333333333,2.33333333333333,69.8877137399245,4.0565811945009,23.0592358828064,TRUE,FALSE,FALSE,-3.80930140222099,"Present in both"
"FGLBJAKE_02588",14.6666666666667,7.66666666666667,0,146.431400216985,93.3013674735207,0,TRUE,FALSE,FALSE,-0.64469322823371,"Present in both"
"FGLBJAKE_02589",77,52.3333333333333,0,768.76485113917,636.883247536641,0,TRUE,FALSE,FALSE,-0.271125406464611,"Present in both"
"FGLBJAKE_02593",0,1,3,0,12.1697435835027,29.6475889921796,TRUE,FALSE,FALSE,3.71915535130864,"Present in both"
"FGLBJAKE_02597",30,26,17,299.518773171105,316.41333317107,168.003004289018,TRUE,FALSE,FALSE,0.0789076130946231,"Present in both"
"FGLBJAKE_02598",64,13.3333333333333,12.6666666666667,638.973382765024,162.263247780036,125.178709078092,TRUE,FALSE,FALSE,-1.97081184090089,"Present in both"
"FGLBJAKE_02602",12.3333333333333,0,0,123.13549563701,0,0,TRUE,TRUE,FALSE,-6.95577189232853,"Depleted in Serum"
"FGLBJAKE_02605",48.6666666666667,121,67.6666666666667,485.886009810904,1472.53897360383,668.717840601385,TRUE,FALSE,FALSE,1.59762926688308,"Present in both"
"FGLBJAKE_02607",2.66666666666667,0,0,26.6238909485427,0,0,TRUE,TRUE,FALSE,-4.78784463884279,"Depleted in Serum"
"FGLBJAKE_02609",0,0,1,0,0,9.88252966405988,TRUE,FALSE,FALSE,0,"Present in both"
"FGLBJAKE_02612",11.3333333333333,17,50.3333333333333,113.151536531306,206.885640919546,497.42065975768,TRUE,FALSE,FALSE,0.864839832760708,"Present in both"
"FGLBJAKE_02615",28.6666666666667,31.6666666666667,27.6666666666667,286.206827696834,385.375213477585,273.41665403899,TRUE,FALSE,FALSE,0.427912499791655,"Present in both"
"FGLBJAKE_02619",6,0.666666666666667,5.33333333333333,59.903754634221,8.1131623890018,52.706824874986,TRUE,FALSE,FALSE,-2.74050749061272,"Present in both"
"FGLBJAKE_02620",27,37,27.6666666666667,269.566895853995,450.2805125896,273.41665403899,TRUE,FALSE,FALSE,0.738039145902755,"Present in both"
"FGLBJAKE_02622",18,21.6666666666667,18.6666666666667,179.711263902663,263.677777642558,184.473887062451,TRUE,FALSE,FALSE,0.550550637640235,"Present in both"
"FGLBJAKE_02631",148.666666666667,81,207,1484.28192038125,985.749230263718,2045.68364046039,TRUE,FALSE,FALSE,-0.589981400187271,"Present in both"
"FGLBJAKE_02635",6.66666666666667,11.3333333333333,2.66666666666667,66.5597273713567,137.923760613031,26.353412437493,TRUE,FALSE,FALSE,1.04005795811156,"Present in both"
"FGLBJAKE_02636",0,0.666666666666667,0,0,8.1131623890018,0,TRUE,FALSE,FALSE,3.18795177534876,"Present in both"
"FGLBJAKE_02639",7.66666666666667,0,0,76.5436864770602,0,0,TRUE,TRUE,FALSE,-6.27693741826314,"Depleted in Serum"
"FGLBJAKE_02641",21.6666666666667,77,177.666666666667,216.319113956909,937.070255929708,1755.79610364797,TRUE,FALSE,FALSE,2.10988090609027,"Present in both"
"FGLBJAKE_02648",30.6666666666667,11.6666666666667,0,306.174745908241,141.980341807531,0,TRUE,FALSE,FALSE,-1.10324280481665,"Present in both"
"FGLBJAKE_02650",20,57,135.333333333333,199.67918211407,693.675384259654,1337.43568120277,TRUE,FALSE,FALSE,1.79144801311371,"Present in both"
"FGLBJAKE_02652",182.666666666667,127,96.6666666666667,1823.73652997517,1545.55743510484,955.311200859121,TRUE,FALSE,FALSE,-0.23862775885572,"Present in both"
"FGLBJAKE_02654",0,1,0,0,12.1697435835027,0,TRUE,FALSE,FALSE,3.71915535130864,"Present in both"
"FGLBJAKE_02655",110.333333333333,58.3333333333333,115,1101.56348799595,709.901709037657,1136.49091136689,TRUE,FALSE,FALSE,-0.633139723387318,"Present in both"
"FGLBJAKE_02669",24,1,0.333333333333333,239.615018536884,12.1697435835027,3.29417655468662,TRUE,FALSE,FALSE,-4.19142753290221,"Present in both"
"FGLBJAKE_02673",1,0.666666666666667,21,9.9839591057035,8.1131623890018,207.533122945257,TRUE,FALSE,FALSE,-0.269374478859071,"Present in both"
"FGLBJAKE_02676",0.666666666666667,0,0,6.65597273713567,0,0,TRUE,FALSE,FALSE,-2.93658569240633,"Present in both"
"FGLBJAKE_02677",0,38.3333333333333,27.3333333333333,0,466.506837367603,270.122477484303,TRUE,FALSE,TRUE,8.86884365459147,"Depleted in BHI"
"FGLBJAKE_02682",10.3333333333333,19.6666666666667,17.3333333333333,103.167577425603,239.338290475553,171.297180843704,TRUE,FALSE,FALSE,1.2061602127339,"Present in both"
"FGLBJAKE_02683",24,9.33333333333333,33.3333333333333,239.615018536884,113.584273446025,329.417655468663,TRUE,FALSE,FALSE,-1.07031764491681,"Present in both"
"FGLBJAKE_02685",74,64,90,738.812973822059,778.863589344173,889.427669765389,TRUE,FALSE,FALSE,0.0760611948451513,"Present in both"
"FGLBJAKE_02689",0,10,0,0,121.697435835027,0,TRUE,FALSE,TRUE,6.93896128925032,"Depleted in BHI"
"FGLBJAKE_02696",41,67.3333333333333,27.3333333333333,409.342323333844,819.429401289181,270.122477484303,TRUE,FALSE,FALSE,0.999551230159527,"Present in both"
"FGLBJAKE_02697",37.6666666666667,10.3333333333333,14.3333333333333,376.062459648165,125.754017029528,141.649591851525,TRUE,FALSE,FALSE,-1.57277205368455,"Present in both"
"FGLBJAKE_02698",56.3333333333333,38.3333333333333,104,562.429696287964,466.506837367603,1027.78308506223,TRUE,FALSE,FALSE,-0.269248140000675,"Present in both"
"FGLBJAKE_02699",52,48,17,519.165873496582,584.147692008129,168.003004289018,TRUE,FALSE,FALSE,0.1698290571431,"Present in both"
"FGLBJAKE_02700",13.6666666666667,147.666666666667,0,136.447441111281,1797.0654691639,0,TRUE,FALSE,FALSE,3.70949359837094,"Present in both"
"FGLBJAKE_02711",32.6666666666667,75.6666666666667,176.333333333333,326.142664119648,920.843931151704,1742.61939742922,TRUE,FALSE,FALSE,1.49460260208562,"Present in both"
"FGLBJAKE_02713",9.66666666666667,0,6.66666666666667,96.5116046884672,0,65.8835310937325,TRUE,TRUE,FALSE,-6.6075020166239,"Depleted in Serum"
"FGLBJAKE_02715",34.3333333333333,0,27,342.782595962487,0,266.828300929617,TRUE,TRUE,FALSE,-8.42535269982,"Depleted in Serum"
"FGLBJAKE_02728",60.6666666666667,11.6666666666667,58.6666666666667,605.693519079346,141.980341807531,579.775073624846,TRUE,FALSE,FALSE,-2.0851510938004,"Present in both"
"FGLBJAKE_02730",145,29.6666666666667,49,1447.67407032701,361.03572631058,484.243953538934,TRUE,FALSE,FALSE,-2.00052906983674,"Present in both"
"FGLBJAKE_02731",97.6666666666667,0,79,975.100005990375,0,780.71984346073,TRUE,TRUE,FALSE,-9.93088515595954,"Depleted in Serum"
"FGLBJAKE_02735",753.333333333333,876.666666666667,1327.66666666667,7521.24919296331,10668.8085415374,13120.7052173168,TRUE,FALSE,FALSE,0.504298283657507,"Present in both"
"FGLBJAKE_02736",0,7,0,0,85.1882050845189,0,TRUE,FALSE,TRUE,6.42941854389574,"Depleted in BHI"
"FGLBJAKE_02737",21.6666666666667,0,10,216.319113956909,0,98.8252966405987,TRUE,TRUE,FALSE,-7.76367125982142,"Depleted in Serum"
"FGLBJAKE_02738",25.3333333333333,0,11.6666666666667,252.926964011155,0,115.296179414032,TRUE,TRUE,FALSE,-7.98826978987909,"Depleted in Serum"
"FGLBJAKE_02744",189.666666666667,90.3333333333333,196.666666666667,1893.6242437151,1099.33350370974,1943.56416726511,TRUE,FALSE,FALSE,-0.783970889289397,"Present in both"
"FGLBJAKE_02745",40,38.3333333333333,22.6666666666667,399.35836422814,466.506837367603,224.004005718691,TRUE,FALSE,FALSE,0.223695517727972,"Present in both"
"FGLBJAKE_02746",101.666666666667,32,91,1015.03584241319,389.431794672086,899.310199429449,TRUE,FALSE,FALSE,-1.37980884841197,"Present in both"
"FGLBJAKE_02750",1.66666666666667,3.33333333333333,58.6666666666667,16.6399318428392,40.565811945009,579.775073624846,TRUE,FALSE,FALSE,1.23655240674472,"Present in both"
"FGLBJAKE_02751",59.6666666666667,9.33333333333333,20.6666666666667,595.709559973642,113.584273446025,204.238946390571,TRUE,FALSE,FALSE,-2.38061984119296,"Present in both"
"FGLBJAKE_02752",1,0,0,9.9839591057035,0,0,TRUE,FALSE,FALSE,-3.45732625420783,"Present in both"
"FGLBJAKE_02755",0,1.33333333333333,9.33333333333333,0,16.2263247780036,92.2369435312255,TRUE,FALSE,FALSE,4.10654303149835,"Present in both"
"FGLBJAKE_02756",19.3333333333333,0.333333333333333,72,193.023209376934,4.0565811945009,711.542135812311,TRUE,FALSE,FALSE,-5.26192313621265,"Present in both"
"FGLBJAKE_02759",16.6666666666667,2,0,166.399318428392,24.3394871670054,0,TRUE,FALSE,FALSE,-2.72383442200627,"Present in both"
"FGLBJAKE_02760",0,0,0.666666666666667,0,0,6.58835310937325,TRUE,FALSE,FALSE,0,"Present in both"
"FGLBJAKE_02761",22,37.6666666666667,74.3333333333333,219.647100325477,458.393674978601,734.601371695117,TRUE,FALSE,FALSE,1.05799020555109,"Present in both"
"FGLBJAKE_02763",91,160,85.3333333333333,908.540278619019,1947.15897336043,843.309197999776,TRUE,FALSE,FALSE,1.09890197523285,"Present in both"
"FGLBJAKE_02764",0,0,0.666666666666667,0,0,6.58835310937325,TRUE,FALSE,FALSE,0,"Present in both"
"FGLBJAKE_02768",11,0,9,109.823550162739,0,88.9427669765389,TRUE,TRUE,FALSE,-6.79212067849754,"Depleted in Serum"
"FGLBJAKE_02769",0,6.33333333333333,0,0,77.0750426955171,0,TRUE,FALSE,TRUE,6.28678954807454,"Depleted in BHI"
"FGLBJAKE_02778",86,3,85,858.620483090501,36.5092307505081,840.015021445089,TRUE,FALSE,FALSE,-4.51838227856904,"Present in both"
"FGLBJAKE_02779",2.66666666666667,0,0,26.6238909485427,0,0,TRUE,TRUE,FALSE,-4.78784463884279,"Depleted in Serum"
"FGLBJAKE_02784",20.6666666666667,0,0,206.335154851206,0,0,TRUE,TRUE,FALSE,-7.69582094408754,"Depleted in Serum"
"FGLBJAKE_02786",164,0,0.666666666666667,1637.36929333537,0,6.58835310937325,TRUE,TRUE,FALSE,-10.6780448660697,"Depleted in Serum"
"FGLBJAKE_02787",14.3333333333333,3.66666666666667,12.6666666666667,143.103413848417,44.6223931395099,125.178709078092,TRUE,FALSE,FALSE,-1.65929048289922,"Present in both"
"FGLBJAKE_02788",1.33333333333333,8,0,13.3119454742713,97.3579486680216,0,TRUE,FALSE,FALSE,2.78082185058844,"Present in both"
"FGLBJAKE_02791",1,1.66666666666667,0,9.9839591057035,20.2829059725045,0,TRUE,FALSE,FALSE,0.954296990855589,"Present in both"
"FGLBJAKE_02795",59.3333333333333,62.3333333333333,0,592.381573605074,758.580683371668,0,TRUE,FALSE,FALSE,0.356243090065011,"Present in both"
"FGLBJAKE_02797",2,0,0,19.967918211407,0,0,TRUE,FALSE,FALSE,-4.3901117262232,"Present in both"
"FGLBJAKE_02798",16.3333333333333,3.33333333333333,14.6666666666667,163.071332059824,40.565811945009,144.943768406211,TRUE,FALSE,FALSE,-1.98085388243089,"Present in both"
"FGLBJAKE_02800",0,0,10.3333333333333,0,0,102.119473195285,TRUE,FALSE,FALSE,0,"Present in both"
"FGLBJAKE_02810",0.666666666666667,0,0,6.65597273713567,0,0,TRUE,FALSE,FALSE,-2.93658569240633,"Present in both"
"FGLBJAKE_02813",17.6666666666667,2,12,176.383277534095,24.3394871670054,118.590355968718,TRUE,FALSE,FALSE,-2.80741077684526,"Present in both"
"FGLBJAKE_02815",53.3333333333333,2,0,532.477818970853,24.3394871670054,0,TRUE,FALSE,FALSE,-4.39596905576769,"Present in both"
"FGLBJAKE_02823",357.333333333333,468.333333333333,255.666666666667,3567.60138710472,5699.49657827376,2526.63341744464,TRUE,FALSE,FALSE,0.675728838643773,"Present in both"
"FGLBJAKE_02827",4.33333333333333,0,0,43.2638227913818,0,0,TRUE,TRUE,FALSE,-5.46805614801473,"Depleted in Serum"
"FGLBJAKE_02829",5.66666666666667,2.33333333333333,0,56.5757682656532,28.3960683615063,0,TRUE,FALSE,FALSE,-0.969838545126827,"Present in both"
"FGLBJAKE_02833",21,44.6666666666667,100.666666666667,209.663141219774,543.58188006312,994.841319515361,TRUE,FALSE,FALSE,1.37021106583165,"Present in both"
"FGLBJAKE_02843",65.6666666666667,87.6666666666667,98.3333333333333,655.613314607863,1066.88085415374,971.782083632554,TRUE,FALSE,FALSE,0.701634781446695,"Present in both"
"FGLBJAKE_02848",18,8.33333333333333,17.6666666666667,179.711263902663,101.414529862522,174.591357398391,TRUE,FALSE,FALSE,-0.819266024125353,"Present in both"
"FGLBJAKE_02852",7,0.333333333333333,9,69.8877137399245,4.0565811945009,88.9427669765389,TRUE,FALSE,FALSE,-3.80930140222099,"Present in both"
"FGLBJAKE_02858",28.3333333333333,57,34.3333333333333,282.878841328266,693.675384259654,339.300185132722,TRUE,FALSE,FALSE,1.29106365350545,"Present in both"
"FGLBJAKE_02860",45.6666666666667,137,57,455.934132493793,1667.25487093987,563.304190851413,TRUE,FALSE,FALSE,1.86828159674185,"Present in both"
"FGLBJAKE_02861",134.333333333333,84.3333333333333,119,1341.17850653284,1026.31504220873,1176.02103002312,TRUE,FALSE,FALSE,-0.385697884806731,"Present in both"
"FGLBJAKE_02863",6.66666666666667,48.6666666666667,23.6666666666667,66.5597273713567,592.260854397131,233.88653538275,TRUE,FALSE,FALSE,3.13443117999166,"Present in both"
"FGLBJAKE_02868",0,0,1.33333333333333,0,0,13.1767062187465,TRUE,FALSE,FALSE,0,"Present in both"
"FGLBJAKE_02873",0,126,39.3333333333333,0,1533.38769152134,388.712833453022,TRUE,FALSE,TRUE,10.5834473372343,"Depleted in BHI"
"FGLBJAKE_02874",73.3333333333333,35.3333333333333,94,732.157001084924,429.997606617095,928.957788421628,TRUE,FALSE,FALSE,-0.766442317883919,"Present in both"
"FGLBJAKE_02876",4.33333333333333,2.33333333333333,2.66666666666667,43.2638227913818,28.3960683615063,26.353412437493,TRUE,FALSE,FALSE,-0.590504841421435,"Present in both"
"FGLBJAKE_02881",4,0,0,39.935836422814,0,0,TRUE,TRUE,FALSE,-5.35529246843525,"Depleted in Serum"
"FGLBJAKE_02882",0,5,0,0,60.8487179175135,0,TRUE,FALSE,TRUE,5.95067178429731,"Depleted in BHI"
"FGLBJAKE_02886",80.3333333333333,48,0,802.044714824848,584.147692008129,0,TRUE,FALSE,FALSE,-0.456679512877763,"Present in both"
"FGLBJAKE_02887",4,1.66666666666667,9.33333333333333,39.935836422814,20.2829059725045,92.2369435312255,TRUE,FALSE,FALSE,-0.94366922337183,"Present in both"
"FGLBJAKE_02888",0,8,0,0,97.3579486680216,0,TRUE,FALSE,TRUE,6.61996974160122,"Depleted in BHI"
"FGLBJAKE_02889",0,1,0,0,12.1697435835027,0,TRUE,FALSE,FALSE,3.71915535130864,"Present in both"
"FGLBJAKE_02893",0,10.3333333333333,0,0,125.754017029528,0,TRUE,FALSE,TRUE,6.98588765895006,"Depleted in BHI"
"FGLBJAKE_02905",0,5.33333333333333,2,0,64.9052991120144,19.7650593281198,TRUE,FALSE,TRUE,6.04232256460124,"Depleted in BHI"
"FGLBJAKE_02906",1,76,16.6666666666667,9.9839591057035,924.900512346205,164.708827734331,TRUE,FALSE,FALSE,6.39738712035303,"Present in both"
"FGLBJAKE_02908",0,8,4,0,97.3579486680216,39.5301186562395,TRUE,FALSE,TRUE,6.61996974160122,"Depleted in BHI"
"FGLBJAKE_02912",142.666666666667,49.6666666666667,90.6666666666667,1424.37816574703,604.430597980634,896.016022874762,TRUE,FALSE,FALSE,-1.23531123535229,"Present in both"
"FGLBJAKE_02913",20.6666666666667,5,10.3333333333333,206.335154851206,60.8487179175135,102.119473195285,TRUE,FALSE,FALSE,-1.74514915979022,"Present in both"
"FGLBJAKE_02914",0,0,30,0,0,296.475889921796,TRUE,FALSE,FALSE,0,"Present in both"
"FGLBJAKE_02915",43,26,47,429.310241545251,316.41333317107,464.478894210814,TRUE,FALSE,FALSE,-0.439014446508992,"Present in both"
"FGLBJAKE_02916",0,11.3333333333333,0,0,137.923760613031,0,TRUE,FALSE,TRUE,7.11814955933856,"Depleted in BHI"
"FGLBJAKE_02919",86.3333333333333,253,188,861.948469459069,3078.94512662618,1857.91557684326,TRUE,FALSE,FALSE,1.83555833032408,"Present in both"
"FGLBJAKE_02922",18.3333333333333,54.6666666666667,96,183.039250271231,665.279315898147,948.722847749748,TRUE,FALSE,FALSE,1.85611362260621,"Present in both"
"FGLBJAKE_02924",6.33333333333333,0,4.33333333333333,63.2317410027889,0,42.8242952109261,TRUE,TRUE,FALSE,-6.00521449614354,"Depleted in Serum"
"FGLBJAKE_02925",8,0,0,79.871672845628,0,0,TRUE,TRUE,FALSE,-6.33756254906699,"Depleted in Serum"
"FGLBJAKE_02926",21,7.66666666666667,45.3333333333333,209.663141219774,93.3013674735207,448.008011437381,TRUE,FALSE,FALSE,-1.15958731755788,"Present in both"
"FGLBJAKE_02927",14.6666666666667,23.6666666666667,32.6666666666667,146.431400216985,288.017264809564,322.829302359289,TRUE,FALSE,FALSE,0.971111851438777,"Present in both"
"FGLBJAKE_02930",0,4.66666666666667,6,0,56.7921367230126,59.2951779843592,TRUE,FALSE,TRUE,5.85280130591018,"Depleted in BHI"
"FGLBJAKE_02935",750.666666666667,990.666666666667,767.666666666667,7494.62530201476,12056.1593100567,7586.4886054433,TRUE,FALSE,FALSE,0.685769304354448,"Present in both"
"FGLBJAKE_02938",1.33333333333333,0,3.66666666666667,13.3119454742713,0,36.2359421015529,TRUE,FALSE,FALSE,-3.83914789101278,"Present in both"
"FGLBJAKE_02939",0,0,0.333333333333333,0,0,3.29417655468662,TRUE,FALSE,FALSE,0,"Present in both"
"FGLBJAKE_02941",0,0.333333333333333,8,0,4.0565811945009,79.060237312479,TRUE,FALSE,FALSE,2.33816229386219,"Present in both"
"FGLBJAKE_02943",9.66666666666667,14,36.6666666666667,96.5116046884672,170.376410169038,362.359421015529,TRUE,FALSE,FALSE,0.813522710405551,"Present in both"
"FGLBJAKE_02945",349.666666666667,780,568.333333333333,3491.05770062766,9492.3999951321,5616.5710257407,TRUE,FALSE,FALSE,1.44284747360497,"Present in both"
"FGLBJAKE_02962",0,17.6666666666667,0,0,214.998803308548,0,TRUE,FALSE,TRUE,7.75487950926714,"Depleted in BHI"
"FGLBJAKE_02963",39.6666666666667,39.6666666666667,55.3333333333333,396.030377859572,482.733162145607,546.83330807798,TRUE,FALSE,FALSE,0.284962048531663,"Present in both"
"FGLBJAKE_02970",0,18.3333333333333,109,0,223.111965697549,1077.19573338253,TRUE,FALSE,TRUE,7.80807586848319,"Depleted in BHI"
"FGLBJAKE_02979",50.3333333333333,9,0,502.525941653743,109.527692251524,0,TRUE,FALSE,FALSE,-2.18765823166669,"Present in both"
"FGLBJAKE_02988",245,89.6666666666667,182,2446.06998089736,1091.22034132074,1798.6203988589,TRUE,FALSE,FALSE,-1.16379142928304,"Present in both"
"FGLBJAKE_02989",23,11,32.3333333333333,229.631059431181,133.86717941853,319.535125804603,TRUE,FALSE,FALSE,-0.774047511810285,"Present in both"
"FGLBJAKE_02992",144,16.3333333333333,160,1437.6901112213,198.772478530544,1581.20474624958,TRUE,FALSE,FALSE,-2.84832612372096,"Present in both"
"FGLBJAKE_02994",16,0,0,159.743345691256,0,0,TRUE,TRUE,FALSE,-7.32861520516974,"Depleted in Serum"
"FGLBJAKE_02996",165.666666666667,56.6666666666667,134.666666666667,1654.00922517821,689.618803065153,1330.8473280934,TRUE,FALSE,FALSE,-1.26087773953995,"Present in both"
"FGLBJAKE_02997",35,57.3333333333333,84,349.438568699623,697.731965454155,830.132491781029,TRUE,FALSE,FALSE,0.995577577561998,"Present in both"
"FGLBJAKE_03001",391,286.333333333333,406.333333333333,3903.72801033007,3484.60324607627,4015.601220163,TRUE,FALSE,FALSE,-0.163813696865247,"Present in both"
"FGLBJAKE_03003",84.3333333333333,76,73,841.980551247662,924.900512346205,721.424665476371,TRUE,FALSE,FALSE,0.135357838247748,"Present in both"
"FGLBJAKE_03004",26.3333333333333,21,41.6666666666667,262.910923116859,255.564615253557,411.772069335828,TRUE,FALSE,FALSE,-0.0407288529177624,"Present in both"
"FGLBJAKE_03005",0,43,0,0,523.298974090616,0,TRUE,FALSE,TRUE,9.034245912673,"Depleted in BHI"
"FGLBJAKE_03008",177,227,59,1767.16076170952,2762.53179345511,583.069250179533,TRUE,FALSE,FALSE,0.644263759382556,"Present in both"
"FGLBJAKE_03013",36115.3333333333,16560.3333333333,15313,360574.011088851,201535.010323999,151331.176745749,TRUE,FALSE,FALSE,-0.839261775612709,"Present in both"
"FGLBJAKE_03014",0,0,1.66666666666667,0,0,16.4708827734331,TRUE,FALSE,FALSE,0,"Present in both"
"FGLBJAKE_03017",1,0,0,9.9839591057035,0,0,TRUE,FALSE,FALSE,-3.45732625420783,"Present in both"
"FGLBJAKE_03023",3,31.3333333333333,43.3333333333333,29.9518773171105,381.318632283084,428.242952109261,TRUE,FALSE,FALSE,3.62667669091325,"Present in both"
"FGLBJAKE_03027",0,0,0.333333333333333,0,0,3.29417655468662,TRUE,FALSE,FALSE,0,"Present in both"
"FGLBJAKE_03028",93,78,104,928.508196830426,949.23999951321,1027.78308506223,TRUE,FALSE,FALSE,0.0318243494513358,"Present in both"
"FGLBJAKE_03029",183.333333333333,196.666666666667,217,1830.39250271231,2393.38290475553,2144.50893710099,TRUE,FALSE,FALSE,0.386712861906364,"Present in both"
"FGLBJAKE_03038",112.666666666667,79.3333333333333,42.3333333333333,1124.85939257593,965.466324291214,418.360422445201,TRUE,FALSE,FALSE,-0.220235293039444,"Present in both"
"FGLBJAKE_03039",0,48.6666666666667,0,0,592.260854397131,0,TRUE,FALSE,TRUE,9.21252278121865,"Depleted in BHI"
"FGLBJAKE_03040",0,0.666666666666667,2.33333333333333,0,8.1131623890018,23.0592358828064,TRUE,FALSE,FALSE,3.18795177534876,"Present in both"
"FGLBJAKE_03043",13,4.66666666666667,0,129.791468374146,56.7921367230126,0,TRUE,FALSE,FALSE,-1.17832331968716,"Present in both"
"FGLBJAKE_03044",8.33333333333333,81.3333333333333,25,83.1996592141959,989.805811458219,247.063241601497,TRUE,FALSE,FALSE,3.55671603125295,"Present in both"
"FGLBJAKE_03050",958.333333333333,1092.66666666667,1273.33333333333,9567.96080963252,13297.4731555739,12583.7544389029,TRUE,FALSE,FALSE,0.474826452883238,"Present in both"
"FGLBJAKE_03056",162.333333333333,70.3333333333333,61,1620.72936149254,855.93863203969,602.834309507652,TRUE,FALSE,FALSE,-0.920269281452311,"Present in both"
"FGLBJAKE_03057",77.3333333333333,218.666666666667,231.666666666667,772.092837507737,2661.11726359259,2289.4527055072,TRUE,FALSE,FALSE,1.78386054499657,"Present in both"
"FGLBJAKE_03060",13.3333333333333,0,0,133.119454742713,0,0,TRUE,TRUE,FALSE,-7.06737471281191,"Depleted in Serum"
"FGLBJAKE_03067",0,0,4,0,0,39.5301186562395,TRUE,FALSE,FALSE,0,"Present in both"
"FGLBJAKE_03069",267.666666666667,204.333333333333,278,2672.37305395997,2486.68427222905,2747.34324660865,TRUE,FALSE,FALSE,-0.103857775972784,"Present in both"
"FGLBJAKE_03073",34,218.333333333333,166,339.454609593919,2657.06068239809,1640.49992423394,TRUE,FALSE,FALSE,2.96483966926512,"Present in both"
"FGLBJAKE_03075",112.666666666667,46,29.3333333333333,1124.85939257593,559.808204841124,289.887536812423,TRUE,FALSE,FALSE,-1.00544730016274,"Present in both"
"FGLBJAKE_03078",190.666666666667,308.333333333333,534.666666666667,1903.6082028208,3752.33760491333,5283.85919371735,TRUE,FALSE,FALSE,0.97867981220903,"Present in both"
"FGLBJAKE_03079",24.3333333333333,26.3333333333333,23,242.943004905452,320.469914365571,227.298182273377,TRUE,FALSE,FALSE,0.398139610933928,"Present in both"
"FGLBJAKE_03091",4.33333333333333,37.3333333333333,24.3333333333333,43.2638227913818,454.337093784101,240.474888492124,TRUE,FALSE,FALSE,3.36273503425685,"Present in both"
"FGLBJAKE_03097",0,14,0,0,170.376410169038,0,TRUE,FALSE,TRUE,7.42102472702945,"Depleted in BHI"
"FGLBJAKE_03100",49.3333333333333,0,7.33333333333333,492.541982548039,0,72.4718842031057,TRUE,TRUE,FALSE,-8.94702900077396,"Depleted in Serum"
