"","baseMean","log2FoldChange","lfcSE","stat","pvalue","padj"
"FGLBJAKE_00099",162446.795610343,1.99372092342721,0.0497596316362878,40.0670354234147,0,0
"FGLBJAKE_00154",24345.8391629629,2.43671064238705,0.0516025611954102,47.220730636986,0,0
"FGLBJAKE_00157",16050.9858993389,-4.16845915376782,0.0672873703539587,-61.9500974973467,0,0
"FGLBJAKE_00158",21611.6678748332,-4.39077980918179,0.0626722040836569,-70.0594445876011,0,0
"FGLBJAKE_00219",2513.74047086312,2.85543508402955,0.0736212217979202,38.7854889432196,0,0
"FGLBJAKE_00227",4080.61490490336,-3.49873876597543,0.0706573069944408,-49.5170126742972,0,0
"FGLBJAKE_00228",4779.30380994926,-2.435032026924,0.0619765957608632,-39.2895414314071,0,0
"FGLBJAKE_00285",30298.2081140616,-2.63074297722732,0.0562270259108648,-46.7878735289639,0,0
"FGLBJAKE_00286",25712.6268587173,-2.56047376317851,0.057574124192295,-44.472648070627,0,0
"FGLBJAKE_00287",109337.333665403,-2.88700404966432,0.0737582989655144,-39.141413104092,0,0
"FGLBJAKE_00288",50032.1161042239,-3.1021131193468,0.0497651309031777,-62.3350740377279,0,0
"FGLBJAKE_00328",1803.05773377871,3.88420802660604,0.0886150481342637,43.8323750693104,0,0
"FGLBJAKE_00329",1325.33723337455,5.44601210243887,0.126143495562872,43.1731503724222,0,0
"FGLBJAKE_00331",3219.38219000184,5.18796745383489,0.0859537703148996,60.3576484757829,0,0
"FGLBJAKE_00341",1361.71641286146,4.50722636110857,0.101560155427029,44.3798686813453,0,0
"FGLBJAKE_00342",2782.50924398513,4.58196417755718,0.0840455833837672,54.5176081012504,0,0
"FGLBJAKE_00378",941.709966737602,4.53578996026899,0.117678134649677,38.5440334669804,0,0
"FGLBJAKE_00431",11371.2067980166,-2.26917624255699,0.054632282768966,-41.5354462150719,0,0
"FGLBJAKE_00458",22305.4335584301,4.349583052667,0.0752765557238373,57.7813770946702,0,0
"FGLBJAKE_00467",10048.7844901059,-4.47698634793084,0.0695538507392622,-64.3671960696151,0,0
"FGLBJAKE_00468",18365.0708228728,-4.48426768998696,0.0704699234524917,-63.6337811975926,0,0
"FGLBJAKE_00469",11821.8633112778,-5.71054445144502,0.0863730851041721,-66.1148602548779,0,0
"FGLBJAKE_00470",16683.0477722367,-5.64964287758181,0.0752399135515838,-75.0883754499327,0,0
"FGLBJAKE_00471",18003.6022071862,-5.50014943382131,0.0698726910144887,-78.7167254325558,0,0
"FGLBJAKE_00472",19483.4608057287,-5.25533376977376,0.0767464619783004,-68.4765607991112,0,0
"FGLBJAKE_00473",10152.1068097006,-5.2382945303881,0.0893669267402891,-58.6155832079938,0,0
"FGLBJAKE_00474",8054.59294171526,-5.36178070587848,0.0956311427389193,-56.0673077024351,0,0
"FGLBJAKE_00475",27247.5837991424,-5.22160323004699,0.0623227829011259,-83.7832167785411,0,0
"FGLBJAKE_00476",13894.2802560379,-4.87206535072319,0.0721306825057966,-67.5449778300885,0,0
"FGLBJAKE_00477",14086.6506172765,-4.87629230331122,0.0748799748016671,-65.1214469052232,0,0
"FGLBJAKE_00478",6709.8104662218,-3.7037589141717,0.0647588132072925,-57.1931252402046,0,0
"FGLBJAKE_00479",9885.22763063941,-2.97625139793701,0.0573207816688885,-51.9227287431149,0,0
"FGLBJAKE_00482",6702.86869494069,-2.42054704891454,0.0584888119123255,-41.3847874452113,0,0
"FGLBJAKE_00483",4446.93404090413,-2.57877433372018,0.0614742199434772,-41.9488744402328,0,0
"FGLBJAKE_00484",7809.74130771962,-2.50309780105167,0.0555605166322543,-45.0517373266928,0,0
"FGLBJAKE_00485",4452.65031467588,-3.09283782173266,0.0649621562945742,-47.6098392994843,0,0
"FGLBJAKE_00486",8471.27291054065,-2.37052395181305,0.05593892946436,-42.3769988898941,0,0
"FGLBJAKE_00497",14116.5358561979,4.2956317452928,0.0710220499044038,60.4830718217055,0,0
"FGLBJAKE_00592",21188.0795842056,2.90173637768231,0.0727443459101381,39.8895108805688,0,0
"FGLBJAKE_00641",4240.62326114982,4.92402696154752,0.0797071015916791,61.776515055988,0,0
"FGLBJAKE_00642",1706.22016599784,5.100567796114,0.104694618970341,48.7185286720319,0,0
"FGLBJAKE_00646",6858.32069889122,-2.32803068014742,0.0596893959244131,-39.0024164944724,0,0
"FGLBJAKE_00711",3094.49243135164,5.64396264454209,0.103398017355522,54.5848246309787,0,0
"FGLBJAKE_00712",9653.88102245716,3.47063625406677,0.0586837724769929,59.1413283020862,0,0
"FGLBJAKE_00713",28221.822274855,3.73031063226923,0.0596749555236551,62.5104886888527,0,0
"FGLBJAKE_00721",7701.5112038803,8.07631035677327,0.208729852708271,38.6926462697267,0,0
"FGLBJAKE_00724",32551.4786202854,5.81167225382048,0.083253638591276,69.8068258896432,0,0
"FGLBJAKE_00776",14160.9333749106,7.73377280307265,0.0996272765770883,77.6270622743413,0,0
"FGLBJAKE_00790",3387.70516114321,-2.84509479910661,0.0669391988237415,-42.5026718141349,0,0
"FGLBJAKE_00803",6998.1276589502,-3.65665297676797,0.0747080636006824,-48.9458941984218,0,0
"FGLBJAKE_00804",4379.60246717651,-3.27165315279507,0.0690286810084749,-47.3955623227597,0,0
"FGLBJAKE_00809",16706.9616960785,2.8499198668741,0.054192426786306,52.5888954578844,0,0
"FGLBJAKE_00817",2019.08853083818,3.50668166035533,0.0811957093708083,43.188016799519,0,0
"FGLBJAKE_00848",14075.303381431,-2.10254953748024,0.0520527627865604,-40.3926597729622,0,0
"FGLBJAKE_00854",12550.0757137771,3.65738414692575,0.0652429743444428,56.0579002363842,0,0
"FGLBJAKE_00877",4810.14369161658,3.04932737451441,0.0605221046061749,50.3836969047387,0,0
"FGLBJAKE_00894",2329.41623874351,4.79375686374413,0.103993681280846,46.0966166857589,0,0
"FGLBJAKE_00909",11549.5714791504,5.60487178398118,0.075050526514805,74.6813119675518,0,0
"FGLBJAKE_00928",2967.30418905542,-3.20801882611137,0.0704441382797436,-45.5398973491858,0,0
"FGLBJAKE_00929",1900.48243571938,-3.08639615702034,0.077619140229408,-39.7633386288268,0,0
"FGLBJAKE_00955",2959.11533223166,-4.95773729809594,0.095584887157531,-51.8673761671678,0,0
"FGLBJAKE_00956",9534.64764970648,-4.58895622605935,0.0707821107968866,-64.8321471964524,0,0
"FGLBJAKE_00967",2802.9357342134,-3.03281620453538,0.0720386720181146,-42.099834985475,0,0
"FGLBJAKE_00974",6287.11350851556,3.1398492580731,0.070765475526765,44.3697895718308,0,0
"FGLBJAKE_00976",7470.72183987988,3.16154247794873,0.0759837690558258,41.6081291732965,0,0
"FGLBJAKE_00981",1569.4130959742,3.56957409073705,0.0872521768990546,40.9110032276538,0,0
"FGLBJAKE_00982",14750.6148749863,4.26945980481614,0.0770408659805458,55.4181180400316,0,0
"FGLBJAKE_00986",3525.39178321552,6.97329388339637,0.132006045006187,52.8255647918969,0,0
"FGLBJAKE_00988",2386.44995911841,7.01645457697036,0.149687304925317,46.8740791376467,0,0
"FGLBJAKE_00989",3749.69485490514,7.35139639257591,0.135218929590674,54.3666217062179,0,0
"FGLBJAKE_00991",1235.59743896408,4.99533462910743,0.12020574742368,41.5565373218035,0,0
"FGLBJAKE_01031",4994.27182509868,4.65352089602336,0.0736500244914587,63.1842409850526,0,0
"FGLBJAKE_01102",8232.25523083861,-5.50796356763236,0.0715516914291495,-76.9788031228632,0,0
"FGLBJAKE_01103",8917.1149981023,-6.03687488687948,0.10133836559152,-59.5714648804701,0,0
"FGLBJAKE_01104",5499.59221100546,-5.42084737319037,0.084172648861224,-64.4015300282133,0,0
"FGLBJAKE_01107",2894.63594420433,2.98272601287719,0.0724064334908575,41.1942125730278,0,0
"FGLBJAKE_01110",25759.2264152765,-2.1176567916821,0.0504528965494199,-41.9729477693674,0,0
"FGLBJAKE_01151",2666.35439023561,3.12824815032985,0.0733707962571675,42.6361483030007,0,0
"FGLBJAKE_01152",3442.80326651056,2.59745992156629,0.0671123159826056,38.703178150483,0,0
"FGLBJAKE_01172",28551.8623578804,-2.78523727187275,0.0603359712035299,-46.1621353947775,0,0
"FGLBJAKE_01177",64487.1254677473,3.08773120322409,0.0537387980379775,57.4581366900312,0,0
"FGLBJAKE_01200",3895.25151761062,3.81766583863511,0.0672310888056705,56.784233402347,0,0
"FGLBJAKE_01299",1751.04321209233,4.4364141660603,0.110194298761483,40.2599246596502,0,0
"FGLBJAKE_01403",20114.4044465745,2.71079009790994,0.055375971418726,48.9524613015323,0,0
"FGLBJAKE_01404",87231.2922665636,2.68482795702544,0.063412136495339,42.3393392087141,0,0
"FGLBJAKE_01453",8907.91239999142,3.07878035137534,0.06082658813374,50.6157002363177,0,0
"FGLBJAKE_01466",19317.8788671551,5.36317884156443,0.0681421749015204,78.7057185849343,0,0
"FGLBJAKE_01467",5919.42390189636,4.48300504262179,0.076478665663459,58.6177204287149,0,0
"FGLBJAKE_01468",1634.36941967852,4.05737084407361,0.0940890664803076,43.122660218154,0,0
"FGLBJAKE_01561",4562.43004347172,-2.84872238818635,0.0629671958589285,-45.2413728978598,0,0
"FGLBJAKE_01562",2416.0954323369,-4.43342722744908,0.0926052834426158,-47.8744523275102,0,0
"FGLBJAKE_01669",18534.2770663653,-3.01433100328015,0.0643770948586491,-46.823035582743,0,0
"FGLBJAKE_01670",29310.2335805338,-4.0244647625332,0.0602568163973975,-66.7885395071589,0,0
"FGLBJAKE_01783",34797.5315484832,-2.32151514290487,0.0516336872494729,-44.9612504272309,0,0
"FGLBJAKE_01787",6294.11705263877,-2.59643250652603,0.0671948454677317,-38.6403523730536,0,0
"FGLBJAKE_01792",15569.2072886929,-2.6227898320928,0.0573041700099969,-45.7696155730943,0,0
"FGLBJAKE_01793",15836.5587770804,-2.45758941238795,0.0618242895028515,-39.7511953982844,0,0
"FGLBJAKE_01797",32148.6403176968,-2.57438180991431,0.060529281584858,-42.5311806535354,0,0
"FGLBJAKE_01798",17836.6523394608,-2.60194325488267,0.0546932822634655,-47.5733608809348,0,0
"FGLBJAKE_01799",37199.8375453424,-2.54776111353717,0.063553746538462,-40.0882914431377,0,0
"FGLBJAKE_01800",20769.2341694129,-2.62012143713612,0.0571593013727047,-45.8389338954956,0,0
"FGLBJAKE_01801",12650.4073197725,-2.76792563550816,0.0687924533454988,-40.2358907249129,0,0
"FGLBJAKE_01803",25789.9812446878,-2.34550577487674,0.0522349218103307,-44.9030206916642,0,0
"FGLBJAKE_01804",24198.3818458912,-2.63538636067924,0.0578466735038707,-45.558131540665,0,0
"FGLBJAKE_01805",33619.9627364751,-2.49620498458622,0.0586931816896985,-42.5297268391967,0,0
"FGLBJAKE_01806",7142.13579518497,-2.6297301314894,0.0579607795582611,-45.3708551115336,0,0
"FGLBJAKE_01808",83869.7307575479,-2.7325344009388,0.0566003828694768,-48.2776663762178,0,0
"FGLBJAKE_01809",25998.5831502086,-2.96067858866251,0.0538686026118949,-54.9611173319865,0,0
"FGLBJAKE_01812",16163.6009650271,-2.35375171103398,0.0542914140739948,-43.3540321463355,0,0
"FGLBJAKE_01813",12976.0206051694,-2.55790702979063,0.060535317433055,-42.254788415364,0,0
"FGLBJAKE_01815",56494.6176301165,-2.28757467856922,0.0576830887770283,-39.6576315011796,0,0
"FGLBJAKE_01840",31845.7703761684,2.12806144827493,0.0526482525260791,40.4203624274291,0,0
"FGLBJAKE_01847",2502.69123965391,5.93169519423933,0.109547286799149,54.1473492183777,0,0
"FGLBJAKE_01848",4807.31198790527,5.81364959831996,0.0948671926544466,61.2819820598693,0,0
"FGLBJAKE_01849",3039.20264383902,5.52445576797258,0.100950404439831,54.7244540388669,0,0
"FGLBJAKE_01850",9868.67770559717,5.94721229394273,0.0838998662459451,70.8846457097916,0,0
"FGLBJAKE_01868",15319.8679968755,5.90926942850769,0.0717062297331392,82.4094287274556,0,0
"FGLBJAKE_01887",8071.122154705,2.53111202785085,0.0576353175593062,43.9159899699756,0,0
"FGLBJAKE_01941",53180.1069071945,5.08167258219462,0.0622463123805597,81.6381306434097,0,0
"FGLBJAKE_02066",5159.18283630991,-4.78411620549954,0.0720924975015676,-66.3608055109412,0,0
"FGLBJAKE_02067",1788.90162599724,-4.12763250087916,0.0901338199299649,-45.7944920573252,0,0
"FGLBJAKE_02084",1579.81539856855,-3.39267059765371,0.0835065179162027,-40.6276142547124,0,0
"FGLBJAKE_02112",2749.80233353666,-2.75139579908291,0.067754218048656,-40.6084798603544,0,0
"FGLBJAKE_02123",1450.38108568715,3.51712808375232,0.0894935333751084,39.3003600495963,0,0
"FGLBJAKE_02130",3714.71702516798,3.51462145535221,0.0752465343759878,46.7080840931562,0,0
"FGLBJAKE_02131",2749.58749921765,3.20070893325277,0.0750650246772176,42.6391511494993,0,0
"FGLBJAKE_02167",1972.08323729157,4.20356081852403,0.0957524458113978,43.9002970932327,0,0
"FGLBJAKE_02168",1512.5882853444,4.32918849111838,0.103701440009879,41.7466574302726,0,0
"FGLBJAKE_02207",1438.3978820942,4.82293375814165,0.107100518249857,45.0318433276871,0,0
"FGLBJAKE_02208",1826.98018388634,4.95048386997456,0.104162281694945,47.526645820536,0,0
"FGLBJAKE_02246",8184.19652789455,-2.62496269369482,0.062186662274947,-42.2110239988284,0,0
"FGLBJAKE_02265",1850.58467777084,-4.90750147337731,0.106277277416367,-46.176394358984,0,0
"FGLBJAKE_02266",2618.61526326985,-4.17885516335527,0.0786122947655429,-53.1577811819193,0,0
"FGLBJAKE_02267",3294.20591873704,-3.72033448444401,0.0733042968885064,-50.7519291823032,0,0
"FGLBJAKE_02285",1463.34288075234,4.12989996117907,0.0967039150686863,42.7066469671441,0,0
"FGLBJAKE_02335",2575.63822309795,5.02298936609049,0.0994416161978218,50.5119441753453,0,0
"FGLBJAKE_02396",2662.8446904069,-2.95296033771014,0.0751867597115237,-39.2750046556076,0,0
"FGLBJAKE_02398",37449.1445947661,-2.44017740128879,0.0599769115969034,-40.6852793236318,0,0
"FGLBJAKE_02435",7932.60556173951,-2.20592585494087,0.0552134136155437,-39.9527163870168,0,0
"FGLBJAKE_02443",1647.91682677438,5.4744097161513,0.129932611483615,42.1326844249693,0,0
"FGLBJAKE_02459",1135.73215188826,4.29930380280255,0.105159786986553,40.8835347237088,0,0
"FGLBJAKE_02591",2483.92707275765,3.44997181124009,0.0759970306808923,45.3961395640094,0,0
"FGLBJAKE_02593",73247.6159878003,7.31291672883173,0.0828181324292364,88.3009132701733,0,0
"FGLBJAKE_02594",2996.48727915848,6.40789865326994,0.118710996868264,53.9789810743561,0,0
"FGLBJAKE_02595",6788.89991933212,6.97792760454204,0.100629019731864,69.3430942995913,0,0
"FGLBJAKE_02596",5971.36505636278,6.36990052253231,0.0930334460318176,68.4689301990791,0,0
"FGLBJAKE_02597",12020.7224084595,6.01583300216552,0.0727935576144399,82.6423820914087,0,0
"FGLBJAKE_02598",10441.9084265328,5.87295656108875,0.0775876887106928,75.6944388817625,0,0
"FGLBJAKE_02599",14534.6386336763,5.78954019653198,0.0713914750128731,81.0956797781252,0,0
"FGLBJAKE_02608",9845.85248203581,5.64956651611094,0.0883039038387305,63.9786721822486,0,0
"FGLBJAKE_02611",92849.2903132112,3.88185206525587,0.0660491292551019,58.7721913829171,0,0
"FGLBJAKE_02655",6296.81585109156,2.47090147124994,0.0634103752345095,38.966832511428,0,0
"FGLBJAKE_02664",6848.50210936693,2.67122476149074,0.0618856650544581,43.1638693571462,0,0
"FGLBJAKE_02828",23520.4943113638,2.44530204383293,0.0591564477830472,41.3361879469324,0,0
"FGLBJAKE_02881",1552.2436369966,-3.27478663504171,0.0819985065446007,-39.9371497487028,0,0
"FGLBJAKE_03090",4297.48412510906,3.16427811806992,0.0687045719690436,46.0562962170212,0,0
"FGLBJAKE_01861",9650.1186671276,-2.28785157249259,0.0595554916953461,-38.4154593869531,6.91691904177745e-323,1.26480805335359e-321
"FGLBJAKE_00919",3798.14079089775,-2.5055863651974,0.0655586808680715,-38.2189868987689,1.36253423810099e-319,2.47843090579803e-318
"FGLBJAKE_00415",11818.1196190416,-2.02258652164693,0.0530173403121757,-38.1495282437326,1.93637172311976e-318,3.50008306935391e-317
"FGLBJAKE_02352",4288.42059685297,-2.32725968957936,0.0610523690523988,-38.1190726207851,6.1905140853229e-318,1.11197106910801e-316
"FGLBJAKE_00990",934.912958196285,4.35373424095571,0.114253704828313,38.1058473989793,1.02513582042471e-317,1.82996292752548e-316
"FGLBJAKE_01807",26036.7984195854,-2.7784052617125,0.0729894814650229,-38.0658309381734,4.71116197778791e-317,8.35795033087657e-316
"FGLBJAKE_01964",12460.7959575437,-2.27517443949326,0.0597702677804956,-38.0653211701974,4.80353743159085e-317,8.46955002717888e-316
"FGLBJAKE_00984",2632.59216611959,3.47329201013314,0.0913863132627685,38.006698006803,4.47317233482251e-316,7.83896176091975e-315
"FGLBJAKE_01963",7018.32395646975,-2.10266009627491,0.0557059044495349,-37.7457312120252,8.83810292576119e-312,1.53943683688711e-310
"FGLBJAKE_02166",5657.28256890638,3.16407405852457,0.0840204345326952,37.658387225947,2.38515388647367e-310,4.12947727091887e-309
"FGLBJAKE_02032",2399.8085789795,-2.70569465478181,0.0719822255616625,-37.5883717635824,3.32927712077124e-309,5.72954637430931e-308
"FGLBJAKE_02336",909.370639865461,4.73272744953329,0.126116117891093,37.526745420599,3.37482552493004e-308,5.77336223729103e-307
"FGLBJAKE_02125",1025.78521433202,3.65007485867837,0.0979774369295835,37.2542390683447,9.04694984365588e-304,1.53851679589745e-302
"FGLBJAKE_01171",33730.8033736648,-2.17187649354978,0.0583697572049283,-37.2089348585881,4.89299833547634e-303,8.27204542126999e-302
"FGLBJAKE_00334",996.184286733021,4.90114505658636,0.13182412129668,37.1794251945436,1.46755857675114e-302,2.46652827460981e-301
"FGLBJAKE_00716",3615.61291431516,9.36630894224874,0.251935377548541,37.1774263439604,1.58085840241566e-302,2.6415040979899e-301
"FGLBJAKE_01746",6448.7364233691,-2.04845559070687,0.0551000984186792,-37.176986058022,1.60696678745841e-302,2.66960840876039e-301
"FGLBJAKE_00772",1067.84006758124,3.46302760020644,0.0932338415938452,37.1434614406691,5.59029223076565e-302,9.23362061564395e-301
"FGLBJAKE_01802",19628.0983973579,-2.72641423361766,0.0734357448925382,-37.1265279273376,1.04888504451668e-301,1.72256892453768e-300
"FGLBJAKE_01252",3312.99999977874,2.32958774787828,0.0627904314549619,37.1009992111496,2.70710914598219e-301,4.42058618497319e-300
"FGLBJAKE_01274",4042.09638107434,3.34764571710924,0.0902498832510303,37.0930753206379,3.63295904833364e-301,5.89894028526039e-300
"FGLBJAKE_01784",34852.3392258798,-2.02624199324713,0.054697264253303,-37.0446679721239,2.18840323002496e-300,3.5334106084785e-299
"FGLBJAKE_00918",2274.9637375653,-2.71219955000726,0.0734276234257867,-36.9370466245375,1.17575800822553e-298,1.88778129365374e-297
"FGLBJAKE_01918",17337.611528893,-1.91518910544205,0.0518705993950493,-36.9224402219813,2.01721670501617e-298,3.22082267234249e-297
"FGLBJAKE_01791",32145.30074193,-2.21496784719429,0.0601707808410462,-36.8113528897954,1.2153139949141e-296,1.92973061954868e-295
"FGLBJAKE_00589",6837.2656347499,2.38321823117104,0.0648564977004992,36.7460210721908,1.34582819998989e-295,2.12522541031371e-294
"FGLBJAKE_01156",2413.39506754654,2.57370401782661,0.0703298428357447,36.5947642430752,3.46462837658359e-293,5.44117046683128e-292
"FGLBJAKE_02275",2999.90697692289,2.51781609508525,0.0690415441807869,36.4681312528626,3.55012528245775e-291,5.54514133792585e-290
"FGLBJAKE_00939",4144.43999572543,-2.35676835070275,0.0646968348429192,-36.4278771353323,1.54138723783154e-290,2.39456590352857e-289
"FGLBJAKE_02353",118819.633932533,-2.24229694591393,0.0615801339179805,-36.4126675804322,2.68326927996475e-290,4.14608382291327e-289
"FGLBJAKE_00557",2554.52188096284,3.0768220796365,0.0848498875585433,36.2619464582508,6.44179364513081e-288,9.90038231877323e-287
"FGLBJAKE_00311",2211.80097214434,-2.66921841102116,0.0736969253134826,-36.21885715947,3.07400910692244e-287,4.69930966664633e-286
"FGLBJAKE_01053",6928.80665343637,2.52930681923085,0.0698377955987911,36.2168765142786,3.3028044977761e-287,5.02235985534842e-286
"FGLBJAKE_00253",15967.0015205053,2.19187789208747,0.0606157372598743,36.1602117069098,2.57118577401731e-286,3.88925679711882e-285
"FGLBJAKE_01905",6272.78886821915,2.19389748776327,0.0612310124441023,35.8298417777442,3.78967519225321e-281,5.70236989661557e-280
"FGLBJAKE_00340",860.073167535814,4.42152361830348,0.123526789951056,35.7940461340846,1.36698119054983e-280,2.04619996960427e-279
"FGLBJAKE_00330",2825.77107831831,2.33916883244716,0.0655945384601587,35.6610304357572,1.58958872313169e-278,2.36708704159611e-277
"FGLBJAKE_01825",772.023605702202,4.9776647798848,0.13982440457157,35.5993990829901,1.4312606019988e-277,2.12033142790956e-276
"FGLBJAKE_02855",1951.29099821151,-2.68428444155185,0.0754817138240452,-35.5620494761044,5.41151842351874e-277,7.9757456149707e-276
"FGLBJAKE_02083",923.153645000194,-4.20518453676603,0.11858600178698,-35.4610533570392,1.9595756744399e-275,2.87337780017361e-274
"FGLBJAKE_02629",9753.34902121566,2.86333013796392,0.0808050643446439,35.4350332022687,4.93239367348877e-275,7.19578650639935e-274
"FGLBJAKE_02918",6671.43970406821,2.70748439794725,0.0766682824780146,35.3142696097783,3.54675328524824e-273,5.14816613222396e-272
"FGLBJAKE_00985",9895.77054921481,7.26493105704373,0.207073693731903,35.0837951751109,1.19089673488578e-269,1.719918199026e-268
"FGLBJAKE_03059",4319.84624548082,2.59944553421981,0.0743626533665412,34.9563311223831,1.03766127607783e-267,1.49111925372385e-266
"FGLBJAKE_01106",766.823258693115,5.02680775122739,0.143989458232067,34.9109428769828,5.07254694153965e-267,7.25298502984326e-266
"FGLBJAKE_01094",2993.72311219112,-2.33701878184041,0.0669480728088537,-34.90793212992,5.63519998561025e-267,8.01760631616033e-266
"FGLBJAKE_01142",3999.43334396994,-2.17251248255072,0.0622911349740748,-34.8767522610546,1.67410440380054e-266,2.37013598843485e-265
"FGLBJAKE_02399",13132.8125122859,-2.16942263118486,0.0622356713309122,-34.8581863871904,3.20001332173797e-266,4.50825406209555e-265
"FGLBJAKE_00878",1649.6974041194,2.58030592648265,0.0745592809276017,34.6074411445594,1.9524984101317e-262,2.73730752717976e-261
"FGLBJAKE_01066",19800.0417598096,-1.84748606081556,0.0534177363792416,-34.5856299057536,4.15508332953951e-262,5.79694635393037e-261
"FGLBJAKE_00779",2923.55240333933,2.6150938991216,0.0758170757116397,34.4921493552161,1.05187967267937e-260,1.46043583540121e-259
"FGLBJAKE_00481",6686.90358599066,-2.65205834211511,0.0773615095619376,-34.2813675318965,1.48742513058621e-257,2.05522106985806e-256
"FGLBJAKE_00413",3115.72716976229,-2.11618121766935,0.0619731289694182,-34.1467544540735,1.49401054164998e-255,2.05444320416365e-254
"FGLBJAKE_00231",8192.84802932513,2.35937045563405,0.0693380643723023,34.0270596964706,8.86763891431432e-254,1.21359972570187e-252
"FGLBJAKE_01869",29112.5933999806,-2.28329605747589,0.0674088960832806,-33.8723253182337,1.70299377034151e-251,2.31962279429455e-250
"FGLBJAKE_02910",1575.72370199181,3.02952687375519,0.0895900950812726,33.8154220174331,1.17035743093976e-250,1.58660719647211e-249
"FGLBJAKE_00714",1169.81273817544,2.98272308836458,0.0882419933624472,33.8016286204378,1.86647361881045e-250,2.51842496735269e-249
"FGLBJAKE_02132",2005.11700444605,2.77214028722621,0.0821381540997084,33.749727122685,1.07897124090141e-249,1.44904829268722e-248
"FGLBJAKE_02882",7362.75817811883,-2.0273402522383,0.0602079283898387,-33.6723137044599,1.470203199106e-248,1.96528557871192e-247
"FGLBJAKE_02190",6096.18362556174,-2.42675638575584,0.0721183641304327,-33.6496316162528,3.15684915755538e-248,4.20036318463618e-247
"FGLBJAKE_00816",4087.59339788475,-2.30254451046761,0.0685541740445749,-33.5872256147446,2.57753644223485e-247,3.41375102994606e-246
"FGLBJAKE_00480",1329.87831632176,-2.77658207714556,0.0827227024397006,-33.5649343560736,5.45182213710174e-247,7.18740221194056e-246
"FGLBJAKE_02337",930.316862000703,3.79764955881261,0.113415145406515,33.4845010796455,8.10322927303942e-246,1.06341008816052e-244
"FGLBJAKE_00759",2947.65442229808,-2.23730059707623,0.0668505445033206,-33.4672008088895,1.44677180105454e-245,1.89001007101397e-244
"FGLBJAKE_01789",17968.3373693278,-2.17059706180837,0.0648597227560569,-33.4660243610996,1.50492271261643e-245,1.95708048690481e-244
"FGLBJAKE_01693",6643.21785874889,-1.93335063741779,0.057875614377841,-33.4052719474546,1.14943042477416e-244,1.4880464147752e-243
"FGLBJAKE_00505",13494.5603815209,-1.96721285283303,0.0590422974043716,-33.3187043749313,2.06956394346327e-243,2.66723173700154e-242
"FGLBJAKE_00414",4278.8731837578,-2.04794046446162,0.0617496866918999,-33.1651960386426,3.42018215977364e-241,4.38821586035242e-240
"FGLBJAKE_01795",21777.3295892189,-2.38725021067898,0.072175687797562,-33.0755450141982,6.67978486092848e-240,8.53231186235931e-239
"FGLBJAKE_00149",2927.26805982295,-2.20223751660859,0.0666642970673627,-33.0347369354735,2.57706145536509e-239,3.27720116049525e-238
"FGLBJAKE_01302",1818.01123674262,-2.64151325465969,0.080101551633432,-32.9770547610366,1.73266548722509e-238,2.19369189880393e-237
"FGLBJAKE_00720",23007.4423494875,8.39383333143471,0.254596752770868,32.969129574834,2.25064935087823e-238,2.8370027343965e-237
"FGLBJAKE_02147",843.278648168938,-5.43593977591305,0.165925262353065,-32.7613752048566,2.09106408704454e-235,2.62433108566201e-234
"FGLBJAKE_01811",10888.0056990016,-2.47613933152793,0.0756062838530209,-32.7504435523052,2.99241992881057e-235,3.73922385887026e-234
"FGLBJAKE_00292",1465.06692171346,-2.50714356453759,0.0765639326937338,-32.745752162007,3.48985259987838e-235,4.34192050738115e-234
"FGLBJAKE_02284",2021.16393336911,2.40967431877104,0.0741006723337396,32.5189265209117,5.75974666994049e-232,7.13513445233145e-231
"FGLBJAKE_00826",2771.2955206049,2.52288982065475,0.0776580806821122,32.4871513497999,1.61942927510506e-231,1.9975277839708e-230
"FGLBJAKE_00879",2636.01425743846,2.3522007095987,0.072435791324082,32.4729069235236,2.57325311089596e-231,3.16048266697222e-230
"FGLBJAKE_02361",1631.67366099207,2.73567758558548,0.0847346268637661,32.2852378872668,1.12721494959973e-228,1.37855990006367e-227
"FGLBJAKE_01814",43685.3743241578,-2.3635363502097,0.0732703288824637,-32.2577554415124,2.73874441931746e-228,3.33523366996541e-227
"FGLBJAKE_01141",3899.53848556067,-2.12826509141095,0.066049995251613,-32.2220324665197,8.67382972186907e-228,1.05183909791779e-226
"FGLBJAKE_02909",3474.12139322375,-2.06149703706156,0.0640500924752541,-32.1856996203093,2.79801288778511e-227,3.37877690735059e-226
"FGLBJAKE_02135",2694.31996989312,2.44098712582703,0.0760251844722742,32.1076120074032,3.45217488082151e-226,4.15127640480378e-225
"FGLBJAKE_01790",9475.78618167303,-1.96754250361266,0.0614442312982791,-32.0215984810891,5.45802183128673e-225,6.53598114296586e-224
"FGLBJAKE_00327",777.902155132038,5.73216033606018,0.179134292346389,31.9992351044433,1.11746151406102e-224,1.33260763129103e-223
"FGLBJAKE_01794",47550.0050161941,-2.34288951719367,0.0732186008145138,-31.9985562566124,1.14202518226104e-224,1.35627288174306e-223
"FGLBJAKE_00815",10536.2730167574,-1.89602579052767,0.0594953106809781,-31.8684912949597,7.29884168146922e-223,8.63245719857718e-222
"FGLBJAKE_02367",6165.03590447892,1.79490878185388,0.056325892503416,31.8664951779508,7.77870150311392e-223,9.16229021309401e-222
"FGLBJAKE_00492",10402.672109451,-1.8428018898589,0.0579355620780218,-31.8077847829836,5.05215991092305e-222,5.92649289142565e-221
"FGLBJAKE_01560",1570.36453664751,-2.57311190768785,0.0810068401226894,-31.7641313226233,2.02621288255558e-221,2.36720968474176e-220
"FGLBJAKE_01674",930.642785786139,3.4985606927908,0.111244878339788,31.4491844029415,4.30678826964304e-217,5.01121841577089e-216
"FGLBJAKE_00667",1301.06304973478,-2.70896464982908,0.086219049136807,-31.4195607229519,1.09390038668858e-216,1.26768939973508e-215
"FGLBJAKE_01744",22560.0050113685,1.68666786845728,0.053769655317628,31.3683965146102,5.46095762794348e-216,6.30312940671066e-215
"FGLBJAKE_00456",5012.19046887982,-1.84888934894712,0.0590140163113673,-31.3296647900065,1.84130413826132e-215,2.11676323734521e-214
"FGLBJAKE_01145",953.909502985007,3.37072708124404,0.107591738204803,31.3288653709432,1.88805041090347e-215,2.1532765400542e-214
"FGLBJAKE_02133",1493.56862880521,2.63029710243686,0.0839575573842892,31.3288902677041,1.88657683300623e-215,2.1532765400542e-214
"FGLBJAKE_00664",624.337642068948,3.98768746241555,0.127475530141666,31.2819837500104,8.20454550755169e-215,9.3201042643097e-214
"FGLBJAKE_01201",1152.54712357072,-2.67156552078519,0.0854507020662149,-31.2644069175116,1.42240322336849e-214,1.60944364722875e-213
"FGLBJAKE_02496",628.423775614059,3.89379586969602,0.124692419829364,31.2272059121518,4.55356949284708e-214,5.13214067546765e-213
"FGLBJAKE_00791",8854.44582200818,-1.8333118718499,0.0587686614343904,-31.1953995055105,1.23005970338859e-213,1.38093421388235e-212
"FGLBJAKE_00447",2255.89054493428,2.28790772581967,0.0734303489286227,31.1575221853244,4.01146272256154e-213,4.48597037534703e-212
"FGLBJAKE_00412",1294.8651794796,-2.91570732257648,0.093704523843426,-31.1159718120806,1.46469352034628e-212,1.63160045638574e-211
"FGLBJAKE_01162",9094.95030927641,-1.69904595091886,0.0547771853639726,-31.0174014898608,3.14080948307875e-211,3.48520712523874e-210
"FGLBJAKE_00733",5217.01269256143,-1.87833225240117,0.060679339233634,-30.9550544901127,2.17233307137563e-210,2.40126355658983e-209
"FGLBJAKE_01272",4773.90151653251,2.95220508814673,0.0954145471804654,30.9408279490441,3.37549720189843e-210,3.71692680392953e-209
"FGLBJAKE_02912",5666.02377949884,1.77964191367995,0.0577041501655909,30.8407958279083,7.44291427490191e-209,8.16447924659088e-208
"FGLBJAKE_01253",1504.07309765616,2.31721696146054,0.0752909468935588,30.7768338301876,5.35131577450219e-208,5.84778765624307e-207
"FGLBJAKE_03089",2430.51338085634,2.57559338863571,0.0837129925485659,30.7669491941944,7.25602359233239e-208,7.89917113801639e-207
"FGLBJAKE_00914",2042.82945302761,2.20168757094512,0.0719008810922455,30.6211486910773,6.40199498178182e-206,6.94314474627961e-205
"FGLBJAKE_02576",4639.97513274601,2.1582114149351,0.0706688756055875,30.5397729402172,7.7306110090387e-205,8.35254738345008e-204
"FGLBJAKE_01435",557.602642531185,4.15191034693559,0.135975410910525,30.5342732125857,9.1459661946448e-205,9.84475911738171e-204
"FGLBJAKE_01785",89163.7720563641,-1.65649484476774,0.0543563114595361,-30.4747470953923,5.63214350384875e-204,6.03984344405272e-203
"FGLBJAKE_02177",627.558572226218,3.97368073163907,0.130461706649284,30.4585984170925,9.21668569551269e-204,9.8471207021946e-203
"FGLBJAKE_01163",3487.54066392527,-2.01529516947176,0.0662108520074601,-30.4375356662786,1.75144425356899e-203,1.86431510546566e-202
"FGLBJAKE_01155",1095.71234328123,2.50462842124917,0.082668833570613,30.2971302856208,1.25059707383503e-201,1.32627896317413e-200
"FGLBJAKE_00921",1832.91655866001,-2.7682709928989,0.0915101059506458,-30.2509866439441,5.06369924300797e-201,5.35039397956063e-200
"FGLBJAKE_00756",6000.94322299087,-2.4199420788993,0.0801361652549696,-30.1978772156086,2.52557268644124e-200,2.65878970726452e-199
"FGLBJAKE_01810",10448.3745753686,-2.59986709705235,0.0861037804204902,-30.1945754803775,2.79065655358452e-200,2.92713391788391e-199
"FGLBJAKE_00647",4305.69504282897,-1.73212205816335,0.0575775864011596,-30.0832696614818,8.02060829078135e-199,8.38226481007476e-198
"FGLBJAKE_02276",2164.17829098452,-2.26165248101545,0.0752124016644303,-30.0702069202111,1.18856557644986e-198,1.23765850243366e-197
"FGLBJAKE_00104",48286.7552656327,-1.79783185198464,0.0598124922669999,-30.0577986946141,1.72667903384344e-198,1.79150741634153e-197
"FGLBJAKE_01969",620.314257616966,3.81150875246786,0.12753554205728,29.8858552759826,3.00480383650293e-196,3.10640511730554e-195
"FGLBJAKE_02120",2414.4509487474,-2.07830165635544,0.0695563846798916,-29.8793801017705,3.64706832647269e-196,3.75687253415144e-195
"FGLBJAKE_00300",1125.23323050397,2.69398825086258,0.0903904664957205,29.8038980802265,3.47769448544799e-195,3.5696049825634e-194
"FGLBJAKE_02124",594.946001727084,3.5344293900074,0.118654470493448,29.7875788017829,5.65851222709885e-195,5.78738937390822e-194
"FGLBJAKE_01962",37075.7832069615,-1.52104419930655,0.051096079825029,-29.7683149962803,1.00486976779795e-194,1.02411195484089e-193
"FGLBJAKE_00362",531.055147814726,4.37632899295579,0.147194723904531,29.7315615456043,3.00267474901496e-194,3.04935944475936e-193
"FGLBJAKE_01878",1542.23520374553,-2.6663453477609,0.0897637997331705,-29.7040160475248,6.81427437037201e-194,6.89585371142576e-193
"FGLBJAKE_02851",11450.7770947692,1.77574393051974,0.0598035608887779,29.69294644214,9.47012346520714e-194,9.5498718733352e-193
"FGLBJAKE_01257",1098.28547369803,2.87437517195471,0.0970536121698488,29.6163646843397,9.19940783340027e-193,9.24443989971761e-192
"FGLBJAKE_00618",2242.29133430845,-2.24725940078765,0.0761288626915957,-29.5191510989923,1.63499056479313e-191,1.63726929728762e-190
"FGLBJAKE_00597",5080.9158183772,-1.7921365220664,0.0607385673342307,-29.5057424091793,2.42981125267779e-191,2.42474914590138e-190
"FGLBJAKE_02609",1379.79098290557,2.33770379893006,0.0792419388103316,29.5008405148369,2.80836191743209e-191,2.79281389297571e-190
"FGLBJAKE_02464",633.316544762482,3.16377226269761,0.107423480734792,29.4514033715624,1.20792606251479e-190,1.197096380575e-189
"FGLBJAKE_00155",14134.0225832803,-1.55509507025539,0.0529454418189684,-29.3716515875452,1.26446225393762e-189,1.24881942193014e-188
"FGLBJAKE_00694",501.254706809815,3.97154279216876,0.135446136524127,29.3219348597759,5.44862708368695e-189,5.36279254743708e-188
"FGLBJAKE_01786",224756.383492058,-1.49953092062618,0.0512466169539099,-29.2610714571622,3.24667748004877e-188,3.17535623096884e-187
"FGLBJAKE_02860",2173.95354322718,1.93026046200998,0.0659668793658311,29.2610546469142,3.24827672896604e-188,3.17535623096884e-187
"FGLBJAKE_00022",1981.16242037458,-2.17072796380026,0.074225855133752,-29.244903408505,5.21295720713209e-188,5.07865729264326e-187
"FGLBJAKE_03037",3357.20636725098,2.12809273272199,0.0729314025843044,29.1793748277642,3.54319970970553e-187,3.44025539381543e-186
"FGLBJAKE_00739",16190.5964120401,-1.5363700521247,0.0526532654233696,-29.1790079830983,3.58137557411452e-187,3.46561393939566e-186
"FGLBJAKE_00927",1102.68253736551,-2.77221398835892,0.0950529624751779,-29.1649404307925,5.4011200019462e-187,5.20899962603805e-186
"FGLBJAKE_00630",3183.47038590363,-2.03374395107075,0.0701414101119775,-28.994911106349,7.62711393706661e-185,7.33121252679914e-184
"FGLBJAKE_00723",38538.7493653088,8.26917896812789,0.285222440131778,28.9920350036532,8.29121641666153e-185,7.94298532716175e-184
"FGLBJAKE_01249",1301.18497754834,2.36523949028729,0.0816775465805597,28.9582582889463,2.208823041258e-184,2.10902239886229e-183
"FGLBJAKE_02642",3127.21961737692,2.45317345268009,0.0847235819303768,28.9550252336597,2.42586854641732e-184,2.30859145774946e-183
"FGLBJAKE_00365",475.596367493501,4.73793570327114,0.164208557781983,28.8531594654258,4.62491497885573e-183,4.38680054430078e-182
"FGLBJAKE_00332",529.903217191612,4.92486297288763,0.170800111037057,28.8340736020898,8.02549565822891e-183,7.58726135583878e-182
"FGLBJAKE_02311",4410.31431874087,-1.68761545492986,0.0588012068682162,-28.7003540371561,3.77662115463838e-181,3.55869154046908e-180
"FGLBJAKE_02786",1721.9148631431,2.13194203074297,0.0743213116178204,28.6854737131924,5.79101132206274e-181,5.43900867307462e-180
"FGLBJAKE_02137",2244.60379366115,2.28752099854048,0.0798314682664281,28.6543771299076,1.41388409158247e-180,1.32361657303193e-179
"FGLBJAKE_02861",2144.17227469196,1.85641926474906,0.064796818991135,28.6498518546573,1.60987550971925e-180,1.50220201783543e-179
"FGLBJAKE_02136",4259.4569297063,2.26921545002381,0.0792370282381225,28.6383210032106,2.24083628799917e-180,2.08419530476039e-179
"FGLBJAKE_02444",2844.8404552212,5.55328892471965,0.19429091882316,28.5823390941609,1.11391060569473e-179,1.03270292927956e-178
"FGLBJAKE_00417",4330.55056913642,-1.71983387102197,0.0602577292500631,-28.541299057003,3.60199692004108e-179,3.32866210552993e-178
"FGLBJAKE_00241",4574.5101914555,2.05553962065,0.072243027879454,28.4531210967502,4.45851544620241e-178,4.10697865140568e-177
"FGLBJAKE_01923",2132.29380560275,2.1328519446112,0.0749696245642074,28.4495481604624,4.93620061594185e-178,4.5324730256284e-177
"FGLBJAKE_02191",4293.8333056367,-2.45965663785805,0.0865418152803699,-28.4215974657972,1.09393947875971e-177,1.00126817259727e-176
"FGLBJAKE_02821",3448.28866244745,2.46072283323523,0.0866675366801885,28.3926707449358,2.4906068675529e-177,2.27238226582446e-176
"FGLBJAKE_01237",1247.0770489881,2.26683487954227,0.0800950699203184,28.3018028674849,3.28376999829769e-176,2.98656803009733e-175
"FGLBJAKE_00634",1687.91340822913,2.20073855811915,0.0778154213399789,28.2815220970664,5.83272283404786e-176,5.28809003944907e-175
"FGLBJAKE_00029",774.595565781615,2.87990721488953,0.101859996253135,28.273191840029,7.38414726248969e-176,6.67359724289162e-175
"FGLBJAKE_02221",1252.84498104718,-2.36593754888996,0.084026980116939,-28.1568794403574,1.97394844865129e-174,1.77840998163755e-173
"FGLBJAKE_00808",1694.51247101766,-2.12248141402651,0.075407451406723,-28.1468392636497,2.61965129950756e-174,2.35277432337023e-173
"FGLBJAKE_01770",5881.3234387539,-2.01078355979249,0.0717694779728565,-28.0172521326264,1.00154693017559e-172,8.96712111316086e-172
"FGLBJAKE_00648",1495.15484321797,-2.08528829346184,0.0745077264118283,-27.9875442975642,2.30364943645895e-172,2.05611443490156e-171
"FGLBJAKE_02356",16148.7863975596,-2.11529439762633,0.0756500836589005,-27.9615605868197,4.76979692654081e-172,4.24408556250102e-171
"FGLBJAKE_00823",8933.41361813845,1.7725158672332,0.06343723031438,27.9412556072991,8.41975803290743e-172,7.468637218079e-171
"FGLBJAKE_01979",5379.29705031249,1.75735069125164,0.0629950430894058,27.8966503564021,2.929762894533e-171,2.59081186427318e-170
"FGLBJAKE_00033",898.708972549691,-2.55757980230979,0.0917395698620236,-27.8786984303108,4.83654703552201e-171,4.26387612886204e-170
"FGLBJAKE_00973",702.158594368855,3.07952913268406,0.110485950689165,27.8725857312649,5.73630444605511e-171,5.0416327149732e-170
"FGLBJAKE_01182",2901.68522429461,-1.8764873121715,0.0674005679385721,-27.8408234464983,1.39119063410172e-170,1.21898837878304e-169
"FGLBJAKE_02127",5831.11358360888,-1.89402097826513,0.0680742694173339,-27.8228616256417,2.29495729467003e-170,2.00477424464488e-169
"FGLBJAKE_00150",3781.55523853112,-1.76282603509646,0.0634124361926651,-27.7993740808268,4.41395662227306e-170,3.84415494921599e-169
"FGLBJAKE_00722",32851.376066625,8.30988093603996,0.300781413599158,27.6276410719789,5.18155937828509e-168,4.49903373208198e-167
"FGLBJAKE_00213",3099.28234103303,1.8654183207371,0.0676078300032971,27.5917496634063,1.39761663408894e-167,1.20986451999145e-166
"FGLBJAKE_00930",457.073243155834,-4.10647762576097,0.149061217510864,-27.5489338832326,4.55744874103583e-167,3.93336567019129e-166
"FGLBJAKE_01203",1198.77774702515,2.8246436482343,0.102978867140615,27.4293525134366,1.22522057866857e-165,1.05427662966871e-164
"FGLBJAKE_00719",24924.9540264381,8.78155360538402,0.320165842850337,27.4281401388873,1.26670480917418e-165,1.08671929001988e-164
"FGLBJAKE_00430",6748.3296674925,-1.50992881797142,0.0550965248357481,-27.4051552701875,2.38076788488138e-165,2.03640681581818e-164
"FGLBJAKE_00038",10662.688568204,-1.45382348790428,0.0530816672155672,-27.3884292669299,3.76696940422056e-165,3.21254304680412e-164
"FGLBJAKE_02303",1485.22934512252,-1.98234343400004,0.072420718532448,-27.372601020409,5.81379128337367e-165,4.94344264746033e-164
"FGLBJAKE_02973",2072.42182410395,-2.64744443261108,0.0967464592289944,-27.3647682169401,7.2058404229973e-165,6.10902223471807e-164
"FGLBJAKE_00913",2656.79730865792,1.86480211602036,0.0681791622540621,27.3514964744122,1.03653216665924e-164,8.76174543229019e-164
"FGLBJAKE_01738",8045.95855594051,-1.70713588998012,0.0625254393930524,-27.3030610668497,3.90109107165157e-164,3.28789904396675e-163
"FGLBJAKE_00770",930.721391464052,2.82692299074739,0.103683078478432,27.2650371905716,1.10241849986564e-163,9.26418353395861e-163
"FGLBJAKE_01437",503.007528690589,4.02664966059279,0.148074473915738,27.1934085201218,7.77196452304696e-163,6.51213587149766e-162
"FGLBJAKE_02100",644.824279905525,-2.96072345123035,0.109495491562476,-27.0396836342894,5.05053649184247e-161,4.21954705742885e-160
"FGLBJAKE_01703",2841.64746170538,-2.08207790221697,0.0770206965279188,-27.0327067408726,6.10055946220803e-161,5.08203127373504e-160
"FGLBJAKE_01958",1404.6404294398,-2.230356793843,0.0825141224422122,-27.0300007784122,6.56417046819666e-161,5.45243523861191e-160
"FGLBJAKE_00242",4709.40727712782,-1.85541319496677,0.0687486493407855,-26.9883585024272,2.02445868164331e-160,1.67674185909017e-159
"FGLBJAKE_00587",5387.06835188293,-1.90101651122731,0.0705623822412959,-26.9409344022226,7.28509433747403e-160,6.01648308215527e-159
"FGLBJAKE_00911",2973.03881622497,1.72597933814573,0.0641544917219368,26.9034839466361,1.99946879912446e-159,1.64655396237356e-158
"FGLBJAKE_02383",1582.05786544842,-2.03343489731642,0.075591918325507,-26.9001626411996,2.18661314623636e-159,1.79552176636666e-158
"FGLBJAKE_02445",3739.43325227059,5.4588698815403,0.203538091745546,26.8198931940697,1.89418477037315e-158,1.55096496582691e-157
"FGLBJAKE_00369",481.010849719622,5.89052837202753,0.220011354073108,26.7737471861119,6.53434511916219e-158,5.33514428195231e-157
"FGLBJAKE_00629",855.004541723234,-2.39338026767657,0.0894554246047816,-26.7550042744824,1.07985602110551e-157,8.79180227948225e-157
"FGLBJAKE_00943",576.595115175849,3.95270369647686,0.147883676190976,26.7284652254138,2.19793348416774e-157,1.784423964265e-156
"FGLBJAKE_01796",7377.65338047724,-2.57124302474914,0.0964533329988965,-26.6578970866518,1.44955544744562e-156,1.17352742421372e-155
"FGLBJAKE_02215",721.335574201309,-2.68011795976212,0.101226806909118,-26.4763657137616,1.81424300429408e-154,1.46464449279246e-153
"FGLBJAKE_02403",23546.1427905982,1.59454596262958,0.0603018961548277,26.4427168017323,4.42500400741783e-154,3.56231415050948e-153
"FGLBJAKE_02400",39437.5920684492,-1.75891836132205,0.0665306194814962,-26.4377270951347,5.05000035929019e-154,4.05410643368715e-153
"FGLBJAKE_02101",1580.55849324452,-2.29794310668013,0.0871792965370262,-26.3588168058245,4.06689254020259e-153,3.25577971045745e-152
"FGLBJAKE_00056",3909.79970977973,-1.60617093712919,0.0609499010368009,-26.3523141105578,4.82836276961076e-153,3.85464294440592e-152
"FGLBJAKE_01140",24310.4175764967,-1.39679370393181,0.0532735541223927,-26.2192700851676,1.60247891407925e-151,1.27576853159661e-150
"FGLBJAKE_02463",683.043206075665,2.60659035203598,0.0996669377727452,26.1530093156808,9.10832260876113e-151,7.23130364021533e-150
"FGLBJAKE_00771",405.522790896832,3.61328279024487,0.138267061755318,26.1326359609713,1.55270336682098e-150,1.22933043422686e-149
"FGLBJAKE_00709",5548.0867645571,1.49261284784576,0.0572481946351502,26.0726623321201,7.44661095823209e-150,5.87954942141731e-149
"FGLBJAKE_00280",3298.55458595238,-1.6111099170677,0.0617994848567241,-26.0699570684593,7.99161008179397e-150,6.29257188358243e-149
"FGLBJAKE_00214",2343.90248226315,1.90612306899309,0.0731352635783858,26.0629821474578,9.58760020352031e-150,7.52862376637087e-149
"FGLBJAKE_02580",1321.14300066958,2.13633468730838,0.0820930953135122,26.0233175415027,2.69768872221274e-149,2.11257694486088e-148
"FGLBJAKE_00037",1202.78257367096,2.18233197234713,0.0839001932516674,26.0110482201274,3.71388596277388e-149,2.90046420027503e-148
"FGLBJAKE_00766",5135.1513395574,1.62453426556708,0.0625485098397886,25.9723895857495,1.01590617377659e-148,7.91250499575586e-148
"FGLBJAKE_00792",2806.91539832294,-1.72229720860297,0.0665671340111546,-25.8730863839558,1.33806723272293e-147,1.03935276401235e-146
"FGLBJAKE_00620",7727.14216430091,-1.57125478423577,0.0608121072030505,-25.8378611842766,3.33125389738959e-147,2.58059938034978e-146
"FGLBJAKE_01033",1295.27176955901,2.03757289986063,0.0793785214152552,25.6690709720002,2.58996945750646e-145,2.00096027442838e-144
"FGLBJAKE_01419",2083.41209770585,1.83006288220526,0.0713720297731103,25.6411774755879,5.30336310992947e-145,4.08629103966147e-144
"FGLBJAKE_02302",975.01961204878,-2.18076499809354,0.0854464832361921,-25.5219982789162,1.12367969402165e-143,8.63490759523591e-143
"FGLBJAKE_01725",5889.60645171567,-1.39670228489094,0.0548320940411744,-25.4723498949745,3.9926033890215e-143,3.05993123734608e-142
"FGLBJAKE_02289",1702.06127102774,1.83606591157354,0.0720978905070386,25.4662917134073,4.65982736145363e-143,3.56179357362174e-142
"FGLBJAKE_01980",5553.38872113333,-1.46123110790219,0.0573989382679808,-25.4574588310341,5.83705269540907e-143,4.44978499909964e-142
"FGLBJAKE_03039",1093.25881569751,1.98935981634336,0.0783168608837613,25.4014243407431,2.43212038828702e-142,1.8491835968087e-141
"FGLBJAKE_02138",3632.28629316064,1.92918687430086,0.0760555856419736,25.365485756462,6.06430758111985e-142,4.59863324225289e-141
"FGLBJAKE_00367",380.125253236589,3.68836638993351,0.146667400986772,25.1478267503094,1.49271247561386e-139,1.12896201445111e-138
"FGLBJAKE_00649",2157.25710513031,-2.14832663447848,0.0854966172185094,-25.1276214705414,2.48261124067316e-139,1.87270989650778e-138
"FGLBJAKE_01788",32890.1029011262,-2.13480207453886,0.085017333051337,-25.110198096308,3.84840411088828e-139,2.89537000384631e-138
"FGLBJAKE_01022",849.439783023194,-2.4638062042395,0.0981920877711955,-25.0916979174595,6.1273679328696e-139,4.59792570210633e-138
"FGLBJAKE_01250",1119.76773807829,2.07335961539744,0.0826535714229817,25.0849367994878,7.26202706172501e-139,5.43517337900981e-138
"FGLBJAKE_01202",1004.51835437713,-2.9137209451326,0.116255762669795,-25.0630237866876,1.25909289078132e-138,9.39904667040394e-138
"FGLBJAKE_00910",881.202033865673,2.11505389338087,0.0846456750945593,24.9871466087086,8.43379473774467e-138,6.2794627140617e-137
"FGLBJAKE_01301",1285.19879540578,-1.90287977255302,0.0765263678042288,-24.8656747622076,1.75030740132339e-136,1.29984069028513e-135
"FGLBJAKE_02366",4176.29099301914,1.57075758343464,0.0632060424992047,24.851383211572,2.49835227778743e-136,1.85058362019616e-135
"FGLBJAKE_00883",3918.67576319487,-1.71338200428968,0.0690987923646928,-24.7961208243222,9.87168191940453e-136,7.2933711661616e-135
"FGLBJAKE_01189",3469.23207388788,2.40180942040567,0.0969944407335932,24.7623410397564,2.282978753306e-135,1.68237972743627e-134
"FGLBJAKE_01251",960.219773688177,2.19928053399264,0.0889374014910998,24.7284100628095,5.29351555280246e-135,3.89093700735404e-134
"FGLBJAKE_01378",5144.75447536452,1.57656273285919,0.0637658995347445,24.7242294762917,5.87098038274925e-135,4.30438714796463e-134
"FGLBJAKE_01904",1876.03763333046,1.70268038584546,0.0688794624522791,24.7197107123928,6.56607716810297e-135,4.80175719621576e-134
"FGLBJAKE_00663",362.043359782786,3.93345727699516,0.159322693611305,24.6886189772281,1.41719745912255e-134,1.03376281662899e-133
"FGLBJAKE_01264",8857.46940395912,1.39347591801163,0.0565807281193184,24.6281015520521,6.31790713060228e-134,4.59687723882302e-133
"FGLBJAKE_00240",2321.00177388887,1.63405692202967,0.0663588138925496,24.6245649398675,6.8938170802344e-134,5.00323997186709e-133
"FGLBJAKE_00166",503.260912159907,3.9781249404411,0.162055796580205,24.5478719329379,4.55734391032923e-133,3.29919556631895e-132
"FGLBJAKE_00357",383.434233915268,3.35183230817758,0.136545879958069,24.5472972835715,4.62219437146457e-133,3.3377353325601e-132
"FGLBJAKE_00034",676.806754854114,-2.50534642916852,0.102086847491663,-24.5413242814958,5.35331148363309e-133,3.85599428670714e-132
"FGLBJAKE_00964",2350.34870958616,-1.68099905269195,0.0685035081082879,-24.5388754402867,5.68544617418809e-133,4.08499307615414e-132
"FGLBJAKE_01729",4166.5859715306,-1.51859181455377,0.0619481153789322,-24.5139308155647,1.04931769002053e-132,7.52054623720453e-132
"FGLBJAKE_03041",529.910825978402,2.62944195578021,0.107387333826425,24.4855874718922,2.10370123636475e-132,1.50398939137122e-131
"FGLBJAKE_01373",8248.00112862471,1.57370647445576,0.0643790560053193,24.4443856760766,5.77407575084589e-132,4.11779000196801e-131
"FGLBJAKE_00734",3361.92622568672,-1.57977041016837,0.0649051421379369,-24.3396803108609,7.45621663521503e-131,5.30424916079406e-130
"FGLBJAKE_02286",1397.18829269211,1.96174944092378,0.0806252750195453,24.3316930137381,9.05893538845361e-131,6.42848896454708e-130
"FGLBJAKE_02714",12686.2012219275,1.57740054951432,0.0648381717503335,24.3282700133538,9.847064216529e-131,6.97055728037053e-130
"FGLBJAKE_01193",4233.18793075824,-1.96061060211186,0.0806153584492223,-24.320559256048,1.18822887794342e-130,8.39058917741861e-130
"FGLBJAKE_00338",328.811852712263,4.81945983354725,0.198558528737715,24.2722378342835,3.85157644794029e-130,2.71309576259324e-129
"FGLBJAKE_02128",4491.52706569587,-1.79705036343726,0.0743190200149918,-24.1802214705569,3.59265822274965e-129,2.52452316190281e-128
"FGLBJAKE_00432",3105.66115260731,-1.67745525343065,0.0694526392035776,-24.1525055442996,7.02748237258963e-129,4.92609374117625e-128
"FGLBJAKE_00411",4406.17658118333,-1.49539118832592,0.0620587340587754,-24.0963856418607,2.72760326098084e-128,1.9073313314012e-127
"FGLBJAKE_01183",1163.60323635986,-2.15887210679001,0.0898221019647291,-24.0349764653442,1.19869666848719e-127,8.36178210007815e-127
"FGLBJAKE_00617",4972.32125212239,-1.48853161994055,0.061961436330914,-24.0235170145319,1.57944273627278e-127,1.09910857725132e-126
"FGLBJAKE_01157",613.506627581223,2.39474918669645,0.0996842674058218,24.0233413859306,1.58613235710299e-127,1.10109767978599e-126
"FGLBJAKE_00312",6664.77050439311,-1.86965631662678,0.0778972229578419,-24.0015785625457,2.67722469313317e-127,1.85405873929271e-126
"FGLBJAKE_00502",40514.9671947661,-1.41458372100069,0.059053448608427,-23.9542948690524,8.33539805832351e-127,5.758637985486e-126
"FGLBJAKE_02573",1651.81154134616,-1.85749297117387,0.0775526361118982,-23.9513840444283,8.93838470058018e-127,6.16041190155095e-126
"FGLBJAKE_00585",3477.96263964726,-1.40979544877047,0.0591889895457254,-23.8185422591369,2.14609147457756e-125,1.47556624352534e-124
"FGLBJAKE_02659",484.320975891353,2.8233854126672,0.118546834898385,23.8166241645113,2.24658862392864e-125,1.54097749526752e-124
"FGLBJAKE_02277",3358.15240134394,-1.65967301647482,0.0697072264651399,-23.8091959849358,2.6821274904705e-125,1.83534152562195e-124
"FGLBJAKE_00715",18703.9600890173,8.98695988567645,0.377717225462358,23.7928251079247,3.96275365606011e-125,2.70521472862631e-124
"FGLBJAKE_03060",5856.70555053155,1.94389301542104,0.0818444340525021,23.7510716266186,1.07107831998663e-124,7.29450021716016e-124
"FGLBJAKE_00983",307.286323050465,4.06315398678603,0.171420732993294,23.7028153819934,3.37253862393804e-124,2.29141276718627e-123
"FGLBJAKE_02134",1607.2834310194,2.27953144265112,0.096268145090242,23.6789795888794,5.93792446280401e-124,4.02490445898555e-123
"FGLBJAKE_01938",1118.25362290222,-2.06151293293961,0.0871236836710114,-23.6619119632741,8.90022415773358e-124,6.01864570101795e-123
"FGLBJAKE_02578",1004.06309568636,2.17901140759905,0.0922527565176393,23.6200140771122,2.40070806164342e-123,1.61963262186929e-122
"FGLBJAKE_02787",4592.95247876503,-1.65792255293757,0.0702238817526202,-23.6090986650095,3.10802328111705e-123,2.09191075174014e-122
"FGLBJAKE_02775",3605.18383997774,1.67862653576023,0.0712544102426537,23.5582124677439,1.03420641056324e-122,6.94464771952977e-122
"FGLBJAKE_02365",4861.49796661522,1.43038293642451,0.0608650495571618,23.5008916748052,3.99400449392576e-122,2.6757037099167e-121
"FGLBJAKE_00896",2032.45969632958,-1.76732222136776,0.0752635252821687,-23.4817890172156,6.26107345640098e-122,4.18472677062707e-121
"FGLBJAKE_00601",5408.2970664984,-1.35232143659506,0.0577222770622083,-23.4280680773844,2.21238141905745e-121,1.4752631550745e-120
"FGLBJAKE_00018",1597.83065621111,1.66018464414088,0.0708732381875399,23.4247042550506,2.39411770866988e-121,1.59275330896232e-120
"FGLBJAKE_01343",374.909298709807,-3.38871339634544,0.144672284484456,-23.4233765535757,2.46988448791015e-121,1.63936443839579e-120
"FGLBJAKE_00820",51383.7988064638,1.47245452574201,0.0630247728643507,23.3631072167637,1.01414763590215e-120,6.71580715572071e-120
"FGLBJAKE_00679",959.82961515257,2.00207023110658,0.0859387430500477,23.296480260837,4.81283885413202e-120,3.17979284293688e-119
"FGLBJAKE_01065",405.799175826476,-3.06686204397556,0.13165046755383,-23.2954891916474,4.92545880283893e-120,3.24673591728419e-119
"FGLBJAKE_00232",548.949307678288,2.49244880027488,0.107124118423006,23.2669247314861,9.58936798456611e-120,6.30660036330503e-119
"FGLBJAKE_03003",5168.69541258306,1.32010451251729,0.0568657585231453,23.2144008415888,3.25766803303608e-119,2.1375657367456e-118
"FGLBJAKE_02258",2279.08970544052,2.04642296298383,0.0884199487912235,23.1443581562779,1.65695756291605e-118,1.08475991704345e-117
"FGLBJAKE_00805",1973.49922402825,-2.04926728326307,0.0885658337561755,-23.1383502683977,1.90460082345776e-118,1.24405062877672e-117
"FGLBJAKE_01438",481.961676043618,2.72162603741016,0.117942232984377,23.0759242770203,8.08046937692581e-118,5.26604738986049e-117
"FGLBJAKE_00424",3051.58727172665,-1.4542502482119,0.0632165236512798,-23.0042742659174,4.22401639884852e-117,2.74656631907028e-116
"FGLBJAKE_00321",1876.09705622674,-1.73042406097905,0.0752557934715237,-22.9938982921472,5.36487889141846e-117,3.48051059456809e-116
"FGLBJAKE_00081",5190.70287250323,1.36737466084452,0.0594740892849252,22.9910987672931,5.72225623867608e-117,3.70400099773762e-116
"FGLBJAKE_00264",1148.07113043087,-1.75783494168911,0.07696501566731,-22.8394021159893,1.86256522543329e-115,1.20292414784164e-114
"FGLBJAKE_02854",13925.9204638597,1.17298799512916,0.0514074059002442,22.8174904877585,3.07442935848582e-115,1.98114573459378e-114
"FGLBJAKE_01240",902.558562312523,1.94190466339495,0.0851204466558622,22.8136098867758,3.35961637898602e-115,2.16007549736148e-114
"FGLBJAKE_02790",42907.2771208825,-1.44126783609618,0.0632553067488264,-22.7849315760834,6.46837185364188e-115,4.14957605075151e-114
"FGLBJAKE_00420",2675.88165245212,-1.55091197261981,0.0680704449810164,-22.7839258734438,6.61859269114899e-115,4.23648895197376e-114
"FGLBJAKE_02070",1644.63219016045,-1.74810258588571,0.0768877981582903,-22.735760780753,1.98503346438461e-114,1.2677747059203e-113
"FGLBJAKE_02712",4583.65232984596,1.51866689157345,0.0669194860775787,22.6939413403875,5.14174299403865e-114,3.27657857314126e-113
"FGLBJAKE_02163",1787.05301067507,1.61929115334193,0.0713686387745716,22.6891136099246,5.73824055951176e-114,3.64860693983115e-113
"FGLBJAKE_00421",3015.74867145539,-1.44366974531621,0.0636574331535336,-22.678730099504,7.26557445176047e-114,4.60954988396459e-113
"FGLBJAKE_00234",565.775105949811,-2.42650630459931,0.107730613371597,-22.523832628981,2.42464573850289e-112,1.53489688380117e-111
"FGLBJAKE_00590",1927.82180054908,-1.75029278704743,0.0780812359757314,-22.4163048288765,2.72924225851558e-111,1.72392137384039e-110
"FGLBJAKE_02972",11773.0150756886,-2.07527636409652,0.092580454380273,-22.4159232959945,2.7527308290042e-111,1.73494482512239e-110
"FGLBJAKE_02711",2059.35988760606,-1.52241690144148,0.0679607231970581,-22.4014229075682,3.81207037870375e-111,2.39735016813885e-110
"FGLBJAKE_01087",1231.31794791474,-1.69132127091195,0.0755517732002527,-22.386255136978,5.35757638139309e-111,3.36193766814929e-110
"FGLBJAKE_01185",758.556681658658,-2.14902377257843,0.096254185014013,-22.3265489419038,2.0409234700737e-110,1.27791155838601e-109
"FGLBJAKE_00333",273.784228834091,4.9756193816812,0.223037558729944,22.3084372426517,3.06001075453089e-110,1.91184150185256e-109
"FGLBJAKE_01256",795.464699888411,1.90293255107273,0.0853194800219328,22.3036116791095,3.40850249047854e-110,2.12495361336992e-109
"FGLBJAKE_02038",736.487140236673,2.08584546905173,0.093621503488754,22.2795553513225,5.83340891197391e-110,3.62883489459156e-109
"FGLBJAKE_02964",4367.45785598698,1.37946694999545,0.0620185455045621,22.242813641832,1.3238899276593e-109,8.21783942136678e-109
"FGLBJAKE_01908",3600.62109847345,-1.50138717076512,0.0675100369397839,-22.2394659938388,1.42643701683915e-109,8.83530169481835e-109
"FGLBJAKE_01925",3289.49009152591,-1.60701225346805,0.0723330992581223,-22.2168311595967,2.36156471050151e-109,1.45959935010351e-108
"FGLBJAKE_02865",569.667311229942,2.22984044753121,0.100904123103722,22.0986058740047,3.25976804021e-108,2.01042346514239e-107
"FGLBJAKE_00661",356.07514342077,3.05081090438889,0.138225587946497,22.0712456334045,5.97233968837002e-108,3.6754827118577e-107
"FGLBJAKE_02202",1975.22189878193,-1.45099386949945,0.0657949513193359,-22.0532706598877,8.88637041563066e-108,5.45714285780396e-107
"FGLBJAKE_02106",316.795807519283,3.81930757412189,0.173232813347381,22.0472524824907,1.01501947593335e-107,6.21997009345938e-107
"FGLBJAKE_01959",1312.69458834107,-1.75148375001367,0.0794807318256097,-22.0365830784829,1.28474981712704e-107,7.85610845621937e-107
"FGLBJAKE_00317",3822.32367845388,-1.35448722542904,0.061591724004043,-21.991383539453,3.48208319873435e-107,2.12473611744427e-106
"FGLBJAKE_01133",5531.25130941901,-1.24025584095288,0.0567911244712473,-21.8389026894653,9.91069450122908e-106,6.03460508401109e-105
"FGLBJAKE_02102",4314.26509496853,-1.43395531252021,0.0656744630326649,-21.8342906253683,1.09631159318759e-105,6.66130976494957e-105
"FGLBJAKE_02641",1154.80398199848,-1.77098092063885,0.0811795452655863,-21.8156053331528,1.64972658021976e-105,1.0002772556016e-104
"FGLBJAKE_02572",941.678613367386,-1.87844613094552,0.0862039099287272,-21.7907300550358,2.8408564605528e-105,1.71886767739553e-104
"FGLBJAKE_00693",269.260794958555,3.65147375378961,0.167734945247659,21.7693084073701,4.53420115803559e-105,2.73766683365426e-104
"FGLBJAKE_01957",1008.51692430679,-1.77588229256792,0.0815825878467662,-21.7679083176854,4.6748214522095e-105,2.81665342843817e-104
"FGLBJAKE_02160",830.300351082012,-1.87032807662714,0.0859835206406411,-21.752169051602,6.58897828324359e-105,3.9616576539837e-104
"FGLBJAKE_01420",2036.19638340195,1.61005786549471,0.0743218405086751,21.6633206938245,4.55208985009189e-104,2.73125391005513e-103
"FGLBJAKE_02037",1033.16870676566,1.74774587828529,0.0807415208371255,21.6461847654678,6.60250228420811e-104,3.95324824266961e-103
"FGLBJAKE_01726",2859.80784307139,-1.63733200386027,0.0757318182830427,-21.6201332673784,1.16141485679966e-103,6.93951413397554e-103
"FGLBJAKE_00666",5325.6126600417,1.49144797118404,0.0690572615972694,21.597264888404,1.90569866697974e-103,1.13630248317423e-102
"FGLBJAKE_01564",514.618187107579,-2.3695307051777,0.109764984284316,-21.5873096564208,2.36378470385845e-103,1.40652530825863e-102
"FGLBJAKE_01780",44122.757724438,-1.64316961053922,0.0761968957133224,-21.5647841707536,3.84708040644649e-103,2.28440270415851e-102
"FGLBJAKE_00433",2968.64960717272,-1.36057219432699,0.0631625440499513,-21.5408073691743,6.45715850875274e-103,3.82636568126915e-102
"FGLBJAKE_02713",8271.93587703486,1.52529905428629,0.0709402963399858,21.5011655290556,1.51826754537897e-102,8.97839696588304e-102
"FGLBJAKE_01723",2406.01025476941,-1.38513091512176,0.0644278255326449,-21.4989548951939,1.59233430020333e-102,9.39706114740116e-102
"FGLBJAKE_01846",1316.99765108774,1.83890385482912,0.085820624676546,21.427295149154,7.4377437364488e-102,4.38034333986759e-101
"FGLBJAKE_00361",242.331119126729,4.38092505058504,0.204663263992418,21.4055271333273,1.18671295016369e-101,6.97466875004183e-101
"FGLBJAKE_00147",945.720289426785,-1.927662193892,0.0901070069968228,-21.3930332183819,1.55135597286887e-101,9.09917768576557e-101
"FGLBJAKE_00163",453.756745862405,-2.43991656698047,0.11408466343167,-21.3868936769212,1.76957556672083e-101,1.03579637041867e-100
"FGLBJAKE_01867",1880.87434681872,1.50659222109729,0.0706491893697526,21.3249753399479,6.65887432166852e-101,3.88975707326734e-100
"FGLBJAKE_00039",361.56881742655,-2.72215948051471,0.127968756634359,-21.2720632137784,2.06017055431738e-100,1.20100003511321e-99
"FGLBJAKE_00429",509.292595414515,-2.4686257930333,0.11609913092213,-21.2630858941491,2.49461611108002e-100,1.45132119498866e-99
"FGLBJAKE_00895",2708.67756868569,-1.38372493474041,0.0652948822511517,-21.1919355244109,1.13341147067868e-99,6.58065569036471e-99
"FGLBJAKE_02450",958.116879445803,2.55246273835986,0.120568334685389,21.1702578875313,1.79572194470286e-99,1.04050501392662e-98
"FGLBJAKE_01718",23625.1164719546,1.18737825547297,0.0561489091139753,21.1469514583576,2.94360583364742e-99,1.70219782010114e-98
"FGLBJAKE_00406",5181.32651131294,-1.34631844300824,0.0636804909343343,-21.1417723584533,3.28506987599233e-99,1.89584153084376e-98
"FGLBJAKE_00915",3494.24592588865,1.26072517835842,0.0598142030000347,21.0773547941062,1.28359859973164e-98,7.39291057240226e-98
"FGLBJAKE_00380",238.186287775121,4.58562453183229,0.217859644777271,21.0485266168519,2.35899644695846e-98,1.35595115771172e-97
"FGLBJAKE_01179",2378.43329848149,-1.66278374287577,0.0790072221467897,-21.0459714655762,2.48963486262442e-98,1.42818574754143e-97
"FGLBJAKE_00949",503.187446628886,-2.31933760380853,0.110368375967772,-21.0145123861004,4.83179154122693e-98,2.76624878276617e-97
"FGLBJAKE_02570",1493.96748369969,-1.60225528625854,0.076246079083156,-21.0142646746605,4.85706602841396e-98,2.77519041066833e-97
"FGLBJAKE_00588",459.584828807077,2.53941804964032,0.120941074117304,20.997151448955,6.96377020247023e-98,3.97100705593243e-97
"FGLBJAKE_01049",4402.84439415081,1.34365385539011,0.0640435958946851,20.9803000068836,9.92652627394498e-98,5.64927455669661e-97
"FGLBJAKE_02467",317.842025360584,2.88546670289346,0.137670163491453,20.9592741790607,1.54423833009357e-97,8.7710295665789e-97
"FGLBJAKE_01050",6550.57933846043,1.14246016872966,0.0545756904338774,20.9334991393986,2.65289029678103e-97,1.50382775403327e-96
"FGLBJAKE_01204",11560.9127602864,-1.16176920169431,0.0555502015838732,-20.9138611304623,4.00475920864498e-97,2.26568463890663e-96
"FGLBJAKE_01856",2614.78670029209,1.33449812956283,0.063910488700154,20.8807373672863,8.01454923200315e-97,4.52530736596799e-96
"FGLBJAKE_01824",306.745460842326,3.00591310720784,0.144039166956969,20.8687204370312,1.03055415148115e-96,5.80747574775848e-96
"FGLBJAKE_01178",610.661465951601,-2.262171463522,0.108580987187481,-20.8339555765506,2.13112543907896e-96,1.19860166573639e-95
"FGLBJAKE_00422",2329.91905986731,-1.44422992038523,0.0694068924069286,-20.8081628538819,3.65068620685529e-96,2.04923284345744e-95
"FGLBJAKE_01153",971.29345915215,-1.84109987657333,0.0887799126475569,-20.7377977930912,1.57995110483712e-95,8.85142197914598e-95
"FGLBJAKE_02164",2519.30965786842,1.4471635340357,0.069890950597805,20.7060216187866,3.05684492105336e-95,1.70921640138276e-94
"FGLBJAKE_00230",1156.84103116405,1.94833264545252,0.0941683703257076,20.6898838613609,4.2724094146587e-95,2.38425333159788e-94
"FGLBJAKE_00584",3425.7794246999,-1.22857356399627,0.0595503392631978,-20.6308407172339,1.45105394820002e-94,8.08203303706755e-94
"FGLBJAKE_00116",26610.8109733386,-1.09669572899403,0.0531849827095308,-20.6204020970284,1.80055856283481e-94,1.00092946026832e-93
"FGLBJAKE_00718",55312.4993787094,8.91036338154846,0.432951325520055,20.5805199252952,4.10257579903055e-94,2.27621676571695e-93
"FGLBJAKE_00254",8358.3738892957,1.3298755547059,0.0647183908168854,20.5486498956481,7.9133520075378e-94,4.38207585157295e-93
"FGLBJAKE_01428",761.736184563413,1.9175659192586,0.0935437923224307,20.4991252936277,2.19198041137779e-93,1.21149071198072e-92
"FGLBJAKE_01870",706.444951817449,-1.93831423510817,0.0945997640395159,-20.4896307595282,2.66405953008072e-93,1.4695790958641e-92
"FGLBJAKE_01059",9493.69135738607,-1.13034164389126,0.0551987889081918,-20.4776529748013,3.40682831442318e-93,1.87571352023989e-92
"FGLBJAKE_02759",4784.47066808828,1.13964850377604,0.0556606110622437,20.4749549461755,3.60080899819251e-93,1.97872372099527e-92
"FGLBJAKE_01836",4486.99560758941,1.54749174814493,0.0755956184539595,20.4706539848922,3.93307031810855e-93,2.15718398745114e-92
"FGLBJAKE_00074",1118.53782505278,-1.71678361826891,0.0839176655223408,-20.4579525369645,5.10369296679867e-93,2.79390734982464e-92
"FGLBJAKE_00212",11796.5364202884,1.16331821547685,0.0569833623255544,20.4150504287662,1.2290452495617e-92,6.71535370197782e-92
"FGLBJAKE_00299",283.464485040923,2.99708689035004,0.146820044149033,20.4133359836603,1.27292862089387e-92,6.94192951887851e-92
"FGLBJAKE_00503",46371.2205415131,-1.37191611071679,0.0672414984415303,-20.4028188323277,1.57848887637514e-92,8.59200195208739e-92
"FGLBJAKE_02610",429.810367331749,2.27001388516487,0.111278298467324,20.3994302252154,1.69175201636515e-92,9.1911064178326e-92
"FGLBJAKE_02977",10744.4448555067,-1.82566189517363,0.0897343893506251,-20.3451754492929,5.12284473453238e-92,2.77793505038605e-91
"FGLBJAKE_00275",695.977440771095,-1.86459873810001,0.0919668733192811,-20.2746779443799,2.15195863663809e-91,1.16473241463237e-90
"FGLBJAKE_02488",245.562182568192,3.35433421893894,0.1655215672661,20.2652395959153,2.60688689357809e-91,1.40830694213222e-90
"FGLBJAKE_00347",216.254607493637,3.91521039114327,0.193386854789755,20.2454835691898,3.89343913546633e-91,2.09938913233213e-90
"FGLBJAKE_02402",8266.70216727191,1.25657941369092,0.0621734203094829,20.2108780156535,7.85384134444241e-91,4.22695506066058e-90
"FGLBJAKE_00277",2882.81122295101,1.3902856126853,0.0688019119147836,20.2070781754914,8.4822925365576e-91,4.55665584113393e-90
"FGLBJAKE_01977",5381.83700950192,1.20934951436556,0.0599728368248011,20.1649543092056,1.98930510005633e-90,1.06665351820184e-89
"FGLBJAKE_02674",415.332567562146,2.46555737157615,0.122321665400991,20.1563424066671,2.3674939911692e-90,1.26707220309502e-89
"FGLBJAKE_02299",2798.5382559309,-1.27912781678087,0.0635571676866673,-20.1256264767317,4.40173461331153e-90,2.35140990309616e-89
"FGLBJAKE_01044",1433.06094934744,-1.63563730074783,0.0813179348897513,-20.1141027863704,5.55347434577855e-90,2.96116609828711e-89
"FGLBJAKE_00696",3406.35422959251,1.28317396995856,0.0638027108153758,20.1115901434289,5.84206575208944e-90,3.10927721694538e-89
"FGLBJAKE_01341",600.77323526555,-1.98574543310788,0.098957839964802,-20.0665802104632,1.44619691343581e-89,7.68275402812294e-89
"FGLBJAKE_00397",6346.41591560824,1.12209172719442,0.0559375628351163,20.0597178411569,1.66023372449477e-89,8.80352716641694e-89
"FGLBJAKE_01748",2227.67053955986,1.40545351416046,0.0702180176945514,20.0155680878687,4.03016728123302e-89,2.13309406376864e-88
"FGLBJAKE_01499",709.44697876561,1.80051364414662,0.0900332619784611,19.9983162286996,5.69633434546836e-89,3.00942369648457e-88
"FGLBJAKE_01052",1706.56456754453,1.36938380621133,0.0684890364301616,19.9942045849585,6.18572967855588e-89,3.26197928370085e-88
"FGLBJAKE_02104",12551.235977617,1.04089824111419,0.0521099576951218,19.9750352361471,9.08197413845235e-89,4.78051166188865e-88
"FGLBJAKE_02542",2726.4262707995,-1.46561998683444,0.0735841396175395,-19.9176071698621,2.8635152723989e-88,1.50452338078143e-87
"FGLBJAKE_01724",1340.74192998331,-1.52493783116934,0.0766617233030153,-19.8917760450261,4.79465536015926e-88,2.51456925275506e-87
"FGLBJAKE_01880",2113.72703467891,1.29801022732406,0.0653458940860988,19.863684558571,8.39220225941061e-88,4.39329495328709e-87
"FGLBJAKE_02583",4595.56316919581,-1.21493963659271,0.0613087397776632,-19.8167445783211,2.13479621023639e-87,1.11552805603989e-86
"FGLBJAKE_01916",4858.98773040363,-1.17844715469102,0.0594687953346368,-19.8162271164194,2.15685565980543e-87,1.12500964905278e-86
"FGLBJAKE_01507",448.657841168648,2.57874488220426,0.130250326497064,19.7983755707698,3.07449025315946e-87,1.60074003398194e-86
"FGLBJAKE_00769",3061.19713841052,1.55272924384146,0.0784690738429878,19.7877860384638,3.79343104912754e-87,1.97148658864242e-86
"FGLBJAKE_00114",2090.90636873999,-1.4933617620561,0.0757151053117254,-19.7234324103203,1.35699397721998e-86,7.03971243778019e-86
"FGLBJAKE_01168",2154.85134027543,-1.26235476168658,0.0641248308370038,-19.6858961686044,2.84853902031734e-86,1.47508128727785e-85
"FGLBJAKE_01950",948.595161405672,1.73151631967705,0.0879688432341901,19.6832907654295,2.99883603088817e-86,1.55011776129004e-85
"FGLBJAKE_01161",1735.4657303452,-1.51511046592698,0.076983147636292,-19.6810667327496,3.13337423333649e-86,1.61675359903215e-85
"FGLBJAKE_00676",767.010471880883,1.82466030814894,0.092877020589604,19.6459823599593,6.2574202777127e-86,3.21714237533923e-85
"FGLBJAKE_02209",406.977933392939,2.2171458834748,0.112854611356988,19.6460371163868,6.2506751740627e-86,3.21714237533923e-85
"FGLBJAKE_02334",5885.29843708498,-1.14010479847421,0.0580800922567324,-19.6298723740759,8.59302550996885e-86,4.4100634492233e-85
"FGLBJAKE_02391",1104.72424217754,-1.5490748519677,0.0793575099061335,-19.5202048779,7.39411807969841e-85,3.78800273815566e-84
"FGLBJAKE_02672",1735.5998150136,-1.35948079200258,0.0696745759386583,-19.5118631679865,8.70508325773333e-85,4.4516742495953e-84
"FGLBJAKE_01571",5089.09485817203,1.17125683853949,0.060236095583064,19.4444348891166,3.24833916427665e-84,1.65821079185277e-83
"FGLBJAKE_00735",8844.8824461117,-1.17942351898198,0.0607602654997311,-19.4110988370715,6.21829535243807e-84,3.16868454661472e-83
"FGLBJAKE_01686",47688.4981202339,-1.08393408556878,0.055862631099911,-19.4035630658025,7.20036181730199e-84,3.66262652441167e-83
"FGLBJAKE_00659",5529.17811196938,-1.08110566438375,0.0558638963537528,-19.3524930222867,1.94216732817414e-83,9.86181784659449e-83
"FGLBJAKE_00419",1719.69130060949,-1.37740702161711,0.071265033834693,-19.3279501531166,3.12592852644504e-83,1.58446535890706e-82
"FGLBJAKE_01136",20871.8055077315,-1.03276365115573,0.0534791306128222,-19.3115265585135,4.29682559772504e-83,2.17413323377848e-82
"FGLBJAKE_02600",3507.57940008237,1.1895806869708,0.0616788876325643,19.2866754351572,6.95013939430214e-83,3.51049220021518e-82
"FGLBJAKE_01139",4348.65485556495,-1.62926710823392,0.0845413729569942,-19.2718316635657,9.26000324433813e-83,4.66899110951365e-82
"FGLBJAKE_02384",1915.02336092361,-1.48616478705743,0.0774305972818065,-19.1935079830079,4.19353267985302e-82,2.11072030155824e-81
"FGLBJAKE_00560",483.300208366067,2.20279381862307,0.114834068593172,19.1824068032197,5.19204638652201e-82,2.60873099910214e-81
"FGLBJAKE_01436",207.28903086745,5.20728100567373,0.271544513962704,19.1765281120316,5.81350084960068e-82,2.91588157796725e-81
"FGLBJAKE_00057",1141.44466694436,-1.54082734630407,0.0804158450350254,-19.1607430803339,7.8741049850855e-82,3.94253967371703e-81
"FGLBJAKE_00398",673.353452314799,1.74463232708413,0.0910566278821447,19.1598609311803,8.0086928880466e-82,4.00295362786886e-81
"FGLBJAKE_01170",4686.64239912124,-1.37796706883295,0.0719950210203621,-19.1397550733853,1.17822616981587e-81,5.87885765981044e-81
"FGLBJAKE_01897",1008.18396830147,-1.61451667324936,0.0844967339652127,-19.107444719864,2.18929762490981e-81,1.09047510814398e-80
"FGLBJAKE_02489",191.130938476164,4.6108815431946,0.241426702165822,19.0984737886518,2.59976011398995e-81,1.29268348920538e-80
"FGLBJAKE_01190",1161.15967270704,1.48050173101619,0.077519987957921,19.0983225103161,2.60730267463843e-81,1.29419479912105e-80
"FGLBJAKE_01115",13711.8836784763,-1.15736683738535,0.0606380516342687,-19.0864779819423,3.27092796691459e-81,1.62080120291596e-80
"FGLBJAKE_01885",9489.8489228896,1.50808373251676,0.0791575172913271,19.0516805493847,6.36264158489987e-81,3.14737210241002e-80
"FGLBJAKE_01687",49237.8782744808,-1.03417661100623,0.0543665647509198,-19.0222909198753,1.11503290140658e-80,5.50619339972939e-80
"FGLBJAKE_00379",201.726428892725,3.61822167185006,0.190672631325501,18.9760934576568,2.68858931074993e-80,1.32538690893573e-79
"FGLBJAKE_01081",1526.12358325187,-1.46743030921416,0.0773323782921036,-18.9756262722363,2.71259669575076e-80,1.33493200403898e-79
"FGLBJAKE_02668",1387.28306929782,1.40553674488699,0.0740988793958619,18.9683940748703,3.11271334073064e-80,1.52922019508715e-79
"FGLBJAKE_02850",1260.06348095765,1.35844778173367,0.0717141143856447,18.9425442030642,5.08780997992773e-80,2.49528428025807e-79
"FGLBJAKE_02081",861.689971918248,1.64581023563992,0.0872451892300696,18.8641946927279,2.24668093987437e-79,1.0999933596591e-78
"FGLBJAKE_02916",5120.00715907395,-1.10426554065288,0.0585604195670103,-18.8568584176429,2.5810771675155e-79,1.26156730942849e-78
"FGLBJAKE_02835",2165.72185859246,1.23803764583508,0.0656878280766328,18.8472915315568,3.09276999300299e-79,1.50910372833457e-78
"FGLBJAKE_01377",4110.2064207177,1.24679697208293,0.0661918104967736,18.83612130754,3.81951236246844e-79,1.86055568300581e-78
"FGLBJAKE_00423",1324.76022259219,-1.43653904680961,0.0765425713486422,-18.767844109474,1.38388601129386e-78,6.72976040009906e-78
"FGLBJAKE_02837",3232.5200814714,1.15749353843008,0.0618820290234537,18.7048414005847,4.52075740375505e-78,2.19470553689054e-77
"FGLBJAKE_02836",1503.68940300134,1.47689814399609,0.0790350555368008,18.6866211956846,6.361655668878e-78,3.08320377611389e-77
"FGLBJAKE_01702",4093.23811505605,-1.25846619334963,0.0674116377440881,-18.6683818323342,8.95243379122246e-78,4.33153109696521e-77
"FGLBJAKE_00811",6772.54652041531,1.25295318196646,0.0672131900167062,18.6414776869694,1.48092857287574e-77,7.15325835032752e-77
"FGLBJAKE_02788",109768.244479107,-1.31688170443812,0.0706977501273422,-18.6269252142555,1.94375084875166e-77,9.37305358945011e-77
"FGLBJAKE_02129",7478.86075539737,-1.16922867095366,0.0627961513233705,-18.619432024308,2.23572736751811e-77,1.07629488345847e-76
"FGLBJAKE_00853",2655.96198886949,1.20488415526101,0.0647275745979143,18.6146964836194,2.44240058758274e-77,1.17382262353057e-76
"FGLBJAKE_01730",1086.38221987491,-1.80074782936455,0.0967781177111865,-18.6069730632548,2.82111821584126e-77,1.35357157801799e-76
"FGLBJAKE_02494",179.648036083966,4.2578736883051,0.228876913770695,18.6033340722644,3.01932047980918e-77,1.4462545098286e-76
"FGLBJAKE_00426",5123.6934911069,-1.17986425531682,0.0635482596591044,-18.5664290673897,6.00673514401319e-77,2.87243873608884e-76
"FGLBJAKE_02317",4070.08385118104,-1.25941931954821,0.0679120379529435,-18.5448612280029,8.97319872857295e-77,4.28388258237851e-76
"FGLBJAKE_00409",5210.18172554408,-1.0342363188868,0.0558208578975469,-18.5277754201669,1.2327920474292e-76,5.87569543003567e-76
"FGLBJAKE_02093",468.203835219162,-2.03416013180144,0.109963259864248,-18.4985433708735,2.12129987154346e-76,1.00937348192316e-75
"FGLBJAKE_01766",37592.5554962326,-0.956167742172967,0.0518127013265096,-18.4543117361794,4.81459422332263e-76,2.28713120625277e-75
"FGLBJAKE_02036",1509.63856559272,1.37886206038059,0.07478589103602,18.4374624849555,6.57555709964321e-76,3.1185067829001e-75
"FGLBJAKE_00020",1868.55941359959,-1.32435844003526,0.0719353699849249,-18.4103931113832,1.08432656280125e-75,5.13402725122044e-75
"FGLBJAKE_01160",2930.19402775069,-1.54787096706982,0.0840982696894193,-18.4055031427663,1.18677257717587e-75,5.60984274145307e-75
"FGLBJAKE_00243",12836.9343710685,-1.07780572467791,0.0585661597539834,-18.4032166221142,1.23793289275327e-75,5.84206754314107e-75
"FGLBJAKE_02791",77614.5295593928,-0.940992101123967,0.0512902173487665,-18.3464245184486,3.52563442075615e-75,1.66109398774642e-74
"FGLBJAKE_01326",1091.86260851991,1.59537399661596,0.0874053310755819,18.2525937146373,1.97314811035222e-74,9.28122368110032e-74
"FGLBJAKE_01150",250.230340193357,2.70779604755095,0.148361576667629,18.2513296796324,2.01933905301905e-74,9.48297457251102e-74
"FGLBJAKE_00165",229.594839962309,5.97237618707374,0.327326090710081,18.2459521455122,2.22820400734651e-74,1.0446750925145e-73
"FGLBJAKE_00717",15538.0515887962,9.15621085031681,0.502022680102888,18.2386398328463,2.54718219182779e-74,1.19228039402493e-73
"FGLBJAKE_01255",760.978028126631,2.23684463893805,0.122651960140597,18.2373329898188,2.60880729356499e-74,1.21914018889525e-73
"FGLBJAKE_03013",4291.7638431965,1.16883657829781,0.064237519381247,18.195543501,5.59811098008077e-74,2.61184593453768e-73
"FGLBJAKE_02393",1802.94484700784,-1.27415691097512,0.0701171669679068,-18.1718253328505,8.62797208299637e-74,4.01892897350592e-73
"FGLBJAKE_02213",1170.51742906946,-1.49945009329724,0.0826160333542414,-18.1496258343448,1.29278458926239e-73,6.0120759054047e-73
"FGLBJAKE_01834",6138.46977070775,-1.33058317491031,0.0736789542052408,-18.0592027840654,6.67800555299668e-73,3.10057963801494e-72
"FGLBJAKE_00673",636.209764448195,1.69758514570469,0.0940827138017648,18.0435393188333,8.8678188675958e-73,4.11066313314037e-72
"FGLBJAKE_02320",1367.36382930416,1.37791870730426,0.0763731508066482,18.0419256342154,9.1306148989331e-73,4.22566621892653e-72
"FGLBJAKE_01083",2440.94997821633,-1.34400055530761,0.0747301048410753,-17.9847272818074,2.56648332135605e-72,1.18586383690953e-71
"FGLBJAKE_01084",1998.59341484374,-1.15792589809679,0.064533258376343,-17.9430874440593,5.43497334978268e-72,2.50724131737968e-71
"FGLBJAKE_02035",939.78251634148,1.46724345858903,0.0817892615589256,17.9393166122663,5.81660502943287e-72,2.67899404720995e-71
"FGLBJAKE_02781",13103.8381450628,-1.1662390751915,0.0650259494817237,-17.9349795656468,6.28868081820959e-72,2.8917869874455e-71
"FGLBJAKE_01379",1688.32902381407,1.22590991856212,0.0683712772920174,17.9301889202127,6.85463788041248e-72,3.14700148055998e-71
"FGLBJAKE_02663",383.926196860097,2.11209974174266,0.117879696511312,17.9174175388208,8.62396867779431e-72,3.95299616905596e-71
"FGLBJAKE_01751",408.312525132684,-2.00338711334968,0.111889372822886,-17.9050705424984,1.07658658314463e-71,4.92692649674787e-71
"FGLBJAKE_02590",2443.56500049976,-1.212157925196,0.0677183404813577,-17.8999945447525,1.17933470775738e-71,5.38856589840177e-71
"FGLBJAKE_01917",3485.42749929823,-1.18107181601418,0.066004996949663,-17.8936727610925,1.32106924896836e-71,6.0265920976747e-71
"FGLBJAKE_02381",4089.12133343346,1.08135715842886,0.0605171501982612,17.8686067484376,2.07102468096946e-71,9.4328445849544e-71
"FGLBJAKE_00987",231.989671435305,6.26819751934591,0.351011926629057,17.8575058105363,2.52681038385215e-71,1.14905902582137e-70
"FGLBJAKE_00710",9507.62229306545,1.14785319584237,0.0643504748528295,17.8375248740204,3.61351316576488e-71,1.64063773118614e-70
"FGLBJAKE_02485",302.437287260153,2.32401980749062,0.13059323401976,17.79586687576,7.60808883103344e-71,3.44884026820033e-70
"FGLBJAKE_00920",215.07644618214,-3.11288505071008,0.175105969935514,-17.7771497559818,1.06245778167627e-70,4.80866718824818e-70
"FGLBJAKE_02257",2205.25262837336,1.2239054256241,0.0688734681118198,17.7703469736274,1.19946567341745e-70,5.42022695817887e-70
"FGLBJAKE_00444",13977.6742800222,0.97982236053224,0.0551435749160939,17.7685679976884,1.23811134882994e-70,5.58607851889678e-70
"FGLBJAKE_00335",690.478129544172,5.2099805698142,0.294110266409941,17.7143784656342,3.24795166106151e-70,1.46310549747504e-69
"FGLBJAKE_02272",670.47961981984,-1.70638376033766,0.0964864299062966,-17.6852202117419,5.45076958854515e-70,2.45156679146773e-69
"FGLBJAKE_01132",6015.53498442989,-1.08141958339614,0.0612905634728966,-17.6441449077941,1.12869774364844e-69,5.06855830507126e-69
"FGLBJAKE_02465",202.518775818592,3.1559687229851,0.179077625115364,17.6234675937431,1.62718161929339e-69,7.29566298572421e-69
"FGLBJAKE_02222",1368.53371418023,-1.50464755377688,0.0854574006088151,-17.6069894831516,2.17721088425453e-69,9.74657956596186e-69
"FGLBJAKE_01740",7832.19444798423,-1.5633971840917,0.0887978513022166,-17.6062501644414,2.20582871889951e-69,9.85933396285722e-69
"FGLBJAKE_02692",847.039154719857,1.46818937292695,0.0834139748256679,17.601239792198,2.40990517795285e-69,1.07547631699324e-68
"FGLBJAKE_02426",2887.10911001861,-1.15383956703903,0.0655705458589389,-17.5969187372828,2.6009531040369e-69,1.15893631333365e-68
"FGLBJAKE_02108",1291.9901526071,-1.25438147640345,0.0715525378545432,-17.5309152409582,8.32191017308804e-69,3.70234827205186e-68
"FGLBJAKE_02883",798.679250308751,-1.49762273408445,0.0856454912787533,-17.4862997657412,1.82210679503595e-68,8.09387160577018e-68
"FGLBJAKE_02952",293.738590511138,2.36318220478192,0.135251121528124,17.4725516364057,2.31887993468827e-68,1.02846619325526e-67
"FGLBJAKE_01498",489.971310627768,1.81564689572504,0.103979919751141,17.4615146854364,2.81368459543949e-68,1.24599838633175e-67
"FGLBJAKE_02486",174.059015165226,3.42346393810547,0.196382954636942,17.4325920721302,4.66811927647787e-68,2.0640268923996e-67
"FGLBJAKE_00410",9592.28157882901,-0.938350689858868,0.0538900646490907,-17.4123133080098,6.65400196697055e-68,2.93757321859806e-67
"FGLBJAKE_01194",784.268515330464,-1.89326936249265,0.108820566307953,-17.3980840821474,8.53088573463965e-68,3.76039349714024e-67
"FGLBJAKE_02887",761.766675865499,-1.55347071579926,0.0893020957588955,-17.3956803879882,8.89640486782725e-68,3.91550805361953e-67
"FGLBJAKE_02461",199.313087488965,3.29571379020039,0.189461117825877,17.3951986983909,8.97150963804516e-68,3.94252579506755e-67
"FGLBJAKE_02888",1469.06956786328,-1.23765598325819,0.0712398399752153,-17.3730876387254,1.31931719026335e-67,5.78888183941509e-67
"FGLBJAKE_01937",11277.5070741938,1.0689469811349,0.0615723194542062,17.3608366650848,1.63325888468428e-67,7.15546651613203e-67
"FGLBJAKE_02178",467.750098961032,1.83183585834666,0.105528632784723,17.3586619101149,1.6963094736995e-67,7.42038573426541e-67
"FGLBJAKE_00774",1852.10403989269,1.15519915195477,0.0665536186793007,17.3574206012941,1.73337907878899e-67,7.57102047483215e-67
"FGLBJAKE_02068",201.088947236179,-3.02113856970176,0.174208814075518,-17.342053476078,2.26498525035055e-67,9.87794781412365e-67
"FGLBJAKE_02561",2296.07508664054,-1.14418337744526,0.066048947510075,-17.3232643452907,3.14027624821008e-67,1.36744756626603e-66
"FGLBJAKE_00692",204.73096094986,2.92681379275855,0.169204449565382,17.2974989740302,4.9125730409904e-67,2.1359659485335e-66
"FGLBJAKE_01915",1270.09751839913,1.35393523656311,0.0783412534454097,17.2825322166509,6.36894125266402e-67,2.76500561331668e-66
"FGLBJAKE_02329",334.302629943054,-2.22069222794986,0.128536578702341,-17.2767335988647,7.04250970181358e-67,3.05281642277711e-66
"FGLBJAKE_00797",864.721504547865,-1.5457544788685,0.0895284371438622,-17.2655139325692,8.55389024757905e-67,3.70239165234069e-66
"FGLBJAKE_00087",7682.32665045621,1.13264620043689,0.0657789495273926,17.2189767178514,1.91341255215787e-66,8.26939499985221e-66
"FGLBJAKE_01731",739.834286742305,-2.16898150112771,0.126007904881322,-17.2130589995169,2.11934975207041e-66,9.14566244361914e-66
"FGLBJAKE_02385",821.822396131179,-1.70943342569399,0.0993523656886225,-17.2057646926242,2.40382469762208e-66,1.03577094167404e-65
"FGLBJAKE_02541",2464.88244032506,1.12788149187842,0.0656545559867555,17.179028552199,3.81242011747963e-66,1.6402538050354e-65
"FGLBJAKE_02893",914.311898636537,-1.5310258797834,0.089161369834712,-17.1714037438145,4.34776927574325e-66,1.86778608348073e-65
"FGLBJAKE_01704",13629.4539530318,0.925097385334181,0.0539580711288902,17.1447452805418,6.87996882451332e-66,2.95119856741064e-65
"FGLBJAKE_00153",847.234553126982,-1.50731541991413,0.0879697750073593,-17.1344694218899,8.20984322692151e-66,3.51640677111362e-65
"FGLBJAKE_01978",2114.06623019603,1.23159952822037,0.0719173381577127,17.1252101338832,9.62612600169163e-66,4.1168878167949e-65
"FGLBJAKE_00172",976.957670341903,-1.42025613884188,0.0829934497521865,-17.1128702696741,1.18988705219717e-65,5.08133044281526e-65
"FGLBJAKE_01903",4240.47673370633,1.0016829339234,0.0586866564552354,17.0683251428279,2.55422817837945e-65,1.08914714905972e-64
"FGLBJAKE_00263",3481.24159328166,-1.29163954270267,0.0757334358784648,-17.0550765024772,3.20453085653381e-65,1.36441802691529e-64
"FGLBJAKE_00660",947.037570780927,-1.43779315107222,0.0843094246564268,-17.0537654233964,3.27724048269572e-65,1.39331200403366e-64
"FGLBJAKE_00375",194.743441487204,6.01293703804475,0.352619841714991,17.0521800724554,3.36735993757373e-65,1.42951144174105e-64
"FGLBJAKE_01566",192.797840415514,3.09885777781555,0.181827209713081,17.0428715410937,3.94859099095643e-65,1.67378326076826e-64
"FGLBJAKE_01159",15854.0117634418,-0.969158237316672,0.0568735045701266,-17.0405928848938,4.10548489073778e-65,1.73772659440065e-64
"FGLBJAKE_01837",5129.50574945424,1.09805292285122,0.0645907160793144,17.0001664248909,8.18871194768771e-65,3.4609350202433e-64
"FGLBJAKE_00695",944.44241083807,1.60593081032795,0.0944932332119174,16.9951937905053,8.91353064664549e-65,3.76174553281338e-64
"FGLBJAKE_00975",2815.13273744951,3.36613368969747,0.198105640521674,16.9916095313257,9.47530234329942e-65,3.99296465317339e-64
"FGLBJAKE_02960",542.731084732417,1.74227934461386,0.102548509138865,16.9898066704663,9.77106950745987e-65,4.11157448966906e-64
"FGLBJAKE_03091",1208.0101567621,1.29271826349191,0.0763001107809446,16.9425476616052,2.18455470655917e-64,9.17896231966529e-64
"FGLBJAKE_00754",688.351205833466,1.52777929368984,0.0903468809463024,16.9101498323764,3.78743830595231e-64,1.58906535639517e-63
"FGLBJAKE_00349",158.832426635505,3.50736889623539,0.207668582787364,16.8892610001902,5.39748190810228e-64,2.26127740581428e-63
"FGLBJAKE_01134",5968.95501452217,1.01908583116216,0.0604282230530792,16.8644017592079,8.22304488481441e-64,3.44003362430227e-63
"FGLBJAKE_00399",3602.19263704894,-1.12464639895572,0.066691194792989,-16.8634915365762,8.3506895118377e-64,3.48835489200895e-63
"FGLBJAKE_02057",250.646946821353,-2.47440409908611,0.146755883764229,-16.860680714249,8.75746064535162e-64,3.652966893286e-63
"FGLBJAKE_01838",2607.40206750824,1.09693968972972,0.0650788790859339,16.8555406168145,9.55305604717328e-64,3.97905551877913e-63
"FGLBJAKE_00068",2216.53042729579,-1.08685135381699,0.0645823772232371,-16.8289152636818,1.4982176917833e-63,6.23137141271375e-63
"FGLBJAKE_00864",6239.02195125949,1.60918828402277,0.0960458447895744,16.7543769076977,5.26092027225603e-63,2.18495445989362e-62
"FGLBJAKE_00674",849.502882066014,1.3825781118434,0.0827144892628809,16.7150655727236,1.0180791976526e-62,4.22216394524326e-62
"FGLBJAKE_01376",3992.30153351105,1.41828723975628,0.0849490452705154,16.6957407848414,1.40761212228709e-62,5.829217924284e-62
"FGLBJAKE_01057",9262.18973156788,0.972253362417345,0.0582965764349628,16.6777094277915,1.90380019674168e-62,7.87269318767709e-62
"FGLBJAKE_01871",1088.00702678007,-1.4489331503344,0.0872905699390103,-16.5989654019531,7.09025118520754e-62,2.92778475665035e-61
"FGLBJAKE_00373",183.093940309193,6.00093196680699,0.361817187264566,16.5855359502837,8.86711244522779e-62,3.65625267827613e-61
"FGLBJAKE_01063",1598.28057731374,1.35137050631359,0.081540388585223,16.5730201898804,1.09200547280848e-61,4.49630906712259e-61
"FGLBJAKE_02028",933.19164849034,-1.50041914836467,0.0909312461576584,-16.5005893107768,3.63329416034826e-61,1.49386086077838e-60
"FGLBJAKE_02930",6211.22998890482,-1.14930220107985,0.0698036808511538,-16.4647793220327,6.57018069261199e-61,2.69752847293812e-60
"FGLBJAKE_00209",1107.0577111987,1.27596575209593,0.0775913059269153,16.4447000453606,9.15364377750909e-61,3.75286336898162e-60
"FGLBJAKE_02669",1491.47721991238,1.36858966857771,0.0833052062833216,16.4286210866956,1.1934191782094e-60,4.8858785159171e-60
"FGLBJAKE_01423",1199.64634899084,1.69086532595974,0.103001377265424,16.4159487071961,1.47064033940068e-60,6.0122622125712e-60
"FGLBJAKE_00345",149.1263365828,3.72526726947724,0.226935746966916,16.4155154895907,1.48117500219839e-60,6.04672863113379e-60
"FGLBJAKE_02895",676.498936349561,-1.51565372148491,0.0923465033381921,-16.4126812244776,1.55197608655085e-60,6.32677911027962e-60
"FGLBJAKE_01934",9180.87961780992,-0.906150301684759,0.0552319148461671,-16.4062807564899,1.72451279606848e-60,7.02018381855638e-60
"FGLBJAKE_02409",14975.4256208539,0.992247970861342,0.0605131593619761,16.3972263442062,2.00170801136087e-60,8.13707047333966e-60
"FGLBJAKE_01113",3810.76092952052,1.08140193364992,0.0659602227699079,16.3947586626901,2.08466947008685e-60,8.46234471331867e-60
"FGLBJAKE_00912",3331.50202653016,1.09740270593203,0.0669488109245406,16.391668362399,2.19340997937013e-60,8.8911992675737e-60
"FGLBJAKE_02571",4509.81034976633,-1.01541427866454,0.061986176003206,-16.3813021569845,2.60114323422299e-60,1.0529134725573e-59
"FGLBJAKE_02107",2249.9093806565,1.44951144803621,0.0885167252423383,16.3755656805851,2.85837486778747e-60,1.15541060056557e-59
"FGLBJAKE_00897",318.232590081527,-2.25969770025303,0.138239621082598,-16.3462376600618,4.62680013350547e-60,1.86761567186724e-59
"FGLBJAKE_02686",3033.88666483692,-0.997575693532642,0.0610583779672039,-16.3380641075737,5.29061986425727e-60,2.13257243897271e-59
"FGLBJAKE_01184",469.561586377079,-1.81572137857363,0.111219749853167,-16.3255301416407,6.49738255950769e-60,2.61533297983545e-59
"FGLBJAKE_00760",993.369253614133,-1.64063241046562,0.100592407664597,-16.3097041670972,8.41995366254142e-60,3.3844680875726e-59
"FGLBJAKE_00173",1941.57361069054,-1.14732987996392,0.0704919699007523,-16.2760365695452,1.46025656918428e-59,5.86142092155814e-59
"FGLBJAKE_01400",498.696659946247,1.93963454749062,0.119421464463499,16.2419256555295,2.5479860259411e-59,1.02132661625589e-58
"FGLBJAKE_00675",484.365367629401,1.6594381643434,0.102554759693446,16.1809960776443,6.86743778006301e-59,2.74888804733998e-58
"FGLBJAKE_01085",2235.36140959097,-1.21827067483552,0.0753069689816573,-16.1773962132543,7.28090248421113e-59,2.91033570787521e-58
"FGLBJAKE_02126",6540.74817043949,-0.879510425925578,0.0544707806264585,-16.1464626688013,1.2026351247244e-58,4.80051853952491e-58
"FGLBJAKE_02894",417.733646915441,-1.84599907210622,0.114355257220352,-16.1426690558629,1.27889257639946e-58,5.09783254448271e-58
"FGLBJAKE_01754",830.824432172482,-1.37845298260199,0.0856044861798392,-16.1025787796461,2.44690212845448e-58,9.74016165814153e-58
"FGLBJAKE_00945",419.242251001285,1.84099304232524,0.114333852698904,16.1019068182148,2.47362401601823e-58,9.83291206367413e-58
"FGLBJAKE_00061",4583.86534572673,1.00867635362903,0.062746043102739,16.0755372570258,3.78695933906427e-58,1.5032764006175e-57
"FGLBJAKE_02056",415.114110904752,1.8646883640615,0.116156303596016,16.0532687967306,5.42310533536904e-58,2.14979375639319e-57
"FGLBJAKE_03068",426.681455174777,1.71952105161025,0.107173168552763,16.0443241049059,6.26371354485408e-58,2.47960230411992e-57
"FGLBJAKE_01522",2985.63608523652,-1.13652689388544,0.0708914153214381,-16.0319396746724,7.64584718459934e-58,3.02258112909746e-57
"FGLBJAKE_00434",1981.83125114173,-1.19391821663126,0.0746346997760351,-15.9968248041994,1.34459983369373e-57,5.30821417862058e-57
"FGLBJAKE_00865",768.135289425521,1.74098023561046,0.108908586170897,15.9857022923661,1.6074509537661e-57,6.33719347204909e-57
"FGLBJAKE_01521",4417.24080552416,-1.13057008933047,0.0707452225069917,-15.9808683790448,1.73709051271136e-57,6.83890155278419e-57
"FGLBJAKE_00655",8962.63865746386,-1.05976819739897,0.06638966766301,-15.9628483573421,2.31901931656269e-57,9.1174576139551e-57
"FGLBJAKE_01122",144.233848371938,3.30254457430429,0.207031284259617,15.9519107757787,2.76311777940881e-57,1.08486345601379e-56
"FGLBJAKE_00425",4459.81738716189,-1.1423862710977,0.071649024849623,-15.9441984520423,3.1262559072298e-57,1.22576527658642e-56
"FGLBJAKE_00834",623.412338312556,-1.53954540543026,0.0969596821199103,-15.8782018646297,8.97135459855417e-57,3.51276200493797e-56
"FGLBJAKE_00581",3538.18431648348,-1.00968948788125,0.0637528692624099,-15.8375536593548,1.71358753585318e-56,6.70047697692793e-56
"FGLBJAKE_00252",429.176933972167,-1.78406842079528,0.112653616324127,-15.8367612066901,1.73531506560127e-56,6.77621670997018e-56
"FGLBJAKE_01771",5715.51215832695,-1.095442287079,0.0691775766624139,-15.8352220463684,1.7783030280975e-56,6.93465794131917e-56
"FGLBJAKE_00923",574.250732456352,-1.58251088145962,0.100012768723887,-15.823088408127,2.15649740810042e-56,8.39806714211463e-56
"FGLBJAKE_02675",13846.8722411802,-0.899282091566739,0.0568390313778414,-15.8215590548808,2.2095285303683e-56,8.59294316140526e-56
"FGLBJAKE_00449",2540.77548864664,-1.00297180162851,0.0633988124210003,-15.8200408387506,2.26345806963616e-56,8.79078174612746e-56
"FGLBJAKE_00822",589.483107022868,-1.62031369091229,0.102445050718018,-15.8164174799643,2.39752306847893e-56,9.29889514009235e-56
"FGLBJAKE_00360",126.373385304538,4.01870674198654,0.254311055809473,15.8023280946044,2.99835770435183e-56,1.16135849626781e-55
"FGLBJAKE_00783",319.609456361141,-2.26973879689048,0.143766315615597,-15.7876953803234,3.78145075006206e-56,1.46270382983558e-55
"FGLBJAKE_01245",615.671662377363,1.54538371145393,0.0980702588338043,15.757924266039,6.05905880254923e-56,2.34055577937184e-55
"FGLBJAKE_00934",716.456408553338,1.7449753703308,0.110738867898437,15.7575691665115,6.09319393727229e-56,2.35058246653967e-55
"FGLBJAKE_02650",794.257323116694,1.35459542790655,0.0860147920869047,15.7484008859539,7.0440098611476e-56,2.71373784731075e-55
"FGLBJAKE_01956",2031.54645974664,-1.23077725554466,0.0782400528049834,-15.730782526597,9.30539072000713e-56,3.5801463091433e-55
"FGLBJAKE_00575",1894.38625582256,1.35312317459442,0.0861339953288245,15.7095136412603,1.30173898194244e-55,5.00160138249009e-55
"FGLBJAKE_02377",1582.83255077519,1.11687221194954,0.0711655183454781,15.694007967842,1.66220840541182e-55,6.37808672517165e-55
"FGLBJAKE_00703",2920.07160688225,1.03716148192214,0.0662063617840979,15.6655864175767,2.60020267929399e-55,9.96397666705456e-55
"FGLBJAKE_00043",222.773609890487,-2.53897195537828,0.162472244643328,-15.6271119473485,4.75888647905442e-55,1.82117706269007e-54
"FGLBJAKE_00935",1249.46844264389,1.41845567521838,0.0908188026215104,15.6185242953469,5.44513366887818e-55,2.08102581972817e-54
"FGLBJAKE_01875",5847.20508464154,-0.899117203036271,0.0575789977803202,-15.615367368266,5.72146211391218e-55,2.18372936459278e-54
"FGLBJAKE_01051",5251.32905392937,0.979751840917168,0.0627751851103295,15.6073110608152,6.49158056618478e-55,2.47437699565186e-54
"FGLBJAKE_02965",1353.21649602033,1.15226180317739,0.0738573391957506,15.6011821671974,7.14585462824652e-55,2.72015711279212e-54
"FGLBJAKE_00650",6736.1109967465,-1.09081428097157,0.0699506181381271,-15.5940620684381,7.98881017608445e-55,3.03701593201941e-54
"FGLBJAKE_00405",2787.83231751098,-0.966643464169554,0.062005526692909,-15.5896339524215,8.56227613697087e-55,3.2507241238645e-54
"FGLBJAKE_00366",124.910733300051,3.87492534256695,0.248927844495408,15.5664600335156,1.23030357747036e-54,4.66476580692588e-54
"FGLBJAKE_00501",6044.35897521981,0.934462114649607,0.0603039261128583,15.49587522545,3.69889172109838e-54,1.40060801138824e-53
"FGLBJAKE_02205",534.481889084253,1.56697991606314,0.101474666517971,15.4420799775246,8.53043087354399e-54,3.22584978033755e-53
"FGLBJAKE_01515",369.49272473896,-1.78322459420844,0.115513523074007,-15.4373665243156,9.17715329419477e-54,3.46585263699287e-53
"FGLBJAKE_02832",4753.53815609403,1.0514029966113,0.0681236554138711,15.4337430988358,9.70731238337959e-54,3.66126191467624e-53
"FGLBJAKE_00262",3345.13288798992,-0.947491008231987,0.0615602156695543,-15.3912879921989,1.87267187844101e-53,7.05381255391805e-53
"FGLBJAKE_01645",629.743940188577,-1.45020173016441,0.0942356761306449,-15.3890945521938,1.9372414486016e-53,7.28747633937304e-53
"FGLBJAKE_01105",131.464173574118,3.89055372322318,0.252920345766179,15.382525717484,2.14417589200123e-53,8.0553745275968e-53
"FGLBJAKE_00784",3772.7679123502,-0.993572831977904,0.064642691481346,-15.370226845592,2.59259832963453e-53,9.72732062580893e-53
"FGLBJAKE_00833",8349.40198049747,-0.92763366005483,0.060461300237556,-15.342601902541,3.96959723625173e-53,1.48743447939863e-52
"FGLBJAKE_02437",1124.97235602581,-1.41934960007249,0.0925484581041802,-15.3362857593452,4.37523000959148e-53,1.63729310515181e-52
"FGLBJAKE_02092",1337.6650983633,1.09731081676581,0.0715760782549552,15.33069209041,4.76878385014233e-53,1.7822476963991e-52
"FGLBJAKE_00014",546.677957750427,1.53936931561625,0.100664734813002,15.292041631817,8.63985564855309e-53,3.22479806934306e-52
"FGLBJAKE_00371",146.563591392713,5.76058620714297,0.377259086261035,15.2695757820849,1.21963911057131e-52,4.54635901917243e-52
"FGLBJAKE_01086",1462.22944865111,-1.18808356346147,0.0779160849372768,-15.2482451398565,1.69117494325483e-52,6.29590257372327e-52
"FGLBJAKE_01267",348.906940634149,1.74992322606211,0.114820354303479,15.2405314952863,1.90315883101537e-52,7.07591006512052e-52
"FGLBJAKE_01755",837.421807492928,-1.41862973292623,0.0931130215069247,-15.2355675926672,2.05336159414148e-52,7.62449770227728e-52
"FGLBJAKE_00965",336.853641353525,-2.15142357138009,0.14133893888783,-15.2217328664644,2.53720543964612e-52,9.40893991424897e-52
"FGLBJAKE_00107",1626.0310998321,-1.13969003801677,0.0748751324678127,-15.221208970905,2.5576064561564e-52,9.47237236468235e-52
"FGLBJAKE_02069",163.30227761055,-3.14683508093618,0.206805312670601,-15.216413158343,2.75211819564778e-52,1.0179649542203e-51
"FGLBJAKE_00152",3453.1977555037,-1.17177561981961,0.0770142461975711,-15.2150501715431,2.81003946970841e-52,1.03805314086658e-51
"FGLBJAKE_00055",1480.67998179693,-1.15199621363441,0.0757203482211495,-15.2138261470996,2.86308909348273e-52,1.05629243320531e-51
"FGLBJAKE_02226",2943.36887199988,0.999835784559945,0.0658304553864977,15.1880429611158,4.24402220372386e-52,1.56375895044902e-51
"FGLBJAKE_00645",298.516345396385,-1.99134351776925,0.131440238562266,-15.1501818587,7.55572435648605e-52,2.78042916780293e-51
"FGLBJAKE_02884",2262.49092573886,-1.05392032204909,0.0696136691877726,-15.1395600080539,8.88058461079153e-52,3.26378518816047e-51
"FGLBJAKE_02548",3766.68305194855,0.888962848905074,0.0587982232861326,15.1188726329207,1.21606684638165e-51,4.46357103001387e-51
"FGLBJAKE_00460",16404.4274524517,-1.09122157608889,0.0722419714202784,-15.1050913289803,1.49898573044437e-51,5.4950063638994e-51
"FGLBJAKE_02408",8378.70809541076,0.857778825414329,0.0568391893339278,15.0913275763825,1.84688512904081e-51,6.761717020208e-51
"FGLBJAKE_00044",1300.46197645109,1.08726421009587,0.0720470453126351,15.091031219641,1.85519970459501e-51,6.78351647710696e-51
"FGLBJAKE_01135",3364.12242489975,0.914153272355801,0.0606332085788429,15.0767754796797,2.30242178040011e-51,8.40808157162631e-51
"FGLBJAKE_01149",268.254287000428,2.04318120410886,0.135807316645994,15.0447063867315,3.73989210348574e-51,1.36401648545914e-50
"FGLBJAKE_00736",7323.91679476607,-1.08073581357475,0.0718711404589478,-15.0371318261194,4.19328466014304e-51,1.52743981156541e-50
"FGLBJAKE_02051",1410.42353996425,1.10833245773885,0.0737979941215919,15.0184631836027,5.5581451315168e-51,2.02203912759231e-50
"FGLBJAKE_02849",6868.86749440661,0.862011845915875,0.0574780475570018,14.9972360327829,7.65409228794393e-51,2.78101911953867e-50
"FGLBJAKE_01082",513.588400882078,-1.4840986485644,0.0990399787543696,-14.9848441733326,9.22416550941851e-51,3.34725399925111e-50
"FGLBJAKE_00810",8502.15932113244,-1.25106221259708,0.0836071642820111,-14.9635766664347,1.27012286235652e-50,4.60319433343333e-50
"FGLBJAKE_00351",130.724136286755,3.2225792195063,0.215368187707505,14.9631162049009,1.27894329597029e-50,4.62932371866323e-50
"FGLBJAKE_02702",225.259736657197,2.29782235731253,0.153710272695729,14.9490487331389,1.57989882825599e-50,5.71148331120466e-50
"FGLBJAKE_03083",998.912201217918,1.13582836569639,0.0760514750480743,14.934994554391,1.95090036784937e-50,7.04382871507424e-50
"FGLBJAKE_02667",1323.27938166828,-1.1560000209805,0.077506321701006,-14.9149126885413,2.63621879096528e-50,9.50626449841181e-50
"FGLBJAKE_00846",9056.61329733824,-0.805374360057286,0.0540757360018346,-14.8934516587987,3.63508306751125e-50,1.30917653333676e-49
"FGLBJAKE_02031",1033.01473979673,-1.21693392730769,0.081714679217023,-14.8924763453538,3.68850852087539e-50,1.32675513003703e-49
"FGLBJAKE_01137",14276.8636223839,-0.846382111276725,0.0569020310728984,-14.8743743468912,4.83483709408426e-50,1.73691522604977e-49
"FGLBJAKE_00407",2928.98657886463,-0.920980198603558,0.0619708046742552,-14.8615175072297,5.85829915717811e-50,2.10196651407364e-49
"FGLBJAKE_00217",1907.5067348503,-1.02455925228213,0.0689488156215769,-14.859707785343,6.01871386159418e-50,2.15683087758375e-49
"FGLBJAKE_01701",5696.87814548842,-0.838792170166102,0.0564693382747613,-14.853940134464,6.55971620840854e-50,2.34777389576166e-49
"FGLBJAKE_01933",1118.21021328378,1.10721764939624,0.07460191210519,14.8416792298171,7.87594647523043e-50,2.81535698629506e-49
"FGLBJAKE_00651",3900.76041411855,-1.1017773676274,0.0742921800024879,-14.8303276009737,9.32766308393256e-50,3.33014952835058e-49
"FGLBJAKE_00643",1522.3885603996,-1.04487117423146,0.0705114247524276,-14.8184663393217,1.11296593441523e-49,3.96856587532179e-49
"FGLBJAKE_02192",6337.30934567334,0.862038297861675,0.0582649353718565,14.7951472418188,1.57439437905853e-49,5.60695098564339e-49
"FGLBJAKE_00445",13321.11696099,1.01251687898513,0.0684857727924096,14.7843389612353,1.84863334162808e-49,6.5754606730682e-49
"FGLBJAKE_01873",909.968077071856,-1.23133291135518,0.083484280021912,-14.749278678956,3.10970568862898e-49,1.10473351657845e-48
"FGLBJAKE_02169",816.759382626255,-1.27360188736202,0.0864864434851663,-14.7260291444458,4.38739228687402e-49,1.55671178178715e-48
"FGLBJAKE_02795",1825.7520540565,0.986220515925202,0.0669809688885157,14.7238914618671,4.52834347794126e-49,1.60474218934688e-48
"FGLBJAKE_02214",1318.81713905282,1.15965925777234,0.0788662074752141,14.7041336828172,6.06420263183588e-49,2.14636925663748e-48
"FGLBJAKE_00801",707.327562138053,-1.36577469259703,0.0929233073127845,-14.6978700187647,6.65193251376547e-49,2.35149496243074e-48
"FGLBJAKE_00258",4759.76998393585,-0.993225965749503,0.0677743509499704,-14.6548945408962,1.25351110115407e-48,4.42578735223193e-48
"FGLBJAKE_01773",46800.0861207751,0.937974934100305,0.0641080633071869,14.6311538005103,1.77747043367919e-48,6.2680368422012e-48
"FGLBJAKE_00080",1202.02653999659,1.37954326759869,0.0945484117580225,14.5908666464896,3.21092589911527e-48,1.1309069894678e-47
"FGLBJAKE_01970",589.844965085315,1.59823730717514,0.10970618097069,14.5683433060361,4.46590281560705e-48,1.57099200637144e-47
"FGLBJAKE_01637",1798.04190787448,-1.02027976219514,0.0700414883849944,-14.5667915648367,4.56848676315246e-48,1.6051138089609e-47
"FGLBJAKE_02460",113.481377337579,3.92035349887873,0.269348150014563,14.5549672372607,5.43119514245202e-48,1.90589192178353e-47
"FGLBJAKE_02094",122.504654222765,-3.42581605630768,0.235484609906902,-14.5479403416727,6.0188077944456e-48,2.10951873185813e-47
"FGLBJAKE_01342",278.100903657341,-1.88187415856696,0.129365759458462,-14.5469262225544,6.10868235800725e-48,2.13841085224273e-47
"FGLBJAKE_01739",23792.1622473244,-1.04161213676579,0.0718352092494556,-14.5000223100719,1.21110525472984e-47,4.23444829938391e-47
"FGLBJAKE_00059",1853.78175856317,-1.17640599436042,0.0812575001115155,-14.4775066024176,1.68084679030498e-47,5.86968854840402e-47
"FGLBJAKE_01391",593.127802891628,1.75374454094964,0.121235334210872,14.4656221914581,1.99790132109174e-47,6.96840824856514e-47
"FGLBJAKE_01470",181.077062593801,2.31984723797868,0.16049898876122,14.4539679401345,2.36650414246665e-47,8.24403988539291e-47
"FGLBJAKE_00862",1415.74133582899,1.63953156824355,0.113667494216046,14.4239263788759,3.65919593161728e-47,1.27318754327701e-46
"FGLBJAKE_02577",4315.19622057933,0.845905970212998,0.0588031435659462,14.3853868843651,6.39196619246406e-47,2.22134351114168e-46
"FGLBJAKE_00455",7450.35642852694,-0.827672704805269,0.0575447000774033,-14.3831265727681,6.60423081420566e-47,2.29233808695979e-46
"FGLBJAKE_01123",127.690833691821,3.19892210928451,0.222620735837927,14.3693807193836,8.0548263992758e-47,2.79246936930261e-46
"FGLBJAKE_00658",1222.03894946862,-1.14401215675324,0.0797284997144173,-14.348848414946,1.08320956384866e-46,3.74626267930331e-46
"FGLBJAKE_02171",200.587312781945,2.35836432938095,0.164358587196458,14.3488963345858,1.08246143204798e-46,3.74626267930331e-46
"FGLBJAKE_02386",2369.65326835051,-1.00112896263194,0.0697971365475845,-14.3434102335905,1.17154193903332e-46,4.04688886151653e-46
"FGLBJAKE_00376",140.857914414323,6.0922558576079,0.424810847474083,14.341102384349,1.2111616348197e-46,4.17872573646075e-46
"FGLBJAKE_00922",699.650048432826,-1.31745522544263,0.0919420566460874,-14.3291902911625,1.43787251448232e-46,4.95497075134555e-46
"FGLBJAKE_01354",591.437162593424,1.37238450367067,0.0958335117315699,14.3205072930514,1.62929534254557e-46,5.60789798140836e-46
"FGLBJAKE_01719",5050.83790433148,-0.800713308574189,0.0559903811231796,-14.3009083437494,2.15972073602727e-46,7.42468587959614e-46
"FGLBJAKE_00144",5901.09527853177,-0.896285739437029,0.0627639025441388,-14.2802742198307,2.90456270031041e-46,9.97337299963215e-46
"FGLBJAKE_02838",2674.19667243254,0.92165853214637,0.064541126085081,14.2801743330508,2.90872889210919e-46,9.97575994740074e-46
"FGLBJAKE_02442",2956.07131820256,0.917056044670685,0.064279972655007,14.2665904603376,3.53441062517118e-46,1.2107146766081e-45
"FGLBJAKE_01042",727.184336200961,-1.25202639020171,0.087776640936587,-14.2637765223463,3.679891500178e-46,1.25904859184662e-45
"FGLBJAKE_00859",1024.75104971846,1.68796911789032,0.118875527765539,14.1994668677269,9.23120118327015e-46,3.154634031001e-45
"FGLBJAKE_02436",3895.96906696231,-0.842468321440214,0.0593476320313313,-14.1954833344564,9.77104242193395e-46,3.3351515345176e-45
"FGLBJAKE_00106",7547.46260740627,-0.820145578861096,0.0578062317151668,-14.1878402124924,1.08963198376449e-45,3.71483074891949e-45
"FGLBJAKE_00374",122.654223401839,5.68086113455746,0.401181035950552,14.1603431505612,1.61205053186237e-45,5.48937586323751e-45
"FGLBJAKE_02564",2694.46175204884,0.888077417215651,0.0628039595850494,14.1404685800584,2.13855648618493e-45,7.27362288910709e-45
"FGLBJAKE_02228",7966.24741384015,0.892198095358619,0.0631365897386306,14.1312367210851,2.43824364560747e-45,8.28311139181544e-45
"FGLBJAKE_00924",406.481476590303,-1.58784178226328,0.112448993028159,-14.1205513673712,2.8376242658323e-45,9.62849131051007e-45
"FGLBJAKE_02404",6810.85495180363,0.777741573315872,0.0551835305401894,14.0937262567761,4.15069427752248e-45,1.40673294264146e-44
"FGLBJAKE_00490",966.887241253748,-1.13897158277937,0.0808396896660031,-14.089262186497,4.421569462924e-45,1.49677157084141e-44
"FGLBJAKE_00757",570.982881588661,-1.37584531952704,0.0977363432511963,-14.0771106607797,5.25132941901073e-45,1.77556714708669e-44
"FGLBJAKE_01405",164.350544120343,2.42547002340314,0.172581412886031,14.0540628497744,7.27384245328312e-45,2.45652446659644e-44
"FGLBJAKE_02139",4128.52478636854,0.852225327808351,0.0607278607115544,14.0335147298578,9.72117811001229e-45,3.27918613710978e-44
"FGLBJAKE_02026",288.291762628253,-1.7960320229556,0.128057288676603,-14.0252229413612,1.09268225094029e-44,3.68155778335566e-44
"FGLBJAKE_01743",3040.50684879286,-0.861201963227444,0.0614355619668848,-14.0179716056256,1.21024496126611e-44,4.07288526777376e-44
"FGLBJAKE_02848",5622.44789450829,0.813530036282463,0.0580757334322786,14.0080888901922,1.3909790084835e-44,4.67564171974455e-44
"FGLBJAKE_00906",120.242843493926,-3.2928458278397,0.235363453081499,-13.990472117604,1.78224862992663e-44,5.98385813365553e-44
"FGLBJAKE_00443",649.151093140224,-1.25514679949755,0.0898987406565044,-13.9617840064452,2.66673988827302e-44,8.94306935693892e-44
"FGLBJAKE_01112",1458.90357453236,1.04894928813138,0.0752979139736404,13.9306553498758,4.12552572768768e-44,1.38190686962406e-43
"FGLBJAKE_01424",308.535904578569,1.79975270701585,0.12928600501796,13.9207078659892,4.74184403394937e-44,1.58650288167293e-43
"FGLBJAKE_01888",1349.02158774768,1.12826175743456,0.0811010496860877,13.9118021505473,5.37089096455746e-44,1.79487681769048e-43
"FGLBJAKE_02027",229.138927106709,-1.96524171535169,0.141291969656876,-13.9090828737417,5.57902298064697e-44,1.86226620747728e-43
"FGLBJAKE_02411",2341.60224067294,0.866510357061943,0.0623980571589251,13.8868162971001,7.61453865329087e-44,2.53876845586519e-43
"FGLBJAKE_02323",2557.26467583589,0.885474377744883,0.0637831921543381,13.8825660465891,8.07987038182748e-44,2.69079345044869e-43
"FGLBJAKE_01971",851.03874977772,1.32176274657239,0.0953861828150116,13.8569623772006,1.15457797762675e-43,3.84057535613343e-43
"FGLBJAKE_01355",1392.29418373148,1.01338341636563,0.0733510310819029,13.8155306260671,2.05434847387735e-43,6.82566186580751e-43
"FGLBJAKE_02401",9728.07457432854,0.7369657591246,0.0533876399863767,13.804052011152,2.40920960070176e-43,7.99546003743288e-43
"FGLBJAKE_01092",975.184741881194,-1.15139736082746,0.0835274520849802,-13.7846580026892,3.15257033623364e-43,1.04503888654388e-42
"FGLBJAKE_03042",211.236128165545,2.25776508809985,0.163916063842765,13.7739098607541,3.65864116861836e-43,1.21139800905636e-42
"FGLBJAKE_00318",747.143072527483,1.27512793861762,0.0925786036134671,13.7734626452297,3.68136554227121e-43,1.21751951305955e-42
"FGLBJAKE_01518",1088.03340127114,-1.07697356928408,0.0783252482237609,-13.7500179534365,5.09168896156936e-43,1.68201311213222e-42
"FGLBJAKE_01248",192.618211793932,2.2389598189339,0.162837585240204,13.749650092337,5.1176436176584e-43,1.68864612596444e-42
"FGLBJAKE_02866",558.857369478822,1.33772701760204,0.0973256480184932,13.7448560049439,5.46817415803839e-43,1.8022399690599e-42
"FGLBJAKE_00534",1115.5830084253,-1.0487869148144,0.0763362799484689,-13.7390362161004,5.92593883646716e-43,1.95087608430775e-42
"FGLBJAKE_02963",578.458707710025,-1.33310265810681,0.0971857629517673,-13.7170570834374,8.02574234217091e-43,2.63912854592668e-42
"FGLBJAKE_00316",2770.01609647615,-0.913851446162762,0.0666380419270415,-13.7136599416185,8.4105957454758e-43,2.76252024828542e-42
"FGLBJAKE_01409",284.905302573356,1.86775880393487,0.136263296034201,13.7069838929045,9.22119809103429e-43,3.02531088055166e-42
"FGLBJAKE_00320",2404.89343350188,1.0675307843759,0.0783564758434803,13.6240275342184,2.88223964622579e-42,9.44533266049363e-42
"FGLBJAKE_00884",482.965196973069,-1.78887564574987,0.131451988038301,-13.6085857083321,3.5606760749933e-42,1.16553337580077e-41
"FGLBJAKE_02229",1303.14703317401,1.04414682458776,0.076759753070211,13.6027903012232,3.85442719631945e-42,1.26025298773858e-41
"FGLBJAKE_00040",230.955915996463,-1.92469838574284,0.141572549404241,-13.5951382795765,4.27951096384498e-42,1.39764937614665e-41
"FGLBJAKE_00488",780.191502311282,1.21727325408411,0.0895902481379605,13.5871177877488,4.7751728753117e-42,1.55775787101542e-41
"FGLBJAKE_02225",5718.33172971764,0.871566534132436,0.0641533092533595,13.5856831748207,4.86966857751997e-42,1.58678316233474e-41
"FGLBJAKE_01067",1013.0198244529,-1.06996679657941,0.0787731201500741,-13.5828921660202,5.05886948885067e-42,1.64656748708458e-41
"FGLBJAKE_00024",280.514315800304,-2.07288233925279,0.152677205743064,-13.5768946593192,5.49053400883528e-42,1.78504465400369e-41
"FGLBJAKE_02161",219.93651261754,-2.28023790118123,0.16801993293906,-13.5712344440006,5.93145904670146e-42,1.92621619211525e-41
"FGLBJAKE_00635",7449.71767914988,-0.743167896431941,0.0547892345829942,-13.5641226253343,6.53570174941804e-42,2.12004591736202e-41
"FGLBJAKE_00867",886.912093673865,1.30402552682205,0.0963844443817409,13.5294189346293,1.04849117775472e-41,3.39725326366071e-41
"FGLBJAKE_03051",1871.18475172753,-0.983748319873322,0.0727933623982751,-13.5142585458675,1.28847290922642e-41,4.17012515891525e-41
"FGLBJAKE_02076",3181.62720838535,0.840562962796064,0.0622469463372974,13.503681903387,1.4875223068868e-41,4.80893038244394e-41
"FGLBJAKE_00418",2373.36678625769,-0.898571260380885,0.0665632879147278,-13.4995023312553,1.57436023126287e-41,5.08296491296289e-41
"FGLBJAKE_01412",278.809136577102,1.79685994878606,0.133106319489326,13.499433803593,1.57582523919622e-41,5.08296491296289e-41
"FGLBJAKE_00698",593.342384864186,1.25637076474488,0.0931824875432955,13.4829064759742,1.97183390804397e-41,6.35319579789056e-41
"FGLBJAKE_02152",2560.88517783534,0.901798541358438,0.06696035093973,13.467649567281,2.42462091477429e-41,7.8033152397103e-41
"FGLBJAKE_02412",3535.09429581561,0.842009975772952,0.0626752890193927,13.4344809405254,3.79721495862896e-41,1.22071541287468e-40
"FGLBJAKE_01855",3655.35004038539,0.960129013759748,0.0716389428697574,13.4023336372412,5.85914308786039e-41,1.88147231670511e-40
"FGLBJAKE_01922",318.959093734591,1.69858534656614,0.12677834033116,13.3980721164927,6.2054204519321e-41,1.98822501436487e-40
"FGLBJAKE_02651",816.698666800277,1.10409914537759,0.0824071584052654,13.3980975287099,6.20329638253122e-41,1.98822501436487e-40
"FGLBJAKE_02799",1242.76261293743,1.12879673119392,0.0842948458479542,13.3910527961576,6.82070104044394e-41,2.18292815036034e-40
"FGLBJAKE_00936",3112.25628754066,1.12377055857256,0.0840520986664782,13.369928608585,9.06277914564403e-41,2.89404747384233e-40
"FGLBJAKE_01118",4170.25389146815,1.07379369305349,0.0803136788415366,13.369997596202,9.05437762632413e-41,2.89404747384233e-40
"FGLBJAKE_02058",349.4888994249,1.51925273013317,0.113718405460009,13.3597786918269,1.0387250572118e-40,3.31331388948579e-40
"FGLBJAKE_02380",886.188069476377,1.11082567971489,0.0832106829815788,13.3495560895805,1.1915686412323e-40,3.79663888570026e-40
"FGLBJAKE_01632",634.89737671655,-1.25736720234118,0.0942521063629838,-13.3404679307516,1.34611920186132e-40,4.28432623050878e-40
"FGLBJAKE_01717",3771.93869762757,-0.865855271342586,0.0649058797052261,-13.3401669505894,1.35156512566886e-40,4.29690063182776e-40
"FGLBJAKE_02194",1318.77036999862,-1.24454055978555,0.0934063449794079,-13.3239402533085,1.6800142327557e-40,5.33520541982306e-40
"FGLBJAKE_02818",361.869738983873,-1.64162858622636,0.1234181607386,-13.3013535155765,2.27315682949918e-40,7.21087497569608e-40
"FGLBJAKE_02670",1245.09331750482,0.976247417904152,0.0734050861920662,13.2994519664452,2.33171093564968e-40,7.38846442012921e-40
"FGLBJAKE_01120",1951.05067042122,0.939355208368964,0.0706611123533112,13.2938072595307,2.51450944327054e-40,7.95892085898626e-40
"FGLBJAKE_00869",1623.05127362093,1.29482495813965,0.0976435863965139,13.2607271601187,3.91085116664412e-40,1.23650013783666e-39
"FGLBJAKE_00782",704.385449487238,1.14429839419127,0.0863321719765901,13.2545998553304,4.24374375417139e-40,1.34027687357017e-39
"FGLBJAKE_00025",324.557757846183,-1.84671405023267,0.139479219977209,-13.2400658000126,5.1503685641088e-40,1.6248253845498e-39
"FGLBJAKE_01016",136.471523650457,-2.63558858048793,0.199366284212683,-13.2198309804294,6.74152641595485e-40,2.12446786397525e-39
"FGLBJAKE_02789",49954.2266404019,-0.693582327602583,0.0524975664810866,-13.2117043530477,7.51044006279235e-40,2.36418452798086e-39
"FGLBJAKE_02055",919.992057846416,1.14572688261868,0.0867625908580786,13.2053096995777,8.1762746118262e-40,2.57096424883901e-39
"FGLBJAKE_01281",5801.99483510057,0.783803590914744,0.0594063347017221,13.1939395832146,9.50834343861165e-40,2.98655508661966e-39
"FGLBJAKE_03084",1626.76643653881,-0.991558419553141,0.0751924657638561,-13.1869384715639,1.04337134896736e-39,3.27363455996963e-39
"FGLBJAKE_01271",1686.14863429864,-0.882211471733962,0.0669146986210474,-13.1841208271761,1.08309272967272e-39,3.39455671219126e-39
"FGLBJAKE_00372",117.904528674219,6.07825867073189,0.461097990494245,13.1821408811968,1.11190079806194e-39,3.48104890373639e-39
"FGLBJAKE_00665",989.087368668689,1.00961810226463,0.0766149826477479,13.1778154529714,1.17751294289998e-39,3.68245070499952e-39
"FGLBJAKE_00319",316.291061630447,1.55385600726513,0.117963292033607,13.1723689673094,1.26563155520459e-39,3.95372292354128e-39
"FGLBJAKE_01286",11316.1006737139,0.68882715106632,0.0523305727164839,13.1629966061759,1.43288130560414e-39,4.47133645201553e-39
"FGLBJAKE_02052",1508.65680096622,0.921511977228379,0.07004608789035,13.1557950626866,1.57616768839355e-39,4.91313008291005e-39
"FGLBJAKE_00591",1820.29750886905,0.922779123053587,0.0701727220535894,13.150111554015,1.699235702524e-39,5.29101127741492e-39
"FGLBJAKE_00185",892.943730547868,-1.13214771976113,0.0860984920828464,-13.1494488738751,1.71419312604888e-39,5.33180848946372e-39
"FGLBJAKE_01108",3378.02711655,-0.813965443815212,0.0619175810257236,-13.1459503154209,1.79535646215245e-39,5.57822105105529e-39
"FGLBJAKE_02425",3709.89401373586,-0.796761885569167,0.0606572930483525,-13.1354672377819,2.06214650188191e-39,6.40022575206113e-39
"FGLBJAKE_01018",502.278372633027,1.30012416154781,0.0990768571057049,13.1223799333956,2.4511449363924e-39,7.59934255360493e-39
"FGLBJAKE_02753",913.903365856954,-1.1552932783076,0.0881003662743732,-13.1133765631535,2.76029881394525e-39,8.54859783542957e-39
"FGLBJAKE_00461",77691.3156305751,-0.635508110203753,0.0485118436404115,-13.1000609854036,3.28993204751075e-39,1.01778952686178e-38
"FGLBJAKE_00951",227.298706711976,-1.94246019895635,0.14829398881347,-13.0987116504072,3.34894111620347e-39,1.03493083526546e-38
"FGLBJAKE_01951",691.458626978057,1.36800446875827,0.104482461920556,13.0931492578959,3.6035117065824e-39,1.11240522499654e-38
"FGLBJAKE_00058",2917.14251185036,-1.08978946186536,0.083258524682852,-13.0892237883938,3.79465824198145e-39,1.17015534200157e-38
"FGLBJAKE_00094",4976.02723133872,0.811332752618753,0.0620898239614916,13.0670808975388,5.07768947243343e-39,1.56412428121904e-38
"FGLBJAKE_02151",2936.94843403569,0.91410369795189,0.0701774408360947,13.0256060503383,8.75035413041342e-39,2.69256078916576e-38
"FGLBJAKE_02446",101.624226016892,5.5062914309949,0.422745010285683,13.0250891128765,8.80981723122677e-39,2.70795879385516e-38
"FGLBJAKE_00086",13753.4333937005,0.882167587440335,0.0678194710746345,13.0075857782719,1.10787105646738e-38,3.40173228235816e-38
"FGLBJAKE_02544",312.697663454681,-1.62504778311911,0.125009624111484,-12.9993814049859,1.23336884687682e-38,3.78303315466806e-38
"FGLBJAKE_02082",508.515224088877,-1.40299994213215,0.107974912099085,-12.9937585950027,1.32744259404937e-38,4.06723882227921e-38
"FGLBJAKE_00789",4440.85041404514,0.774849452187259,0.0596640163921174,12.9868805193213,1.45226732921829e-38,4.44495879038697e-38
"FGLBJAKE_02376",946.936193192274,-1.02566608305529,0.0789919633410048,-12.9844358802368,1.49938848084709e-38,4.58430052548355e-38
"FGLBJAKE_00657",4533.10406827063,-0.96214112967936,0.0741052336519011,-12.9834437092376,1.51894371436631e-38,4.6391543412208e-38
"FGLBJAKE_01111",641.957903205141,-1.16308840777142,0.0897089530538381,-12.9651318868185,1.9289833922974e-38,5.88524232427041e-38
"FGLBJAKE_00251",7422.62534616724,-0.850089947607724,0.0656685401638199,-12.9451628662225,2.50231995246996e-38,7.6263706716847e-38
"FGLBJAKE_01547",1529.87274025371,0.970370488361008,0.0750236334587157,12.9341974471949,2.8862119275516e-38,8.78704775400773e-38
"FGLBJAKE_00677",3474.96736671523,0.851661886823867,0.0658650445153863,12.9304078223908,3.03206254888293e-38,9.22132038676142e-38
"FGLBJAKE_00368",128.902899264162,6.50167244267151,0.503029047508932,12.9250437422425,3.25111677250107e-38,9.87707146317979e-38
"FGLBJAKE_02115",569.015841066369,-1.63523844567736,0.126581144822385,-12.9184994176809,3.53977579947979e-38,1.07426775582945e-37
"FGLBJAKE_02690",2190.12845175157,0.873456141442936,0.0678094667632739,12.8810353942498,5.75581657023077e-38,1.74495958046869e-37
"FGLBJAKE_00249",573.204989812416,-1.21265441703117,0.0941809891337025,-12.8757876529588,6.16073571428035e-38,1.86574862411399e-37
"FGLBJAKE_00238",36836.7055468269,0.673508345565563,0.0524034696989098,12.8523616744327,8.34238718698481e-38,2.52379166056783e-37
"FGLBJAKE_00960",77754.625400971,0.688801984709158,0.0536071503303094,12.849069209331,8.7051354815365e-38,2.63076334110788e-37
"FGLBJAKE_00210",5215.00104619963,0.857582751970644,0.066787968337916,12.8403778900965,9.73978857304576e-38,2.94035213854344e-37
"FGLBJAKE_02362",255.77609739547,-1.9698675293354,0.153460107385173,-12.8363492173975,1.02599819198348e-37,3.09414355064062e-37
"FGLBJAKE_00115",2246.63297094874,-0.869733316470016,0.0678861527186663,-12.811645403951,1.41110241112432e-37,4.25105694923615e-37
"FGLBJAKE_01312",556.021416914688,-1.20378915004664,0.0940429945640364,-12.8004127859513,1.63082045360753e-37,4.90783034939062e-37
"FGLBJAKE_02959",332.388137847957,-1.67649900120778,0.131033475715497,-12.7944328123283,1.76133707908278e-37,5.29506565406267e-37
"FGLBJAKE_01781",4932.97520597603,-0.772792314477886,0.0605998360055481,-12.7523829339593,3.02359430656575e-37,9.08026127175543e-37
"FGLBJAKE_02839",3945.77105558422,0.962543720262039,0.0755899089595124,12.7337594860393,3.83899342005138e-37,1.15169802601541e-36
"FGLBJAKE_02159",749.450773039929,1.13117215015958,0.0888359840196622,12.7332652713029,3.86337687465083e-37,1.15780449820088e-36
"FGLBJAKE_02020",1635.9802908003,0.881817261761768,0.0694010365219668,12.7061108299536,5.46873259559062e-37,1.63720182080494e-36
"FGLBJAKE_02898",775.330690400539,-1.1608061313284,0.0913907325194044,-12.7015737737077,5.79524516064475e-37,1.73314615938533e-36
"FGLBJAKE_02493",81.6122098037552,4.64825730518044,0.366829713554273,12.6714307304681,8.51470708746554e-37,2.5437908699975e-36
"FGLBJAKE_01839",2531.94409753151,0.900180284747634,0.0710811966495008,12.6641126933526,9.3471253009509e-37,2.7895782050813e-36
"FGLBJAKE_00105",488.382155026864,-1.25164100889572,0.0990303691988595,-12.6389613511623,1.28743361937235e-36,3.83826164115781e-36
"FGLBJAKE_00653",1995.23384076872,-0.8136683030592,0.064536831479973,-12.6078130022807,1.91226027807739e-36,5.69516687999421e-36
"FGLBJAKE_02099",1605.36983310122,0.895351568873085,0.0710324999285634,12.6048156797738,1.98636430449935e-36,5.90974224754777e-36
"FGLBJAKE_02218",6227.42198479338,-0.902401286326669,0.0717351721473255,-12.5796211163106,2.73337677746906e-36,8.1238106085275e-36
"FGLBJAKE_00315",3880.09711572493,-0.740031935347242,0.0589413398873171,-12.5553972264971,3.71313134799858e-36,1.10243176592437e-35
"FGLBJAKE_01181",456.140198997233,-1.30456430941813,0.103972380268539,-12.5472198101911,4.1171300186608e-36,1.22111781977618e-35
"FGLBJAKE_02473",104.534038802921,2.86599325475196,0.228770661379912,12.5278007130141,5.26011676569219e-36,1.55851294686591e-35
"FGLBJAKE_00151",3239.80915507336,-0.994405186174303,0.079410264427211,-12.5223759591658,5.63234854795862e-36,1.66708236115686e-35
"FGLBJAKE_02885",1512.38160588056,-0.856240560133782,0.0684233095112765,-12.5138723375061,6.26918771262139e-36,1.85366723107756e-35
"FGLBJAKE_00825",7174.95953973699,0.774556047364439,0.0619503819989475,12.5028453799946,7.20263246063213e-36,2.12747848837171e-35
"FGLBJAKE_02373",2575.327114772,-0.81503739091154,0.0652477379496671,-12.4914275425191,8.31481734966422e-36,2.45346869229312e-35
"FGLBJAKE_02388",3040.28380147355,0.853652384460239,0.0684359044723662,12.4737503075587,1.03822263027072e-35,3.06036086092108e-35
"FGLBJAKE_02196",2137.46812374921,-0.907874223178857,0.0728149663210154,-12.4682365322585,1.11261056485089e-35,3.27627332313674e-35
"FGLBJAKE_00798",3138.68167638938,-0.774468825874365,0.0622245711757604,-12.4463505531728,1.46387073455192e-35,4.30620725803708e-35
"FGLBJAKE_02517",377.564175397708,1.37517098247764,0.110706842615473,12.4217342847914,1.99195938479206e-35,5.85367205714966e-35
"FGLBJAKE_00401",2597.06782648704,-0.858461374198275,0.0693703448769409,-12.3750483830106,3.56679297033289e-35,1.04708508648996e-34
"FGLBJAKE_02263",824.293323150301,1.04240979890084,0.0843133145028157,12.3635253227535,4.11697508430167e-35,1.20736595839623e-34
"FGLBJAKE_02316",884.957697278783,1.02795196273345,0.0831974554829912,12.3555697318604,4.5452453576508e-35,1.33160399162981e-34
"FGLBJAKE_00507",16474.7595605957,-0.722869421240066,0.0586910017927754,-12.3165289253769,7.38030903327844e-35,2.15998046452569e-34
"FGLBJAKE_01591",545.260696569553,1.35497087570807,0.11001621781522,12.3161012314006,7.41954257934123e-35,2.16925385280027e-34
"FGLBJAKE_01402",1697.82358889849,0.861180477548349,0.069924485788928,12.3158642903415,7.44136695964095e-35,2.1734236424805e-34
"FGLBJAKE_02487",101.866514377897,5.99992254479964,0.487229015781843,12.3143785580416,7.5796773956328e-35,2.21157287665469e-34
"FGLBJAKE_00580",1369.92769380008,-0.925518324796489,0.0751844766975682,-12.309965639841,8.00572640542808e-35,2.33351497862072e-34
"FGLBJAKE_02468",96.3755660079748,3.21953920123213,0.261567778370206,12.3086231082921,8.14000158317611e-35,2.37024970111937e-34
"FGLBJAKE_00966",219.910549467906,-1.75051707294994,0.142347213180562,-12.2975155876742,9.3402987986155e-35,2.71700594607499e-34
"FGLBJAKE_01401",445.277554790604,1.34543475082643,0.109462862814017,12.2912439546954,1.00940653878949e-34,2.933300700183e-34
"FGLBJAKE_00887",5577.86416726244,0.739787263892143,0.0601949420148438,12.2898575715832,1.02686794479119e-34,2.98102876093926e-34
"FGLBJAKE_01594",612.087605575698,1.12981600068882,0.0919575609751886,12.2862762855755,1.07337525464466e-34,3.112896550806e-34
"FGLBJAKE_02053",1482.4540291138,0.955006381110012,0.0779087046820125,12.2580189852714,1.52174672407759e-34,4.40877024697478e-34
"FGLBJAKE_02575",7079.68207182796,0.7627651248296,0.0623418210384106,12.2352076362934,2.01588685028716e-34,5.83450030989455e-34
"FGLBJAKE_00408",14821.1745268022,-0.711699675376584,0.0582519441523612,-12.2176124030315,2.50329092414398e-34,7.23788542856117e-34
"FGLBJAKE_00775",923.173455477209,1.33548966552281,0.109334373854296,12.2147282546525,2.59366650446462e-34,7.4916558128958e-34
"FGLBJAKE_00506",1599.22223653942,-0.93958688626749,0.0769401805452023,-12.2119142379122,2.68496695025319e-34,7.74758535645349e-34
"FGLBJAKE_01469",130.756149065687,2.36859128002044,0.193960251277737,12.2117354685666,2.69087378437853e-34,7.75684178164884e-34
"FGLBJAKE_02897",478.018873218791,-1.29689169041614,0.106531817439357,-12.1737497922101,4.28915785651877e-34,1.23517431659669e-33
"FGLBJAKE_00218",595.624360515903,-1.30192008795485,0.106960940012244,-12.1719207759937,4.3863744228568e-34,1.26190591504409e-33
"FGLBJAKE_01261",2541.99302464888,0.847340411881397,0.0697420872667046,12.14962793759,5.7627245488895e-34,1.65620703535084e-33
"FGLBJAKE_02048",1883.67014445805,0.80295400330439,0.0661265114103081,12.1426941506432,6.27261065955075e-34,1.80094735619869e-33
"FGLBJAKE_00336",75.4027708122563,4.2557331816913,0.350592918557361,12.1386741044372,6.58849882354231e-34,1.88975505178249e-33
"FGLBJAKE_02471",105.437884491116,2.64689158379386,0.218140199431206,12.1339009989702,6.98413697684589e-34,2.00123725537937e-33
"FGLBJAKE_00276",971.883177401686,-1.1322828843691,0.0933921074449718,-12.1239675958299,7.88475568921091e-34,2.25705058274822e-33
"FGLBJAKE_02314",953.763778350598,0.944399449298098,0.0779338645709184,12.1179599458809,8.48448206789332e-34,2.42630860329606e-33
"FGLBJAKE_01593",1041.83939956908,0.943884209311044,0.077913367319316,12.1145349223924,8.84644994164278e-34,2.52730587796037e-33
"FGLBJAKE_01955",3629.82614150182,-0.775444267252875,0.0641174924801723,-12.0941140593212,1.13459605996306e-33,3.23816194273469e-33
"FGLBJAKE_01898",17913.8787610327,-1.0987743934894,0.0909837616933951,-12.076598868182,1.40408256901831e-33,4.00330684857008e-33
"FGLBJAKE_02988",403.787138527715,1.31312839898672,0.108813759505224,12.0676686933483,1.56505394587833e-33,4.4578444404899e-33
"FGLBJAKE_01154",590.158952820956,-1.31051549179099,0.108618985632299,-12.0652525353845,1.61167231589807e-33,4.58608538207035e-33
"FGLBJAKE_02157",5046.82809737896,0.765896727797076,0.0635356824728096,12.0545919708165,1.83438657478017e-33,5.21466569329199e-33
"FGLBJAKE_01913",1008.55099544878,-0.930145092451631,0.0772961813925004,-12.0335193239168,2.36845197213748e-33,6.72621637146552e-33
"FGLBJAKE_02114",217.521398169866,-1.81051170966844,0.150509888836702,-12.0291877408319,2.49604277235258e-33,7.08156656242974e-33
"FGLBJAKE_00324",318.1211898522,1.41319619765461,0.117588190555507,12.018181340987,2.85179098553881e-33,8.08288687617213e-33
"FGLBJAKE_02368",6270.68720686682,-0.699758488897282,0.0582742683145702,-12.0080184468369,3.22479609654195e-33,9.13109751868134e-33
"FGLBJAKE_02382",112.547264203061,-2.82592452336641,0.235649707382302,-11.9920561529993,3.91075389271261e-33,1.10625065823386e-32
"FGLBJAKE_01398",2412.88328831155,0.778567698665663,0.0650435127748523,11.9699515824225,5.1058412489583e-33,1.44288965088556e-32
"FGLBJAKE_00612",10711.7030419286,0.643483396884524,0.0538149414290718,11.9573371223053,5.94375029829792e-33,1.67802930818352e-32
"FGLBJAKE_01722",3150.45548965819,-0.864445419264438,0.0723801873560161,-11.9431221559637,7.05252578315853e-33,1.98910295395462e-32
"FGLBJAKE_00464",4092.5365603204,0.758347984986022,0.0635526219215722,11.9325995066241,8.0034543141436e-33,2.25509095086752e-32
"FGLBJAKE_01736",13220.9765509476,-0.713596878802627,0.0598059221934052,-11.9318765204379,8.07328004832286e-33,2.27253740047795e-32
"FGLBJAKE_00701",4993.85458348967,0.759067085899686,0.0637302525544336,11.9106241615997,1.04194371655305e-32,2.93008438490554e-32
"FGLBJAKE_02264",259.707239218811,1.53071992588904,0.128547227832073,11.9078408123175,1.07730872423438e-32,3.02657406984321e-32
"FGLBJAKE_01126",287.965982046238,1.48239194728453,0.124515890794107,11.9052430804654,1.1113897002963e-32,3.11927148305817e-32
"FGLBJAKE_02378",1021.12824680054,-1.0755883075847,0.0904014682544997,-11.8979075047397,1.21351858853061e-32,3.40258773018241e-32
"FGLBJAKE_01972",19731.7644281154,0.733379449048335,0.0617922046777566,11.8684784411379,1.72577796088418e-32,4.83419674423112e-32
"FGLBJAKE_00533",409.739936539206,1.24042331963442,0.104744028622391,11.8424251572968,2.3554192977061e-32,6.59150444168192e-32
"FGLBJAKE_00266",792.109187425257,-1.42627247409132,0.120457958949366,-11.8404170760593,2.41250237144634e-32,6.74468075441322e-32
"FGLBJAKE_02304",342.115883941055,-1.36186325207171,0.115066271835286,-11.8354686421159,2.55910110682788e-32,7.14757685230645e-32
"FGLBJAKE_02936",2643.84846091423,0.779411135498464,0.0659770787259839,11.8133623153507,3.32973984021704e-32,9.29094398134346e-32
"FGLBJAKE_02500",305.829408061309,1.52206005351311,0.128860122340352,11.8117228656121,3.39531694170307e-32,9.46473413235173e-32
"FGLBJAKE_02248",1707.31441552471,0.97830165117822,0.0828670620186089,11.8056755886739,3.64848712573935e-32,1.01606124024951e-31
"FGLBJAKE_02158",6794.37095559084,-0.957168176510782,0.0811155889953236,-11.8000521030053,3.9006986387603e-32,1.08524761740533e-31
"FGLBJAKE_00070",25483.0271150829,0.638849674787485,0.0541420375493118,11.7995129792747,3.92576906990192e-32,1.09116637397467e-31
"FGLBJAKE_01375",329.894921601556,1.41632250502532,0.120353910137479,11.7679808109888,5.70742549258677e-32,1.58484452808641e-31
"FGLBJAKE_02678",209.324894946777,-1.68802181496359,0.14364087874597,-11.7516812045467,6.92276562709976e-32,1.92046606296185e-31
"FGLBJAKE_00250",5050.48547216895,-0.669162391910883,0.0570549984976931,-11.7283745426431,9.11930526068033e-32,2.52737544061671e-31
"FGLBJAKE_01633",439.182632690886,-1.26395110386562,0.10786737539675,-11.7176402894448,1.03515280379462e-31,2.86611672264521e-31
"FGLBJAKE_02419",777.440659924384,1.02893153982928,0.0879536616445915,11.6985640005194,1.29628511135431e-31,3.58568181908785e-31
"FGLBJAKE_02499",173.472650033958,1.90749550223644,0.163352321260778,11.6771863877666,1.66723177510709e-31,4.6073308862094e-31
"FGLBJAKE_01552",185.91668472849,-1.88837875729207,0.162234665044546,-11.6397981699753,2.58626898953304e-31,7.14018931404222e-31
"FGLBJAKE_00267",1323.15776292964,-0.827139804585472,0.0710862059909039,-11.6357286629042,2.71263625925583e-31,7.48187774385916e-31
"FGLBJAKE_01396",474.987512301623,1.28505879281689,0.110558693726068,11.6233174389785,3.13713371968214e-31,8.64441256986239e-31
"FGLBJAKE_02607",2004.06215107099,-0.756776886591223,0.0651329711877908,-11.61895231847,3.30160086348671e-31,9.08888973339157e-31
"FGLBJAKE_01892",2224.55443299873,0.739840540405755,0.0637931488271219,11.59749211331,4.2433138231356e-31,1.16701281604705e-30
"FGLBJAKE_00350",72.6579252611973,3.49262474782148,0.30117435158789,11.5966871993157,4.28340218397867e-31,1.17691184290198e-30
"FGLBJAKE_00077",2953.38537057133,-0.747778611770942,0.0644897818381147,-11.5953037901113,4.35318252389925e-31,1.19494236615916e-30
"FGLBJAKE_02462",68.9352421391248,3.82478580190154,0.32992569702035,11.5928702627417,4.47868108101235e-31,1.22821845675854e-30
"FGLBJAKE_00436",2273.00125563428,0.754388583288484,0.0652314401617976,11.5648003695354,6.21356391118715e-31,1.70236250531476e-30
"FGLBJAKE_01321",942.519082375888,0.879518586260722,0.0763730123478717,11.5160913419861,1.09464820138336e-30,2.99620850550073e-30
"FGLBJAKE_02423",1423.03636664409,0.912453674660578,0.0793718719457953,11.4959324039089,1.38279737427004e-30,3.78131270566326e-30
"FGLBJAKE_02347",1351.22368789226,-0.807338547725836,0.0704033025234614,-11.467339155813,1.9248724660692e-30,5.25863447479361e-30
"FGLBJAKE_00594",337.059243185048,-1.32808566628726,0.116027788443188,-11.4462723465383,2.45476210031794e-30,6.69966458517956e-30
"FGLBJAKE_02700",3851.20066009609,0.70469443219871,0.0615658353302103,11.4461929805558,2.45700990702131e-30,6.69966458517956e-30
"FGLBJAKE_01720",8195.23850939544,-0.669949709727629,0.0585856774000463,-11.4353838593168,2.7830316891959e-30,7.58145315142087e-30
"FGLBJAKE_01117",10247.0647043688,0.852487461120595,0.074672806125218,11.4163040785031,3.46664994241739e-30,9.43480296828371e-30
"FGLBJAKE_00702",2730.74980807788,0.805564478750516,0.070770134946532,11.3828308983603,5.09195213657347e-30,1.38450997545053e-29
"FGLBJAKE_00963",158.934722454234,-2.08318612584732,0.183028175851394,-11.3817783308878,5.15379338505914e-30,1.40000020686767e-29
"FGLBJAKE_00041",254.951227137394,-1.58588689972229,0.139348785112681,-11.3807012988302,5.21784357227704e-30,1.41606066352448e-29
"FGLBJAKE_00268",3299.78514961039,-0.801914058673976,0.0705104081645448,-11.3729884643783,5.70019154067752e-30,1.54550476301011e-29
"FGLBJAKE_00156",728.150481086003,-0.993066975266551,0.0874287557949732,-11.3585852416265,6.72244602975555e-30,1.8209528642335e-29
"FGLBJAKE_02105",92.99259831116,2.84130148060983,0.250521466779823,11.3415489583852,8.16856766747991e-30,2.21058978119937e-29
"FGLBJAKE_00586",5991.93065490619,-0.759484309486195,0.0670234242485661,-11.3316249953082,9.14913847599877e-30,2.47362408090503e-29
"FGLBJAKE_00298",4990.76746131231,0.751584243125571,0.0663346393720184,11.3301926450603,9.29999686965051e-30,2.51204802663304e-29
"FGLBJAKE_01038",1935.07925547351,0.778594380471766,0.0689156067604368,11.2977947532016,1.34554475561689e-29,3.63107570670698e-29
"FGLBJAKE_01500",253.880594588258,1.43920974957819,0.127427366650478,11.2943536966107,1.39929622102425e-29,3.77258662216107e-29
"FGLBJAKE_02424",9635.29949589498,-0.766066125100169,0.0680091047591308,-11.2641701109485,1.97201034149184e-29,5.30670198637411e-29
"FGLBJAKE_02429",21322.8920041999,-0.636386479106173,0.0564963388638758,-11.2642074142097,1.97117546578036e-29,5.30670198637411e-29
"FGLBJAKE_01697",4757.98850421134,-0.92428398167266,0.0821000869043909,-11.2580146565378,2.11469153239754e-29,5.68533532657674e-29
"FGLBJAKE_00078",10593.7659094301,-0.620540629202105,0.0551676812904407,-11.2482637422289,2.36195740033837e-29,6.34417342857241e-29
"FGLBJAKE_01542",699.977937015474,0.990067479081198,0.0880233843730886,11.2477779187037,2.37500078965098e-29,6.37325141872728e-29
"FGLBJAKE_00740",2543.28896881291,-0.698611210860068,0.0621935222103718,-11.2328613339664,2.8122132026095e-29,7.53945964953331e-29
"FGLBJAKE_01389",530.677085036476,1.09602388471158,0.0977673701623201,11.2105284502579,3.6202545036705e-29,9.69674878243152e-29
"FGLBJAKE_00108",694.702935667095,-1.14267267427045,0.102084463746224,-11.1934042883457,4.39239151114131e-29,1.17539415298139e-28
"FGLBJAKE_01696",595.87268002133,-1.0184682198444,0.0911648551614669,-11.1717198260288,5.60843086997239e-29,1.49940747165587e-28
"FGLBJAKE_00980",91.934290715799,-2.78062309405916,0.249429326978116,-11.1479396899593,7.32835592411372e-29,1.95740659162666e-28
"FGLBJAKE_02034",378.797950420661,-1.49753729187109,0.13469520445686,-11.1179703680595,1.02579034252004e-28,2.73734581652979e-28
"FGLBJAKE_01745",4028.19824128421,-0.90535975784724,0.0816180158522735,-11.0926460095026,1.36198474443147e-28,3.63111702736182e-28
"FGLBJAKE_02006",1441.90061697775,1.05227373023562,0.0952122928566387,11.0518683949774,2.14699317844563e-28,5.71868247901087e-28
"FGLBJAKE_02545",691.15191168284,-1.03808515311149,0.0939627224277871,-11.0478403167733,2.24551931579646e-28,5.97557640148058e-28
"FGLBJAKE_01238",1187.66955946156,0.910462854944517,0.0825002744220491,11.0358766843227,2.56537315303513e-28,6.82042779077055e-28
"FGLBJAKE_02871",406.761272021215,-1.29034630475216,0.117167871386663,-11.0127997503165,3.31537929444759e-28,8.80628474329239e-28
"FGLBJAKE_00812",1569.56075805078,-0.767652894047322,0.0697175818875814,-11.0108938558017,3.38627259274046e-28,8.98628571702316e-28
"FGLBJAKE_01700",164.240703783028,-1.85110237164939,0.168183375936239,-11.0064526969132,3.5573578009439e-28,9.43159254604498e-28
"FGLBJAKE_02305",852.389249183495,-0.996282806725499,0.0905692240229061,-11.000235648188,3.81134616195678e-28,1.0095676377386e-27
"FGLBJAKE_01737",29789.085143775,-0.66846919356351,0.0608120077943924,-10.9923881451773,4.15776780978999e-28,1.10031534855768e-27
"FGLBJAKE_00281",988.303162919306,0.925334819670295,0.0842384860797667,10.9847038180872,4.52721110837665e-28,1.19698295542544e-27
"FGLBJAKE_00265",432.863224076385,-1.14967303964682,0.104859725419181,-10.963914267856,5.69803401893832e-28,1.50516082448793e-27
"FGLBJAKE_02951",172.250925287364,-1.72655451310017,0.157857169574817,-10.937447553067,7.63183208339793e-28,2.01413089143119e-27
"FGLBJAKE_02587",648.948270649322,-0.961588991559955,0.0879404868429747,-10.934542508014,7.8802439692384e-28,2.0777817584946e-27
"FGLBJAKE_00622",993.013364277461,0.956581374001169,0.0875313847027149,10.9284387222941,8.42860881731357e-28,2.22033196525749e-27
"FGLBJAKE_02390",4899.23506859005,0.656753808603953,0.0601791321324909,10.9133147210903,9.95586324601552e-28,2.62025192024255e-27
"FGLBJAKE_00344",64.2072058985117,3.33642328638776,0.306337879663756,10.8913180767912,1.26791768983652e-27,3.33393910392513e-27
"FGLBJAKE_02294",1030.10091239698,-0.936340574046012,0.0859965136119965,-10.888122491461,1.31319574714915e-27,3.44983965018889e-27
"FGLBJAKE_01413",951.648891182744,-0.937161804617196,0.0862009815384568,-10.8718228944887,1.57031566899235e-27,4.12154085176624e-27
"FGLBJAKE_02602",15702.8904264553,-0.593711799558442,0.0546151073013319,-10.8708346260809,1.58741972227824e-27,4.16263164400335e-27
"FGLBJAKE_00672",2299.93721456001,0.739125376873189,0.0680519568653013,10.861192108497,1.7643080543404e-27,4.62226193999483e-27
"FGLBJAKE_02179",145.627968712918,1.85719375970658,0.171146936187311,10.8514578237847,1.96269626516459e-27,5.13733066127781e-27
"FGLBJAKE_00874",5674.49185416203,0.628901007144441,0.0580048847110727,10.8422076912496,2.17166182677062e-27,5.67912292096337e-27
"FGLBJAKE_02605",846.236394353183,-0.954862289965662,0.0884361378516798,-10.7971957297265,3.54876858073661e-27,9.2719644554882e-27
"FGLBJAKE_02892",1139.30140817272,-0.854549990291108,0.0795657554216805,-10.7401731531635,6.59206340747862e-27,1.72076205568515e-26
"FGLBJAKE_01091",443.060307152727,1.19871027629265,0.111917166110768,10.710691826366,9.06815919516692e-27,2.36496275198818e-26
"FGLBJAKE_00095",1444.1778006644,0.754056731491444,0.070484896168891,10.6981321173351,1.03850499749164e-26,2.70595046490569e-26
"FGLBJAKE_03034",225.934151994692,1.44122803330166,0.134927680623342,10.6814852715428,1.24267324610047e-26,3.23500263522895e-26
"FGLBJAKE_01914",412.666426748708,-1.17794183715369,0.110322390374082,-10.677268985557,1.30041101401416e-26,3.38224547898344e-26
"FGLBJAKE_00100",3051.1872736878,0.650086981958556,0.0609327725197058,10.6689217489376,1.42267677403079e-26,3.69690149056465e-26
"FGLBJAKE_01772",2316.18072958856,-1.12454635113989,0.105539805508383,-10.6551868816034,1.64913106996997e-26,4.2814839160738e-26
"FGLBJAKE_00800",1445.74418293935,-0.762847685255257,0.0716974530161189,-10.6398156861131,1.9451373272927e-26,5.04541938505346e-26
"FGLBJAKE_03004",435.013217937566,1.27571764907343,0.120720329153619,10.567546145853,4.21375888067969e-26,1.09200568287407e-25
"FGLBJAKE_02736",492.968609559738,1.15290866985503,0.109120362747186,10.5654768810303,4.30773600653562e-26,1.1153543498003e-25
"FGLBJAKE_01167",740.670651296819,-0.968450616132552,0.0917567970742452,-10.5545381597063,4.84013940961118e-26,1.25207566725675e-25
"FGLBJAKE_01442",620.918930706446,0.948801489720987,0.0900305272418839,10.538664148571,5.73071094714579e-26,1.48112079695117e-25
"FGLBJAKE_00427",9141.05032925113,-0.624276798595714,0.0592497202981612,-10.5363670149695,5.87237947622581e-26,1.51637184318715e-25
"FGLBJAKE_01519",593.338275497137,-0.987664055676131,0.09377897116249,-10.5318286544732,6.16255113182308e-26,1.58987180905382e-25
"FGLBJAKE_00761",1010.03182499556,0.828714562512222,0.0787440660608615,10.5241525357823,6.68603790899119e-26,1.72337873994984e-25
"FGLBJAKE_02271",499.36370120165,-1.01399786066387,0.0964111536242222,-10.5174331241392,7.1803104756492e-26,1.84912296657848e-25
"FGLBJAKE_02891",2006.49895604214,-0.758114203900927,0.0721373168902763,-10.5093207868273,7.82551019638978e-26,2.01347504963511e-25
"FGLBJAKE_01039",1266.66961838512,0.886471063023954,0.0843828719445123,10.5053435916103,8.16250083624981e-26,2.09830298778014e-25
"FGLBJAKE_01116",12030.78441782,0.758903905324874,0.0724097309166741,10.4806894835473,1.05968339585981e-25,2.7216533330662e-25
"FGLBJAKE_00235",389.437508135141,-1.2757192055286,0.122109046853759,-10.4473766555269,1.50634262915712e-25,3.86538278231925e-25
"FGLBJAKE_02203",1462.17029277891,-0.779188488969475,0.0747491236785502,-10.4240484787525,1.92577193574369e-25,4.93726007433306e-25
"FGLBJAKE_00075",627.87492510159,-0.943461022483989,0.0905694315349497,-10.4169917652615,2.07409886485385e-25,5.31279869660424e-25
"FGLBJAKE_01782",2425.26646566394,-0.748117734121118,0.0718277861830113,-10.4154363356679,2.10828571288505e-25,5.39555934001036e-25
"FGLBJAKE_00359",57.0858734897033,4.88134428712848,0.468886769345275,10.4104969605871,2.220593903292e-25,5.67792426873772e-25
"FGLBJAKE_00814",1447.74074581518,0.913458976417213,0.0877758829851513,10.406719310038,2.31047075397291e-25,5.90248261948278e-25
"FGLBJAKE_02989",112.580880678926,2.02874834076379,0.195123906226243,10.3972310722987,2.55242460775875e-25,6.51480312850678e-25
"FGLBJAKE_01043",339.277091074045,-1.17972605598635,0.113636972904255,-10.3815336314909,3.00902040823359e-25,7.67340253173321e-25
"FGLBJAKE_00758",502.889667005181,-1.0432857294723,0.100501436761303,-10.3808041267128,3.03210384483895e-25,7.72541351956307e-25
"FGLBJAKE_02270",436.746517682367,-1.13914880907457,0.109806603803897,-10.3741375255442,3.25134961181536e-25,8.276686257181e-25
"FGLBJAKE_01927",951.702063630044,0.915909680733997,0.088359522975832,10.3657155435811,3.55090754405146e-25,9.0312462669061e-25
"FGLBJAKE_02829",17306.3383970603,0.583930877249272,0.0564009331405543,10.3532130540125,4.04672401268129e-25,1.02831872789089e-24
"FGLBJAKE_01292",1173.29666699951,-0.770496807588861,0.0744399312499922,-10.350584621059,4.15938121429821e-25,1.05601250970787e-24
"FGLBJAKE_01819",871.004306591431,-0.890280148940822,0.0860884333859183,-10.3414606809008,4.57510171139719e-25,1.16053330260861e-24
"FGLBJAKE_02256",724.38501994686,0.875457917678985,0.0847190365264896,10.3336623452422,4.96287680902012e-25,1.25778729710087e-24
"FGLBJAKE_00785",1616.40391529056,-0.820175734010959,0.0794902585097405,-10.3179402028295,5.84639126686201e-25,1.48039898686885e-24
"FGLBJAKE_01735",5312.08896829637,-0.636806037985735,0.0617448698240849,-10.3135052320952,6.12266047631717e-25,1.54898998318095e-24
"FGLBJAKE_01692",2139.48021917019,0.811527244231745,0.0787117840267174,10.3101111766986,6.34279036966878e-25,1.60326996679227e-24
"FGLBJAKE_01055",2359.84526455537,0.751987809966058,0.0731015855292149,10.2868878222283,8.0744025092287e-25,2.03917687271734e-24
"FGLBJAKE_02195",377.176828313049,-1.10266164739222,0.107494347273202,-10.2578570442384,1.09100976650117e-24,2.75290787438487e-24
"FGLBJAKE_02644",747.013491412825,-0.914797605451727,0.0892163436671171,-10.2536998026394,1.13898486724057e-24,2.87144079688543e-24
"FGLBJAKE_03053",285.743281811254,-1.32034067161004,0.12880064049442,-10.2510411946844,1.17075522725995e-24,2.94894874946984e-24
"FGLBJAKE_01021",1600.88113399643,2.44375257366888,0.238394749757886,10.2508657432714,1.1728824864328e-24,2.95172002277396e-24
"FGLBJAKE_00652",2598.29579724046,-0.759496304359105,0.0741315470896345,-10.2452509650281,1.24301872356802e-24,3.12549064876158e-24
"FGLBJAKE_00442",412.4510801639,1.07659509894542,0.105312220673748,10.2228885884066,1.56603387290776e-24,3.93424943246232e-24
"FGLBJAKE_02049",764.280612694134,1.0218264349344,0.100140911424236,10.2038859083831,1.90494750103947e-24,4.78150141308948e-24
"FGLBJAKE_00576",136.928872824377,-1.93447874406603,0.189597339468211,-10.2030901356101,1.92062502508775e-24,4.81664600532477e-24
"FGLBJAKE_02262",729.722407763152,0.937003734937029,0.091873838892499,10.1988089997351,2.00718711042988e-24,5.02934241968219e-24
"FGLBJAKE_01879",922.958317925232,-0.813905416986811,0.0798908293299249,-10.1877202153658,2.24978141760805e-24,5.63229250366336e-24
"FGLBJAKE_00873",1661.28594316163,0.816301439641525,0.0802718945195169,10.1692061029288,2.72117478818826e-24,6.80648941797482e-24
"FGLBJAKE_02219",799.946001799916,-0.945456158812876,0.0931231945838133,-10.1527461878677,3.2216783606366e-24,8.05139444214747e-24
"FGLBJAKE_00662",728.819690645107,0.916316377643271,0.0902756111429935,10.1502096307258,3.30652404023828e-24,8.25625550968274e-24
"FGLBJAKE_00348",54.9026518329207,3.53392155608237,0.348382848624964,10.1437874167183,3.53136639165403e-24,8.81002344584522e-24
"FGLBJAKE_02173",558.24749654212,-0.992781399102089,0.0983912244233573,-10.0901417267698,6.10812647077615e-24,1.52252866235999e-23
"FGLBJAKE_02387",4012.07316750161,0.574733368999845,0.0570090680942231,10.081437711803,6.67422949628372e-24,1.66219545687343e-23
"FGLBJAKE_00893",73.0555591466672,2.85475738888828,0.283244790801317,10.0787639582426,6.85834213522764e-24,1.70656928975275e-23
"FGLBJAKE_01872",1629.90627114907,-0.68311968854822,0.0678086152884666,-10.0742315064559,7.18200313917079e-24,1.78556029601876e-23
"FGLBJAKE_00885",436.132948040822,1.03973839836079,0.103214057290211,10.0736123126844,7.22737826876841e-24,1.79528825794645e-23
"FGLBJAKE_02490",58.563660291912,5.5208901368737,0.550215394478065,10.0340524679627,1.07991231913239e-23,2.68019689567055e-23
"FGLBJAKE_02665",513.231697346333,1.00848267206293,0.100530530841695,10.0316059571095,1.10701201496474e-23,2.7450841509997e-23
"FGLBJAKE_02978",161.23330476433,-1.65782553926603,0.165380450079859,-10.0243138682081,1.19184516656576e-23,2.95289914543965e-23
"FGLBJAKE_01020",118.192201964726,1.86635422072436,0.186232996175665,10.0216087323426,1.22492658132824e-23,3.03224719615621e-23
"FGLBJAKE_02042",1605.80851614167,-0.720433383195885,0.0719476131568272,-10.0133048420318,1.33226161368613e-23,3.29511177085536e-23
"FGLBJAKE_01877",1846.56500078921,-0.786079282073172,0.0785063554103472,-10.0129381623232,1.33721018391887e-23,3.30450736765505e-23
"FGLBJAKE_00583",332.993493135161,-1.1301394664537,0.113057236540012,-9.99617097534257,1.58403874835693e-23,3.9111059817679e-23
"FGLBJAKE_02220",2013.21381631982,-0.757082424644756,0.0757486950992765,-9.99465962618261,1.60838832389486e-23,3.96781806255263e-23
"FGLBJAKE_00787",8983.17022930522,0.530806516621837,0.0531138984051117,9.99374048150743,1.62337767715803e-23,4.00136144438438e-23
"FGLBJAKE_02165",168.516707395031,1.55532464992186,0.155903504522677,9.97620069339518,1.93743757311082e-23,4.77137582272537e-23
"FGLBJAKE_01244",160.231240576331,1.57004456126006,0.158065120348175,9.93289700979998,2.99427271894609e-23,7.36775667316015e-23
"FGLBJAKE_02929",1311.7655682598,0.730380109743466,0.0737086268394894,9.90901799505732,3.80366240587996e-23,9.35134795081181e-23
"FGLBJAKE_02300",3613.01366177764,-0.592637538902702,0.0598174229719296,-9.90744016472939,3.86419759349291e-23,9.49205460145181e-23
"FGLBJAKE_00092",5527.68158138822,-0.568853629031849,0.0574205163124295,-9.90680101057734,3.88899003072981e-23,9.54479705236334e-23
"FGLBJAKE_01421",83.5090451907034,2.285202147342,0.230814489951771,9.9006009017003,4.13781303562968e-23,1.01468213860066e-22
"FGLBJAKE_01180",5403.56787196602,-0.713420839758684,0.0720603479967945,-9.90032465275382,4.14925893638522e-23,1.01662149899157e-22
"FGLBJAKE_02074",654.709115311465,0.9005288192794,0.0910333923908945,9.89229112118065,4.49617948027192e-23,1.10068311978718e-22
"FGLBJAKE_00765",916.902253882121,-0.860681741129051,0.0870467113411091,-9.88758481358711,4.71259976526717e-23,1.15268184896833e-22
"FGLBJAKE_00256",10409.60213023,0.555618364704353,0.0563048831343209,9.86803157692149,5.72775534228891e-23,1.39979326987571e-22
"FGLBJAKE_02899",867.440476126804,-0.916262386321864,0.092902087766872,-9.8626673344643,6.04225295876066e-23,1.47539804617486e-22
"FGLBJAKE_00603",1437.72105237607,-0.870681110765459,0.0883499775782717,-9.85491037611298,6.52749042483807e-23,1.59253034643333e-22
"FGLBJAKE_02395",127.816970045975,-1.80345227334425,0.183260187830661,-9.84093869319124,7.50076881022959e-23,1.82843168452925e-22
"FGLBJAKE_02288",719.380747308078,0.837506425540384,0.0853284353850848,9.81509178928152,9.69497177954736e-23,2.36130075376433e-22
"FGLBJAKE_00500",870.586477531832,0.82145059768259,0.0839559390031894,9.78430599950034,1.31494258530198e-22,3.1999534209635e-22
"FGLBJAKE_02739",312.39527895897,1.17462428133713,0.120189671840173,9.7730883473842,1.4690432688307e-22,3.57193769426348e-22
"FGLBJAKE_00076",456.851134570799,-1.09400804043681,0.111943204265645,-9.77288480898492,1.47199841149917e-22,3.57609757789401e-22
"FGLBJAKE_01576",546.985237897608,-1.06309375951515,0.108884670525024,-9.76348419285362,1.61509063437267e-22,3.92041425944852e-22
"FGLBJAKE_00616",529.538472509126,0.980586976770035,0.100457136418383,9.76124755025955,1.65111453211317e-22,4.0044752449732e-22
"FGLBJAKE_02103",444.689650065866,-0.975328362815028,0.0999687075451996,-9.75633662537896,1.73302494871389e-22,4.19958996846856e-22
"FGLBJAKE_00952",130.281276751945,-1.76738650252756,0.181189252881242,-9.7543671847136,1.76699230969091e-22,4.27829477510672e-22
"FGLBJAKE_00644",1302.30738664265,-0.759101829322965,0.0778400377098683,-9.75207427509672,1.80736952285305e-22,4.37237374467985e-22
"FGLBJAKE_01497",146.784654689501,1.59110059535915,0.163450924071456,9.73442398321081,2.15032484224134e-22,5.19767333608209e-22
"FGLBJAKE_01635",127.95686376577,-1.79833945858651,0.185072335465457,-9.71695447654936,2.55303289119091e-22,6.16589624309469e-22
"FGLBJAKE_02340",153.006489327314,-1.64495699008679,0.169348136543582,-9.71346377740304,2.64202840477803e-22,6.3754740850815e-22
"FGLBJAKE_00239",3392.73684995406,0.587711032154931,0.0606654872213501,9.68773282922051,3.39991852514123e-22,8.197454564812e-22
"FGLBJAKE_02338",217.725979222844,1.37857821994542,0.142304044993246,9.68755470029577,3.40585201331489e-22,8.20487735646857e-22
"FGLBJAKE_00404",1621.49929264906,-0.734102247214185,0.0759125567811963,-9.67036651564901,4.02932428609351e-22,9.69872529165222e-22
"FGLBJAKE_00370",49.3920675591358,4.93748858505858,0.511063133989712,9.66121063461012,4.40625656238732e-22,1.05971392136411e-21
"FGLBJAKE_00096",4027.078438903,0.686264993835936,0.0711716875737763,9.64238754525184,5.29420372606505e-22,1.27220246728353e-21
"FGLBJAKE_02626",54.4468435437547,-3.26415257241009,0.338796552582217,-9.6345507282515,5.71414083508137e-22,1.37196664661853e-21
"FGLBJAKE_01262",369.368709586305,-1.06448812556274,0.110488321189813,-9.63439496681291,5.72281299234422e-22,1.37290188146889e-21
"FGLBJAKE_01037",5993.26706796112,-0.538089999335936,0.0559108523235901,-9.6240707657555,6.32762396981242e-22,1.51672988233869e-21
"FGLBJAKE_02890",726.465223945905,-0.87076363941089,0.0907139867179593,-9.59900089187127,8.07230828755175e-22,1.93331783486864e-21
"FGLBJAKE_02324",1172.87466081709,0.734620697290102,0.0765410721903311,9.59773199235249,8.17228303538996e-22,1.95563209356459e-21
"FGLBJAKE_00593",2184.16719171365,-0.623349184350696,0.0649999306078869,-9.58999768955231,8.80869853666149e-22,2.10617301117846e-21
"FGLBJAKE_00577",542.234747463138,-0.963096341104673,0.100581936860977,-9.57524155093421,1.01619485114635e-21,2.42771737505786e-21
"FGLBJAKE_02798",1251.41886303373,0.711415057112491,0.0743041321037526,9.57436735980075,1.02482793747673e-21,2.44630854842868e-21
"FGLBJAKE_00868",1341.62412340254,0.959065235929213,0.100196645922892,9.57182974634981,1.05030136932362e-21,2.50503413729137e-21
"FGLBJAKE_00090",3088.92388756701,-0.622662354913029,0.06506119329744,-9.57041092170575,1.06481603826611e-21,2.53754667825604e-21
"FGLBJAKE_01695",585.039749038088,-0.917298784066703,0.0958803017665796,-9.56712449966902,1.09920301984343e-21,2.61732351203813e-21
"FGLBJAKE_00545",105.04213579787,1.90246506127429,0.199479847997398,9.53712909034855,1.46841001024124e-21,3.49355163032561e-21
"FGLBJAKE_01516",305.937322353072,-1.14938628026741,0.120683249079961,-9.52399184667175,1.66651582486045e-21,3.96159344966826e-21
"FGLBJAKE_00866",429.06472885665,1.37370645772889,0.144335739439908,9.51743804451712,1.77500982292434e-21,4.21601506701203e-21
"FGLBJAKE_00441",527.980101081229,-0.957012602476827,0.100637473225935,-9.50950547345613,1.91571053331375e-21,4.54645092712115e-21
"FGLBJAKE_02432",10991.1825689346,0.544336611815131,0.0572679523570826,9.50508250096026,1.99889502743077e-21,4.73995405019475e-21
"FGLBJAKE_02773",85.7399043962093,-2.19476640989823,0.231300634971102,-9.48880408465992,2.3369992826997e-21,5.53712773163968e-21
"FGLBJAKE_02731",214.444335183968,-1.30037134098179,0.13724754428193,-9.47464195286878,2.67677113261985e-21,6.33693594328619e-21
"FGLBJAKE_02119",467.799152972541,-1.31388988613044,0.138811069568926,-9.46531058517661,2.92689934770577e-21,6.92338166691883e-21
"FGLBJAKE_02802",8304.71594579001,0.580499713087343,0.0613881745036138,9.45621396598412,3.19295144545104e-21,7.54649872880451e-21
"FGLBJAKE_02889",853.913610908117,-0.938976851496365,0.0993420981826308,-9.45195308609394,3.32566465521732e-21,7.85370601404649e-21
"FGLBJAKE_00047",675.78994462811,1.04566453504229,0.110658840326094,9.44944418322915,3.40634637051939e-21,8.03763503191521e-21
"FGLBJAKE_02758",2408.40746516599,0.615555496009781,0.0651874295834536,9.44285577669143,3.62755183363468e-21,8.55257093508292e-21
"FGLBJAKE_00857",1508.55476219748,0.673656001924681,0.0713692256303132,9.43902635870206,3.76259279612721e-21,8.86368171808983e-21
"FGLBJAKE_02193",2954.99293234183,0.577805259366584,0.0612826067564087,9.42853592477379,4.15852758939568e-21,9.78837697946207e-21
"FGLBJAKE_01580",122.665829669003,-1.91064126760555,0.202814586408492,-9.42063044596455,4.4838758605105e-21,1.05455476457506e-20
"FGLBJAKE_00400",6613.45886556765,-0.590825856395779,0.0628826974366854,-9.3956824449311,5.68480866818417e-21,1.3359067957777e-20
"FGLBJAKE_00953",112.48665548315,-1.88529598638232,0.201234746959083,-9.36864043050009,7.34728051646999e-21,1.72517027813192e-20
"FGLBJAKE_01439",298.414531147742,1.12684759916114,0.120382954615228,9.36052452577533,7.93418184495122e-21,1.86145621407264e-20
"FGLBJAKE_00631",3839.58849839025,-0.570183371326501,0.0609494635189154,-9.35501870577657,8.35849249329966e-21,1.95940517338852e-20
"FGLBJAKE_02431",5036.55715371592,0.576014680877369,0.0616551456638265,9.34252404524479,9.40644739260253e-21,2.20327056286387e-20
"FGLBJAKE_01411",177.001093702828,1.39094183980354,0.14911499858838,9.32798077303496,1.07906982782708e-20,2.52544518336729e-20
"FGLBJAKE_02914",393.961768748168,-1.08777424842224,0.116684426479232,-9.32236015759866,1.1378064086278e-20,2.66074501090015e-20
"FGLBJAKE_01727",77.1575018913736,-2.34836064164781,0.252048539581345,-9.31709680027688,1.19567120810714e-20,2.79378784723572e-20
"FGLBJAKE_01196",479.85545887452,-0.922433683090014,0.0995621168616484,-9.26490629334277,1.95248696718218e-20,4.55844642053745e-20
"FGLBJAKE_02116",869.438376947484,-1.04129301890217,0.11268303730802,-9.24090301236544,2.44425603893481e-20,5.70194144147618e-20
"FGLBJAKE_02831",4071.45867058343,0.597161064348216,0.0646665522723515,9.23446578430833,2.59578058216456e-20,6.05050559054416e-20
"FGLBJAKE_01747",2531.65967306072,0.709377331721831,0.076880334281826,9.22703235292153,2.78233589294937e-20,6.47914472429052e-20
"FGLBJAKE_02540",1081.72130631268,0.793260560764804,0.0859720271685526,9.22696122088149,2.78418362369478e-20,6.47914472429052e-20
"FGLBJAKE_00208",331.790901702402,-1.05080357731579,0.113927853787241,-9.22341238234995,2.87792496064453e-20,6.69187405897442e-20
"FGLBJAKE_00363",44.1178532822317,4.92402446516524,0.53427546266144,9.21626540855292,3.07628101739426e-20,7.14731741632265e-20
"FGLBJAKE_00188",234.917411722245,-1.2301154601937,0.133568853422329,-9.20959811120202,3.27348223926641e-20,7.59934406757001e-20
"FGLBJAKE_02481",41.3254054464619,4.16369208399288,0.453500543434558,9.18122843350841,4.26201236828605e-20,9.88621755161752e-20
"FGLBJAKE_00245",16979.3681239137,0.465500009680596,0.0507123459678862,9.17922452207942,4.34206996498026e-20,1.00637976446397e-19
"FGLBJAKE_01068",749.96717587683,-0.825303257605812,0.0899219646871594,-9.17799405825997,4.3919625649897e-20,1.01712332085257e-19
"FGLBJAKE_02902",530.11204414494,-0.901711745244597,0.0983711527954149,-9.16642450170236,4.88968361153834e-20,1.13147751204196e-19
"FGLBJAKE_00170",3147.7298134233,-0.627278764800385,0.0684916743312897,-9.15846737468088,5.26395813801105e-20,1.21710504333417e-19
"FGLBJAKE_01452",72.9357212951046,2.28883417202245,0.250243366679749,9.14643294002517,5.8844484961313e-20,1.35947789211265e-19
"FGLBJAKE_00788",10181.7148449194,0.492595508736079,0.0538786361333088,9.14268704792895,6.09194819106007e-20,1.40628587157483e-19
"FGLBJAKE_00211",3740.67031464671,0.566272737034246,0.0620220167585426,9.13018903011165,6.83797926631819e-20,1.57723534601914e-19
"FGLBJAKE_01920",3186.74653423496,0.542219376679075,0.0594328226055133,9.12323111890661,7.29172520391276e-20,1.68054677113435e-19
"FGLBJAKE_02064",1141.86152006393,-0.709474896093368,0.0778752941471699,-9.11039764103609,8.20805739382134e-20,1.89022090944251e-19
"FGLBJAKE_00908",456.849322742048,0.911726967037758,0.100254151400153,9.09415674368139,9.53232846189212e-20,2.19342770211993e-19
"FGLBJAKE_01863",405.930604003495,-1.03255446690686,0.113642797318395,-9.08596489414046,1.02782911591358e-19,2.36318470330851e-19
"FGLBJAKE_01268",188.172908731272,1.31343232749143,0.144595531087907,9.08349184521426,1.05146233210637e-19,2.4155897222012e-19
"FGLBJAKE_00837",6656.93519092098,-0.49815160551337,0.0549035062427778,-9.07322026594428,1.15550382083527e-19,2.65249040022409e-19
"FGLBJAKE_00015",143.307144811081,1.50791596434487,0.166935909426657,9.03290352281791,1.6717604526014e-19,3.8345088114736e-19
"FGLBJAKE_00343",41.6765387313473,4.8406740297227,0.537313390463316,9.0090329324357,2.07881461132653e-19,4.76436458768138e-19
"FGLBJAKE_02687",996.241583509972,-0.769446899852656,0.0855133111881311,-8.99797808273213,2.29912701854601e-19,5.26509247115635e-19
"FGLBJAKE_00684",332.41098981316,-1.05998058154982,0.117841182994481,-8.99499270640773,2.36247899987396e-19,5.40586357136764e-19
"FGLBJAKE_02842",9308.40334019274,0.507218534741675,0.0564424591124184,8.98647122605749,2.55295503384921e-19,5.83706664063853e-19
"FGLBJAKE_01664",367.510784633049,1.01130706567847,0.112590178150506,8.98219615859027,2.65415111741129e-19,6.06361709971386e-19
"FGLBJAKE_02671",25949.4106386986,-0.47635343706127,0.0532061379139553,-8.95297903094614,3.46015609566699e-19,7.89872011036293e-19
"FGLBJAKE_02417",9805.60997825707,0.484630750549302,0.0541346165606623,8.95232628102636,3.48068370621134e-19,7.93927378702492e-19
"FGLBJAKE_00670",1250.89900036525,0.657270584162718,0.073529426450866,8.93887815923495,3.93141021001102e-19,8.96024817095295e-19
"FGLBJAKE_02677",1220.85792514805,0.682078081309285,0.0764064430183153,8.92697074179706,4.37833162960037e-19,9.970939067727e-19
"FGLBJAKE_02247",179.90439616986,1.34351920810694,0.150571298875844,8.92281077560975,4.54601064780919e-19,1.03446038019031e-18
"FGLBJAKE_01501",110.651240788948,1.76060352487893,0.197535396707209,8.91285083193741,4.97368766079095e-19,1.13088436211339e-18
"FGLBJAKE_01541",1520.01905391499,0.601859318062918,0.0676684063413977,8.894244014355,5.8818325783349e-19,1.33631516443751e-18
"FGLBJAKE_00060",48.4718726010953,-3.07653667237232,0.34638655580371,-8.88180161967871,6.57860806974396e-19,1.49343756654377e-18
"FGLBJAKE_02715",1819.81621367127,0.595228134452903,0.0670955110217897,8.8713555555095,7.22608337352742e-19,1.63912893571569e-18
"FGLBJAKE_01663",667.47032648427,0.767272395058976,0.0864904099136416,8.87118462989223,7.23718489508493e-19,1.64035247543171e-18
"FGLBJAKE_02565",2873.77636894828,0.603480996915506,0.0680580349033991,8.86715283172782,7.50398867943322e-19,1.69948490659504e-18
"FGLBJAKE_02452",754.0138821387,0.762805749227322,0.0862183596799505,8.84737023597896,8.96057322210435e-19,2.02777066459275e-18
"FGLBJAKE_00863",2077.08674984105,1.76271081042206,0.199617688844404,8.83043391909044,1.04270415488006e-18,2.35777477665247e-18
"FGLBJAKE_02410",4543.76431211734,0.712784771209942,0.0807776549587943,8.82403396797719,1.10408712255685e-18,2.49461194200344e-18
"FGLBJAKE_02449",402.79005881657,0.972772885881613,0.110303719605706,8.81903973282959,1.15445472859232e-18,2.6063651924386e-18
"FGLBJAKE_00294",550.555062647102,0.819095591876478,0.0930589184931705,8.80190319358364,1.34515195687771e-18,3.03451077242271e-18
"FGLBJAKE_00689",6467.73385228246,-0.487374792355872,0.0555029791305746,-8.78105644039915,1.61946251347061e-18,3.65045903036434e-18
"FGLBJAKE_01553",416.190350862255,-0.896273841081353,0.102221827226887,-8.76793015147366,1.81980663985881e-18,4.09884348193904e-18
"FGLBJAKE_00947",185.146427828647,1.34527494576867,0.153447417099822,8.76700938467753,1.8347449856822e-18,4.12925378923308e-18
"FGLBJAKE_02238",1646.7278453352,-0.62896976144095,0.0718815084402003,-8.75009129732166,2.1318020782256e-18,4.79405256089232e-18
"FGLBJAKE_01191",256.265086423362,1.12877168486078,0.129159305721644,8.73937559941239,2.34402337744966e-18,5.26717997403465e-18
"FGLBJAKE_01889",1600.08754928004,0.803280446718323,0.0919170123573074,8.73919230093929,2.34782930217839e-18,5.27161048004741e-18
"FGLBJAKE_00171",156.550202782474,1.38222419131561,0.15827214708289,8.73321185560029,2.47540810378978e-18,5.55372590967355e-18
"FGLBJAKE_01874",441.837322715002,-0.868982443498579,0.0996349446772122,-8.72166333121201,2.74144425096234e-18,6.14579623811681e-18
"FGLBJAKE_02922",2578.05583039573,-0.534513060472858,0.06139137050805,-8.70664811763356,3.12992868441636e-18,7.01123541622184e-18
"FGLBJAKE_02858",3412.61672305521,-0.708188776877239,0.0815310282117884,-8.686125913163,3.75009234973992e-18,8.39389829684776e-18
"FGLBJAKE_00958",747.592105379463,0.732982641179902,0.0844476350604577,8.67972964139428,3.96710703518551e-18,8.8727358903682e-18
"FGLBJAKE_01019",112.575547810786,1.61325748443213,0.185979625708054,8.67437752006543,4.15818710632893e-18,9.29286916297771e-18
"FGLBJAKE_02498",44.7581407728993,2.94320457677324,0.339805236525474,8.66144561769457,4.65818738415168e-18,1.04021993333737e-17
"FGLBJAKE_01283",820.792066693215,0.717495928000118,0.0833160907786788,8.61173299532353,7.19642992887716e-18,1.60578723723548e-17
"FGLBJAKE_01694",1596.57209140061,-0.627914146025163,0.0732369439585706,-8.57373494967742,1.00181844185927e-17,2.23368983855977e-17
"FGLBJAKE_02592",331.079951874624,1.02335750774431,0.119709778819532,8.54865423556646,1.2453196847728e-17,2.77445641398219e-17
"FGLBJAKE_00957",207.621883074849,-1.21085372954303,0.141722453442502,-8.54383832717295,1.29835652542869e-17,2.89037695901011e-17
"FGLBJAKE_00656",14805.7238579325,-0.506070354100798,0.0593226291345072,-8.53081465680393,1.45320698871178e-17,3.23259820863595e-17
"FGLBJAKE_02639",87.4281809326167,-2.00012787629544,0.234930046146787,-8.5137167812317,1.68445141737903e-17,3.74409386971951e-17
"FGLBJAKE_00763",2675.138242661,0.515766032219526,0.0605819303082793,8.51352919253284,1.68717994919132e-17,3.74726056721473e-17
"FGLBJAKE_02770",6442.76761333947,0.55690857637054,0.0654396111203885,8.51026720415562,1.73532981631385e-17,3.85122617149498e-17
"FGLBJAKE_02278",1150.09166182671,-0.638604436333744,0.0750632931786389,-8.50754622254536,1.77652919714278e-17,3.9396179881083e-17
"FGLBJAKE_00101",226.869406894489,-1.13547658126289,0.133488718916062,-8.5061613481876,1.79786720070186e-17,3.98386301836326e-17
"FGLBJAKE_02877",1558.21068844405,0.566799549062361,0.0666474965223919,8.50443870568989,1.82476270705982e-17,4.04034516185665e-17
"FGLBJAKE_03082",1018.11467692023,0.708160396012949,0.0832940404555272,8.50193353738258,1.86458562944829e-17,4.12534187762462e-17
"FGLBJAKE_01243",154.409829978791,1.40319452874586,0.165090928004176,8.49952535678014,1.90367471973935e-17,4.20858549579299e-17
"FGLBJAKE_01367",64.0344743875463,2.17840077597965,0.256520399474034,8.49211517074746,2.02909779745701e-17,4.48241896225322e-17
"FGLBJAKE_01975",2930.65947942629,-0.586408119920102,0.069086604905381,-8.48801472764843,2.10196937243228e-17,4.63983101103716e-17
"FGLBJAKE_01408",276.526337099835,1.06770009592648,0.125828946525478,8.48532969089345,2.15107965266135e-17,4.74459165138045e-17
"FGLBJAKE_01121",76.2349128954594,1.9758414572023,0.233037092577989,8.47865648916409,2.2780918640944e-17,5.02088651641663e-17
"FGLBJAKE_02406",553.858242797856,0.840119387445732,0.099262426941696,8.46361924980129,2.59205109925489e-17,5.70847115651996e-17
"FGLBJAKE_01911",397.180403556472,-1.02378494518112,0.121022672204654,-8.45944752773154,2.68647192805078e-17,5.91188386004437e-17
"FGLBJAKE_03040",98.4373722362705,1.71286042086887,0.202485408664023,8.45917951407041,2.69265271432109e-17,5.92095172223321e-17
"FGLBJAKE_02109",383.351222366961,-0.962215493049109,0.113812408911467,-8.45439879756524,2.80528984287014e-17,6.16391667309541e-17
"FGLBJAKE_01841",2358.33841172715,-0.533206521545357,0.0631083994302305,-8.44905791240743,2.93662785479679e-17,6.44756948409929e-17
"FGLBJAKE_02422",7878.23889113623,0.538523272064774,0.06377611644939,8.44396463826898,3.06752027573938e-17,6.72981165837785e-17
"FGLBJAKE_00544",137.645619344879,1.41931620749017,0.168202501229104,8.43813972514567,3.2242805402321e-17,7.06833125295733e-17
"FGLBJAKE_01779",7548.56220414006,0.518754988769926,0.0614887156542586,8.43658845773921,3.26734414220714e-17,7.15727672614582e-17
"FGLBJAKE_00187",6412.16923218746,-0.69935901709293,0.0829469802924088,-8.43139816093985,3.41559461978117e-17,7.47632820811201e-17
"FGLBJAKE_00738",1053.76306636333,-0.71667685965011,0.0851289755599428,-8.41871824412439,3.80625575816017e-17,8.32509821077042e-17
"FGLBJAKE_02709",674.567982532986,0.726099104250679,0.0863281691973653,8.41091744446307,4.06815996044211e-17,8.89117241544535e-17
"FGLBJAKE_02448",34.716629687552,3.89417780309291,0.464619747066368,8.38142982015064,5.2288575926176e-17,1.14192528276466e-16
"FGLBJAKE_02065",9091.63719585523,-0.473324147964233,0.0565829004858373,-8.36514466208225,6.0041213787652e-17,1.31023878835013e-16
"FGLBJAKE_02501",156.266342976402,1.35741008288377,0.162294865892679,8.36385104000385,6.07035538255475e-17,1.32368750906391e-16
"FGLBJAKE_02581",93.2326552237548,-1.8232168997146,0.218032989850413,-8.3621148385181,6.1603834730787e-17,1.34230038678e-16
"FGLBJAKE_02341",142.904377690526,-1.51181703290756,0.181292075582113,-8.33912363821334,7.48431268859222e-17,1.62953898992531e-16
"FGLBJAKE_00182",124.288269292364,-1.52305595342241,0.182676882393962,-8.33743128009911,7.59217449131215e-17,1.65177210356027e-16
"FGLBJAKE_02640",58.7905977848074,-2.33549959101647,0.28049986230996,-8.32620583761886,8.34746090578303e-17,1.81472032096978e-16
"FGLBJAKE_02843",1900.94686787279,0.59384829228441,0.0714612085705453,8.31007905076463,9.56383403725501e-17,2.07758571602955e-16
"FGLBJAKE_02392",129.178945204433,-1.48966301094362,0.1794809373275,-8.29983971069542,1.04251954364319e-16,2.26299181905629e-16
"FGLBJAKE_00293",660.754865008904,-0.791887858889571,0.0955086056351647,-8.29127232696202,1.12043427991119e-16,2.42845257953601e-16
"FGLBJAKE_02801",936.859403058664,0.657315973204223,0.0792772496633801,8.29135692768428,1.11963751168023e-16,2.42845257953601e-16
"FGLBJAKE_00602",2067.0013598265,-0.585252868270863,0.0706108027186403,-8.28843244571081,1.14750706104532e-16,2.48525643816447e-16
"FGLBJAKE_00079",7376.35171983109,-0.505249966044339,0.0609854232092306,-8.28476608764217,1.1834144519567e-16,2.5610942281051e-16
"FGLBJAKE_01502",94.4222430937647,1.72361069700664,0.208305562818804,8.27443431506403,1.29066897010126e-16,2.79110806626865e-16
"FGLBJAKE_02212",6665.55427518322,0.480777466853059,0.0581349382440351,8.27002627636556,1.33929493012658e-16,2.89408543547653e-16
"FGLBJAKE_02364",483.222061671814,-0.799772035084201,0.0970145697632989,-8.24383427185758,1.66778116949978e-16,3.60120441858931e-16
"FGLBJAKE_00835",630.871740937674,-0.778257113538249,0.0945258953689858,-8.23326888891441,1.82172656711484e-16,3.93066227769374e-16
"FGLBJAKE_02433",16847.4638751554,0.467341936356206,0.0568688223900313,8.21789368436311,2.07108441421576e-16,4.46533878953945e-16
"FGLBJAKE_01517",124.87052077446,-1.46903407247807,0.178790477819388,-8.2165118097736,2.09507846487743e-16,4.51368478864899e-16
"FGLBJAKE_01833",8721.26021502982,-0.497104876517795,0.060686588134603,-8.19134658575986,2.58319537433463e-16,5.56112622160128e-16
"FGLBJAKE_00453",518.096554990071,-0.844970043899872,0.103385183972477,-8.17302839181304,3.00743172250261e-16,6.46957991801833e-16
"FGLBJAKE_01753",202.185426134815,-1.24257346922282,0.152149683838988,-8.16678311693224,3.16721559781065e-16,6.80821064181586e-16
"FGLBJAKE_00504",324.509732522477,0.944959848377608,0.116273107781165,8.12707139604541,4.39786367220438e-16,9.44653228244799e-16
"FGLBJAKE_02260",210.444026339611,1.12858264117187,0.138876500313549,8.12651988366501,4.4179106073537e-16,9.48250566507432e-16
"FGLBJAKE_00831",64.5627360979203,-2.10334712088044,0.25915666668342,-8.11612198828688,4.81316882942442e-16,1.03231695640043e-15
"FGLBJAKE_02637",3711.96050255412,-0.469671814796387,0.0578711844706371,-8.11581478921847,4.82536155654703e-16,1.03416026200717e-15
"FGLBJAKE_01444",112.92411979301,1.4937704457289,0.184067508653957,8.11534016325044,4.84425932108835e-16,1.03743675773531e-15
"FGLBJAKE_02227",1963.78523069677,0.561010022621024,0.0692230093944609,8.10438649704118,5.30123332834542e-16,1.13445603765188e-15
"FGLBJAKE_01896",1968.70286439431,0.536255793415631,0.0662037541727718,8.10008133400057,5.49224563477303e-16,1.17445788350727e-15
"FGLBJAKE_02886",1102.75543551751,-0.682393896924224,0.0842528378043972,-8.09935801223077,5.5249968819934e-16,1.1805829768661e-15
"FGLBJAKE_02673",3584.40808196366,-0.525768157455264,0.0649846948061689,-8.0906459439947,5.93491396589109e-16,1.26723200133514e-15
"FGLBJAKE_00048",1669.68921501045,-0.558278143855663,0.0691675267562601,-8.07139086847767,6.95018281678017e-16,1.48291205756691e-15
"FGLBJAKE_02925",7265.29993829982,-0.491586810873907,0.061012641482059,-8.05713043941001,7.81062910417959e-16,1.66526320811663e-15
"FGLBJAKE_01942",131.837345851821,1.45822755728869,0.181044049043976,8.05454564780797,7.97745813440411e-16,1.69957113997609e-15
"FGLBJAKE_00440",741.753063302882,0.750050607837528,0.0931567782721459,8.05148719985086,8.17939716919002e-16,1.74130277512979e-15
"FGLBJAKE_01246",86.3400375137057,1.76503259540504,0.219308165117148,8.04818459204294,8.40311432471119e-16,1.78760551955736e-15
"FGLBJAKE_02777",1658.97514060666,-0.601726852110386,0.0747821215180686,-8.04639985995848,8.52650935323816e-16,1.81251389653894e-15
"FGLBJAKE_01644",98.4450031815052,-1.65406701647499,0.205686401516296,-8.0416935892767,8.86052267608594e-16,1.8821243289779e-15
"FGLBJAKE_01131",3056.24535160239,0.514847856517249,0.0641055013317607,8.03125856317374,9.64777812921721e-16,2.04783710069204e-15
"FGLBJAKE_02932",66.7438055913204,1.96552398460372,0.245236239705694,8.014818637582,1.10299651406395e-15,2.33949223721017e-15
"FGLBJAKE_01195",438.00229796832,-0.872520090238347,0.109005146801561,-8.00439351571839,1.20056891925068e-15,2.54456863858883e-15
"FGLBJAKE_00403",2345.91693209366,-0.693497371942387,0.0868557916476389,-7.98446895465305,1.41128533610274e-15,2.98897130137013e-15
"FGLBJAKE_00402",2124.95263106344,-0.789333970599301,0.0989140997152567,-7.97999448887015,1.46339824533391e-15,3.09705932039003e-15
"FGLBJAKE_01574",198.432374332807,-1.11809520227195,0.140222122285333,-7.97374325854785,1.53939166851512e-15,3.25549054842713e-15
"FGLBJAKE_02097",1604.55391827145,-0.559556475613224,0.0704536872046098,-7.94218866059026,1.98644488868735e-15,4.1978254485937e-15
"FGLBJAKE_01544",501.214094127449,-0.782467226731857,0.0986081886084439,-7.93511408914425,2.1030191402452e-15,4.44090889718201e-15
"FGLBJAKE_02779",285.8286634156,-0.96219221886327,0.121407375838192,-7.92531929975697,2.27560840175576e-15,4.80183446890313e-15
"FGLBJAKE_00755",1532.01114564348,0.551844438969332,0.0698829443546243,7.8966970276606,2.86391386366561e-15,6.03880296711296e-15
"FGLBJAKE_00283",1679.1180633816,0.556720480746771,0.0705525516273125,7.89086245509018,3.0010526860004e-15,6.32333241903603e-15
"FGLBJAKE_02080",112.682249855964,-1.47066123188998,0.186550319984153,-7.88345595984457,3.18448433388168e-15,6.7049142678212e-15
"FGLBJAKE_02750",606.087552415602,-0.722372768424954,0.0916869034339559,-7.87869086390615,3.30828855642942e-15,6.96048412238519e-15
"FGLBJAKE_01098",2017.35572664244,-0.763523908303653,0.0969679121025721,-7.87398523643576,3.43519497354158e-15,7.22220216090599e-15
"FGLBJAKE_00193",123.052456755091,1.42107820398329,0.180515524585077,7.87233235063686,3.48089962246893e-15,7.31294262790621e-15
"FGLBJAKE_02652",5501.93660128425,-0.606755919684314,0.0771738964525647,-7.86219107204545,3.77471647950065e-15,7.92442305484652e-15
"FGLBJAKE_01876",4880.48815530726,-0.516662596540787,0.0659323865914108,-7.83624897036707,4.64205012211796e-15,9.73814018318761e-15
"FGLBJAKE_02344",122.318836141933,-1.42163483525777,0.181460338160122,-7.83441081214841,4.71046295308945e-15,9.8744496915967e-15
"FGLBJAKE_00384",47.6787840084341,2.38707254530097,0.305099771230799,7.8239080143237,5.12082314003033e-15,1.07268554697137e-14
"FGLBJAKE_00054",15667.0193459924,-0.452325951274773,0.0578684502556665,-7.81645178463166,5.43331156834251e-15,1.13731518189486e-14
"FGLBJAKE_00882",2228.1472117208,0.650247850080675,0.0832246742400807,7.81316185395795,5.57709034061881e-15,1.16656169133468e-14
"FGLBJAKE_02681",1812.13412615807,-0.705297682746561,0.0903445289195491,-7.80675588418443,5.86787680188632e-15,1.22649294026337e-14
"FGLBJAKE_01829",5599.12903606278,-0.58951104476487,0.0755718183323609,-7.80067302565397,6.15778736650808e-15,1.28615413454536e-14
"FGLBJAKE_01100",4649.71625826656,-0.447457882048737,0.0574165141938446,-7.79319135498314,6.53375566234644e-15,1.36369017963571e-14
"FGLBJAKE_00700",1311.47459319693,0.752452341732173,0.0965628411242448,7.79235918259709,6.57694518375699e-15,1.37170830610432e-14
"FGLBJAKE_00595",240.57842653698,1.05210266975708,0.135176861598206,7.78315650561787,7.07370359617256e-15,1.4742439547063e-14
"FGLBJAKE_01982",362.139023411788,-0.885899556969264,0.113919265788171,-7.77655606222536,7.45255650349497e-15,1.55207589790178e-14
"FGLBJAKE_01931",570.762840864899,0.711488090023781,0.091526040288394,7.77361380195099,7.62780618751798e-15,1.58742324278977e-14
"FGLBJAKE_01166",4039.38116240267,-0.54370253043788,0.070003057095052,-7.76683980671911,8.04685077144304e-15,1.67341889414814e-14
"FGLBJAKE_02761",1425.28491467527,0.575906578687092,0.0741941387101611,7.76215734421916,8.34967250273869e-15,1.73513801683811e-14
"FGLBJAKE_01041",2737.87989524369,-0.496581391264609,0.0639839437045345,-7.76103132307264,8.42415060715666e-15,1.74935035006996e-14
"FGLBJAKE_00547",288.849958047679,0.93094174799679,0.119959716751725,7.76045303544283,8.4626538464965e-15,1.75607705089032e-14
"FGLBJAKE_02563",532.792382272006,0.754567697859972,0.0974781189320581,7.74089309607937,9.87208804424423e-15,2.04706933904458e-14
"FGLBJAKE_02427",2681.54174556987,-0.566905951685312,0.0733100516735309,-7.73299075289013,1.05048930579264e-14,2.17671684560061e-14
"FGLBJAKE_02915",1432.58308275946,0.537108556183322,0.0695141051938244,7.72661252972639,1.10446168302161e-14,2.2869040900606e-14
"FGLBJAKE_01291",279.195497661244,-0.992826471832376,0.128663981895995,-7.71642892752162,1.19634237075836e-14,2.47536931141795e-14
"FGLBJAKE_00781",474.68228037423,0.76952337920505,0.0997440428632822,7.7149808360969,1.2100041293e-14,2.50183587597711e-14
"FGLBJAKE_01058",2557.9921845255,0.531616810083553,0.0689093393149167,7.71472800884153,1.21240507311578e-14,2.5049979727784e-14
"FGLBJAKE_00042",384.133717553852,0.810553834573742,0.105184617356869,7.70601115392861,1.29811288280412e-14,2.6801554778585e-14
"FGLBJAKE_01894",780.532001637089,-0.65020584199575,0.0844025206284876,-7.70363061617253,1.3225378951926e-14,2.72862448728178e-14
"FGLBJAKE_00237",946.719174790762,-0.638947837736164,0.0829504904934005,-7.70276141751083,1.33156835944664e-14,2.74528512557364e-14
"FGLBJAKE_00067",3397.96155127816,-0.469499442390656,0.0611634896562982,-7.67613890294617,1.63955342327233e-14,3.37783264407504e-14
"FGLBJAKE_02098",966.610837047505,-0.629346201424182,0.0820011707156489,-7.67484410200108,1.65619952511542e-14,3.4096829764912e-14
"FGLBJAKE_02684",662.873654087032,0.703799911300288,0.0917381169977823,7.67183733798789,1.69549884729653e-14,3.4880914009522e-14
"FGLBJAKE_01186",1599.74190087135,-0.555275875249956,0.0724322031716741,-7.66614642293673,1.77240845335279e-14,3.64370664873813e-14
"FGLBJAKE_02482",45.7427406243174,2.38384282933538,0.311058791901852,7.66364073736758,1.80735014211644e-14,3.71288370867952e-14
"FGLBJAKE_01054",646.452276375212,0.769697207401005,0.10047088767013,7.6608978506103,1.84637674739077e-14,3.79034769428648e-14
"FGLBJAKE_02474",47.4239367510732,2.33797726289818,0.305249131763541,7.65924295800872,1.87032279646701e-14,3.83676496577173e-14
"FGLBJAKE_02405",6261.71067640964,0.480805818145965,0.0627881664476212,7.65758653817451,1.89459682174601e-14,3.88378834928534e-14
"FGLBJAKE_01374",697.796689482329,0.657735333812614,0.0862768788036982,7.62354112634428,2.46809616787937e-14,5.05581495829316e-14
"FGLBJAKE_01164",9464.51564396386,-0.414567611830426,0.0543861159690849,-7.62267362622624,2.48474564936298e-14,5.08629558138831e-14
"FGLBJAKE_01340",2115.88520794322,-0.630718151177408,0.0827467597903586,-7.6222700777088,2.49252834851487e-14,5.09859535489803e-14
"FGLBJAKE_01399",269.971999345138,0.968456946197784,0.127099186275095,7.61969430788995,2.54277175806167e-14,5.19767143148594e-14
"FGLBJAKE_00272",87.9043132704344,1.57556709433155,0.206792641683988,7.61906749438051,2.5551484127202e-14,5.21925837822164e-14
"FGLBJAKE_02495",31.8272850675895,5.31156786993767,0.698846632251839,7.60047716452839,2.95040825530913e-14,6.02235321431707e-14
"FGLBJAKE_01406",59.7875363509486,2.01711181262203,0.265680104508407,7.5922576752758,3.14379047647159e-14,6.41252933241969e-14
"FGLBJAKE_00905",31.4750483483153,-3.66204562027148,0.482859566097776,-7.5840800874388,3.34854285374154e-14,6.82532777422211e-14
"FGLBJAKE_02472",40.736031437105,2.60166914276236,0.34312415953544,7.58229658408429,3.39491107681563e-14,6.91493581486046e-14
"FGLBJAKE_00861",1139.36807587008,1.5205676200476,0.200690882786983,7.5766651625204,3.54550263984732e-14,7.21655424002918e-14
"FGLBJAKE_02833",1458.18321792439,0.511468598368638,0.0675294014906811,7.57401349750183,3.61866793787084e-14,7.36026302437423e-14
"FGLBJAKE_01454",2485.94390524778,0.467724985476067,0.0619001199929017,7.55612405161254,4.1525782014956e-14,8.44024734872585e-14
"FGLBJAKE_01648",822.13235278213,0.610972781615214,0.080912064478833,7.55107146938572,4.31691853084649e-14,8.76807339763451e-14
"FGLBJAKE_02339",209.285699786574,-1.02880295808664,0.136283347173068,-7.54899978190399,4.38613608295797e-14,8.90236942261384e-14
"FGLBJAKE_00917",1336.76294003122,-0.623611903997387,0.0828079398738704,-7.53082258714861,5.04216584185484e-14,1.02266652289985e-13
"FGLBJAKE_02328",968.885717456421,0.581521131626642,0.0774031003775061,7.51289197448783,5.78352510291369e-14,1.17220388898265e-13
"FGLBJAKE_02654",689.293305857195,-0.67445555456024,0.0900720927895399,-7.48795252416478,6.99563209564068e-14,1.41687432296486e-13
"FGLBJAKE_02954",3481.91987156437,0.447930081048462,0.0599355899551587,7.47352418460525,7.80750821876551e-14,1.58019567751634e-13
"FGLBJAKE_01247",58.5314975960142,1.9529814210075,0.261600446915222,7.46551255564337,8.29759782868521e-14,1.67820521883472e-13
"FGLBJAKE_02113",531.328417296972,0.735057511442418,0.0986624221580611,7.45022770943963,9.31792643380768e-14,1.8832433594067e-13
"FGLBJAKE_02059",574.161466562663,0.675116800484297,0.0906532757297922,7.4472410958055,9.53123467896466e-14,1.92500129777543e-13
"FGLBJAKE_02766",5142.31101799131,0.503603826067688,0.067655669461059,7.44363081585572,9.79550077720762e-14,1.97698519899541e-13
"FGLBJAKE_01676",82.8623362203369,-1.72471565984307,0.231917144705178,-7.43677515534955,1.03172937076119e-13,2.08083523618783e-13
"FGLBJAKE_01504",190.980003558548,1.0512856957338,0.142044511954281,7.4011004104979,1.35060553623751e-13,2.72204790402988e-13
"FGLBJAKE_02903",1038.21334870072,-0.684978713021969,0.092752132213716,-7.38504546120478,1.52401307146411e-13,3.06938582157524e-13
"FGLBJAKE_02547",1140.68124103518,-0.57834228618386,0.0784607866955968,-7.37109976258135,1.69226143037643e-13,3.40585388718618e-13
"FGLBJAKE_02984",370.072187395962,0.815965806285029,0.110984035239039,7.3521007280695,1.95115675368615e-13,3.92415990909307e-13
"FGLBJAKE_02660",124.085442137843,1.29857453004174,0.176631491349187,7.35188566955229,1.95429940825235e-13,3.92773181770438e-13
"FGLBJAKE_02562",682.559160439688,0.634873444109581,0.0864305487176901,7.34547510722489,2.05029486648028e-13,4.1177829813168e-13
"FGLBJAKE_01080",296.518670074745,-0.877844879838803,0.119593988979896,-7.34020904668021,2.13260495437545e-13,4.28010240144905e-13
"FGLBJAKE_02941",68.4564311043895,1.89958830522657,0.258883382533798,7.33762162188443,2.17422798160177e-13,4.36059401194939e-13
"FGLBJAKE_02876",8841.93716713536,0.452341465158723,0.0616850066221571,7.33308610841978,2.24912321540867e-13,4.50765698820399e-13
"FGLBJAKE_00886",88.1423659046266,1.53095113347759,0.208836746208788,7.33085130500453,2.28695299240491e-13,4.58028076667019e-13
"FGLBJAKE_02992",176.532423403777,1.07504633165359,0.146774778709663,7.32446228912499,2.39858498237832e-13,4.80051061236441e-13
"FGLBJAKE_00742",5406.03542844556,-0.43105573369899,0.0589948725774626,-7.30666437380632,2.73855444916271e-13,5.47710889832541e-13
"FGLBJAKE_00619",24123.7541632484,0.450265483507311,0.061626442059586,7.30636831300359,2.74459221517654e-13,5.48536719500513e-13
"FGLBJAKE_01853",58.4670381076208,-1.95155561629495,0.267449045800792,-7.29692495425297,2.94418898233967e-13,5.88019397862696e-13
"FGLBJAKE_01881",2511.39477314097,-0.503665389568848,0.0691079384345021,-7.28809744550842,3.14362576618948e-13,6.27415309168651e-13
"FGLBJAKE_00944",50.105062951341,2.14798425956398,0.295164890957595,7.27723494686424,3.40731561076147e-13,6.7957148267373e-13
"FGLBJAKE_02146",162.357097515402,-1.17216410295986,0.161159156932266,-7.27333230870966,3.50726107234239e-13,6.99019994584746e-13
"FGLBJAKE_01380",730.047531547652,0.746982028287956,0.102849703822872,7.26285055302062,3.79016624361029e-13,7.54881343321966e-13
"FGLBJAKE_00996",236.641244681019,0.925519927477174,0.127540332812334,7.25668427444837,3.96694178954288e-13,7.8954229246165e-13
"FGLBJAKE_01890",5182.83554854274,0.453334161757695,0.0625555885234421,7.24690107563791,4.26415167847418e-13,8.48108783663307e-13
"FGLBJAKE_02582",364.547664529438,0.888151980861139,0.12273971122407,7.23606053822106,4.61905206525344e-13,9.18060555708048e-13
"FGLBJAKE_01716",1692.31445770805,0.526904762911428,0.0728399097592176,7.23373717311271,4.69880729298375e-13,9.33266908088133e-13
"FGLBJAKE_02971",692.289727633043,0.617895678022692,0.0855459190366072,7.22297083228808,5.08639270634707e-13,1.00955059654983e-12
"FGLBJAKE_00747",1016.52144553289,-0.546273744536131,0.0756380539518952,-7.22220781729199,5.11502227997183e-13,1.01453236940228e-12
"FGLBJAKE_02022",108.495659295361,-1.39143606415796,0.192976015712768,-7.21040932998127,5.57839312548308e-13,1.10567598914747e-12
"FGLBJAKE_02584",369.104575293433,0.774248485692453,0.107539898666469,7.19963934589294,6.03720307090462e-13,1.19579060136319e-12
"FGLBJAKE_01489",2004.28979646964,-0.467348177993393,0.0651867109908082,-7.16937809700649,7.53392192942918e-13,1.49121843148619e-12
"FGLBJAKE_02585",201.201255209502,-1.00027627673065,0.139775821875096,-7.15628971671866,8.28898701136445e-13,1.63954223473238e-12
"FGLBJAKE_01912",667.001726134775,-0.622034994862583,0.0869240463451783,-7.15607499899926,8.30197351890173e-13,1.64098156075128e-12
"FGLBJAKE_03005",289.376251538928,0.921934436070579,0.128848175854016,7.15519975319734,8.35511686011383e-13,1.65035091793589e-12
"FGLBJAKE_00091",5443.32903557257,-0.432374166781975,0.0604531740595216,-7.15221613270899,8.53879817885307e-13,1.68547431085328e-12
"FGLBJAKE_01820",993.435675655512,-0.587310605186438,0.0821516578466936,-7.14910228935905,8.73472266307544e-13,1.72296451157713e-12
"FGLBJAKE_02708",292.261081922653,0.89145046244117,0.124890620988443,7.13784954695409,9.4802311863051e-13,1.86873692931693e-12
"FGLBJAKE_01045",1049.82105819212,0.535740091245597,0.0750628800601483,7.13721736784288,9.52391777844668e-13,1.87606166519916e-12
"FGLBJAKE_01668",294.163190147591,0.873333409141885,0.122525532583996,7.12776668441072,1.02010497948737e-12,2.00806966510047e-12
"FGLBJAKE_02645",87.922754208123,1.63497696881304,0.229796950546299,7.11487669843397,1.12012929519241e-12,2.20345762791444e-12
"FGLBJAKE_02632",13719.242643435,0.409173278851905,0.0575552555918572,7.10922529392423,1.16696122154144e-12,2.2932443233817e-12
"FGLBJAKE_02875",2741.46547873892,0.510249159653402,0.0717733077369457,7.109177154319,1.16736828291838e-12,2.2932443233817e-12
"FGLBJAKE_02343",39.2290660998305,-2.52506123276047,0.355274565395798,-7.10735154920927,1.18290858980354e-12,2.32218530539301e-12
"FGLBJAKE_02924",5179.08453128381,-0.479902583443888,0.0675666366075386,-7.10265609684564,1.22381676859145e-12,2.40085282793982e-12
"FGLBJAKE_02560",1412.8853793239,-0.485908032631628,0.068462837075996,-7.09739843372623,1.27127166655112e-12,2.49224745543515e-12
"FGLBJAKE_01097",4016.09914103419,-0.521515192828675,0.0734919547014259,-7.09622155169805,1.28213882405902e-12,2.51183843241011e-12
"FGLBJAKE_02306",1223.28680406848,-0.558453414027261,0.0787463988692094,-7.09179622238727,1.32382350353456e-12,2.59173620514873e-12
"FGLBJAKE_02868",10607.2579628061,-0.48920618481406,0.0690396226266679,-7.08587570733757,1.38167778574119e-12,2.70315994296812e-12
"FGLBJAKE_02060",79.6811256941424,-1.5898297411049,0.22452815927327,-7.08075880660445,1.43367242680643e-12,2.80297588751136e-12
"FGLBJAKE_02772",124.738987681134,-1.25238532863699,0.17698906584328,-7.07606044853613,1.48310188667006e-12,2.89764433874218e-12
"FGLBJAKE_02301",2229.28893586815,-0.470250706634862,0.0665398291464062,-7.06720640355386,1.58083736190376e-12,3.08649903404307e-12
"FGLBJAKE_00680",113.219366265995,1.26493399462433,0.179079030933564,7.06355170691986,1.62299768133738e-12,3.16666350045053e-12
"FGLBJAKE_01093",63.5545957309823,-1.84566547512609,0.261921391046823,-7.04663894670651,1.83291092994712e-12,3.57380326503937e-12
"FGLBJAKE_00574",341.470178012437,-0.803044911557712,0.114081754483407,-7.03920548201696,1.93339076520002e-12,3.76716275198973e-12
"FGLBJAKE_02071",302.680305272735,-0.894414869973262,0.127068080260544,-7.03886348278281,1.93814140829082e-12,3.77386070963945e-12
"FGLBJAKE_01069",1026.8590093891,-0.555408286470551,0.0791987250453413,-7.01284378192426,2.33522148635731e-12,4.54395839660861e-12
"FGLBJAKE_01551",344.941696384455,-0.828534623712214,0.118260858085858,-7.00599198350726,2.45241957246108e-12,4.76877797784381e-12
"FGLBJAKE_02869",339.145014787711,-0.788958035211625,0.112678651554369,-7.00184129227838,2.52620158763932e-12,4.9089272230395e-12
"FGLBJAKE_00855",1774.54457676077,0.586975316757626,0.0839387381483061,6.99290136719159,2.69258817594714e-12,5.22871514707574e-12
"FGLBJAKE_02647",2159.86051786549,-0.462476550522152,0.0661458653263633,-6.99176809072337,2.71443319231941e-12,5.26757663384605e-12
"FGLBJAKE_00578",64.2641204737857,-1.75213837935863,0.25066216577459,-6.99003925839475,2.74809334947745e-12,5.32929843886518e-12
"FGLBJAKE_01320",113.896086062344,1.27226957018478,0.182588819115037,6.96794894863305,3.2159487317691e-12,6.22819181610808e-12
"FGLBJAKE_02853",11798.6893165929,-0.357796625075532,0.0513485835170351,-6.96799406271511,3.2149179108692e-12,6.22819181610808e-12
"FGLBJAKE_00314",4430.09144145834,-0.428806264008388,0.0616041905692977,-6.96066712419555,3.38665134470731e-12,6.5543676529891e-12
"FGLBJAKE_01705",941.384738762921,0.657812181557744,0.094584249203619,6.95477510363929,3.53124909888709e-12,6.82961635948956e-12
"FGLBJAKE_02447",27.7975698880535,5.43774123180104,0.781914306433186,6.95439536923946,3.54077313693872e-12,6.84343106628238e-12
"FGLBJAKE_00364",23.6097222598002,4.16075291750756,0.599270651805572,6.94302800407699,3.83783304339249e-12,7.41258882171372e-12
"FGLBJAKE_02734",2364.26893940172,-0.437017532086302,0.0630738226147889,-6.92866729760937,4.24823577316892e-12,8.19975125056244e-12
"FGLBJAKE_02627",8112.43147473779,-0.39148253630974,0.0565068953105808,-6.9280489426648,4.26684141295833e-12,8.23013571868606e-12
"FGLBJAKE_01767",3973.54262531369,-0.419276107966079,0.060704459500931,-6.90684195877979,4.95561479301152e-12,9.55227157284716e-12
"FGLBJAKE_01192",1310.51054529055,-0.614692533882722,0.0890074761110167,-6.90607756494557,4.98237632669833e-12,9.59741927810388e-12
"FGLBJAKE_02330",969.047211578848,-0.729601806023637,0.105793001446161,-6.89650351204881,5.3298048334795e-12,1.02597850578835e-11
"FGLBJAKE_00998",13694.808968329,-0.62834870128501,0.0911951478972469,-6.89015496737825,5.57316426158237e-12,1.07210669931645e-11
"FGLBJAKE_02018",472.486861310269,0.67480953656397,0.0980481108196643,6.88243282734043,5.88389129235792e-12,1.13112398489877e-11
"FGLBJAKE_02520",4743.66248787526,-0.44199129340376,0.064279021860846,-6.87613595553152,6.14978121482383e-12,1.18144861038795e-11
"FGLBJAKE_00259",727.92663945244,-0.581370639102903,0.0846472598604089,-6.86815663096048,6.50367924585124e-12,1.2486021478007e-11
"FGLBJAKE_01012",257.495252265897,-0.853215096747874,0.124325358411961,-6.86276000042313,6.75426509878411e-12,1.29584498624202e-11
"FGLBJAKE_00255",458.654498115337,-0.681026041208459,0.0995709883676686,-6.83960310501038,7.94128862200022e-12,1.52256594393787e-11
"FGLBJAKE_00062",1248.82672748366,0.513803638308791,0.0752399592155878,6.82886651807679,8.55881624746012e-12,1.63986919301336e-11
"FGLBJAKE_02455",869.265459100288,-0.574807148991256,0.0841910492293579,-6.8274140095978,8.64589179373597e-12,1.65544923485657e-11
"FGLBJAKE_02315",1172.49406700459,0.517229891768559,0.0760499462767886,6.80118681328279,1.03760764805381e-11,1.98540904161561e-11
"FGLBJAKE_02428",6446.46407169789,-0.425028599214703,0.062498491792661,-6.80062169539606,1.04168633460791e-11,1.99188724262351e-11
"FGLBJAKE_01099",4076.57779743164,-0.508908408568831,0.075055032583732,-6.78047015702896,1.19785419808398e-11,2.28898468437059e-11
"FGLBJAKE_01165",10941.4767888906,-0.494476559050598,0.0729900646393317,-6.7745735189299,1.24773773425708e-11,2.38272308854143e-11
"FGLBJAKE_01828",4399.46756921711,0.394693847353721,0.0583319051273109,6.76634590439471,1.32075565550829e-11,2.52048589238435e-11
"FGLBJAKE_02200",2224.87791094949,0.496087644130725,0.0733559283611632,6.76274781348645,1.3539880491585e-11,2.58219087808994e-11
"FGLBJAKE_01284",766.801578905894,0.552479800486433,0.0816967499628063,6.76256767543333,1.3556731797887e-11,2.58369013177236e-11
"FGLBJAKE_02905",34.5894135921326,2.5122351572547,0.371534873917855,6.76177482550438,1.36311447195096e-11,2.59615042570381e-11
"FGLBJAKE_01818",1634.44808559919,0.448596630264713,0.0664853711476715,6.74729827811789,1.50623429438273e-11,2.8668326901033e-11
"FGLBJAKE_02628",4908.46122876374,-0.469211738869323,0.0695640657403828,-6.74503041010353,1.52994976774376e-11,2.91004343646299e-11
"FGLBJAKE_02822",864.982715559726,0.538466591104675,0.0798596702132403,6.74265983902599,1.55513008026919e-11,2.9559813827339e-11
"FGLBJAKE_00236",988.161061300613,-0.551315292043145,0.0818207857465109,-6.73808356902335,1.60489261288537e-11,3.04855344972409e-11
"FGLBJAKE_00189",207.277335695146,-0.913111921508558,0.135935166433395,-6.71726048134838,1.85172786091179e-11,3.51510295393691e-11
"FGLBJAKE_00302",397.905765774305,-0.709513436595622,0.10564639558135,-6.71592658406677,1.86874870205994e-11,3.54507179519489e-11
"FGLBJAKE_02911",928.444538729417,0.684036297093464,0.101946722820016,6.70974287521836,1.94967655446066e-11,3.69615462897094e-11
"FGLBJAKE_02484",35.5512360785384,2.35833016136329,0.351562939823094,6.70813073343283,1.97133285674064e-11,3.73474662509729e-11
"FGLBJAKE_01130",5020.34543353863,0.386748865407896,0.0577833840964304,6.69308091686842,2.18520224744343e-11,4.13720109298579e-11
"FGLBJAKE_01480",103.751778617915,-1.34063071995259,0.200457664574998,-6.68784964044621,2.26473644235041e-11,4.28495887775845e-11
"FGLBJAKE_01642",77.8326723901311,-1.50553823303462,0.22523027878371,-6.68443977055323,2.31809713958701e-11,4.38303367050859e-11
"FGLBJAKE_01891",7970.93348566124,0.368254368361058,0.0551103967375765,6.68212152626306,2.35507592804524e-11,4.45002512636557e-11
"FGLBJAKE_00830",2023.55672789715,0.521139058625704,0.0780029359245071,6.68101850845811,2.37287253496645e-11,4.48070674473954e-11
"FGLBJAKE_02797",7018.68565343021,-0.550662720989555,0.0824497159385737,-6.67877038411882,2.40955339855764e-11,4.54698389195972e-11
"FGLBJAKE_02000",2153.70048710755,0.42942816186729,0.0643334004825171,6.67504218098948,2.4716106605767e-11,4.66102955281984e-11
"FGLBJAKE_02369",1100.10712367135,-0.538691725185007,0.0810199851438271,-6.64887464776398,2.95342388205082e-11,5.565993598042e-11
"FGLBJAKE_02968",5470.55935560366,0.40116398702637,0.0603534408374659,6.64691161696514,2.99306629823768e-11,5.63700690769011e-11
"FGLBJAKE_01777",8001.69580370075,-0.381994104966853,0.0575209233725713,-6.64095919484153,3.11648315902471e-11,5.86560091619975e-11
"FGLBJAKE_01634",91.1521802622086,-1.36838856572164,0.2061107338579,-6.63909414181726,3.15616776371738e-11,5.93640455034277e-11
"FGLBJAKE_01932",202.657644977456,0.941783068304825,0.142194107712948,6.62322147838949,3.51453817673113e-11,6.60613650747237e-11
"FGLBJAKE_02370",3791.83920383778,-0.417591341638921,0.0630556532397256,-6.62258370476819,3.52974058940515e-11,6.63037546009831e-11
"FGLBJAKE_03011",1661.87317816967,-0.473791481979822,0.0717130510682196,-6.60676787449903,3.92801198921028e-11,7.37368155257371e-11
"FGLBJAKE_00903",40.0242567619226,-2.1784746475221,0.330832012082977,-6.5848363155852,4.55386802072033e-11,8.54296128691269e-11
"FGLBJAKE_02313",805.228638842493,0.63806943477133,0.0969508645167169,6.58136921163101,4.6613544421772e-11,8.73889932603867e-11
"FGLBJAKE_01859",98.2664276984345,-1.28550354589324,0.195331803540499,-6.58112771495868,4.66893305001432e-11,8.74740129448576e-11
"FGLBJAKE_02063",238.824260046965,-0.855533288329785,0.130413035385839,-6.56018231458698,5.37420315435633e-11,1.00621888375375e-10
"FGLBJAKE_01826",50.5100856709118,-1.85594354736008,0.283464772601773,-6.54735165264227,5.85663485103946e-11,1.09583128658121e-10
"FGLBJAKE_02039",278.776799303616,0.785077991671441,0.119945309517421,6.54529964389656,5.93762126860751e-11,1.11026177787755e-10
"FGLBJAKE_02800",2006.21948537694,0.553037811707015,0.0845372471568312,6.54194252009454,6.07248440664675e-11,1.13474123437599e-10
"FGLBJAKE_02483",50.6442012835251,1.95216539611568,0.299344252325468,6.52147278910552,6.96203532713038e-11,1.30012277648945e-10
"FGLBJAKE_02360",114.302626102647,1.17799611173558,0.180774511554695,6.51638387295086,7.20225192932064e-11,1.34410857434205e-10
"FGLBJAKE_02921",12029.3675829475,-0.503957598855296,0.0773577096269736,-6.51463960457759,7.28643876082169e-11,1.35893737823501e-10
"FGLBJAKE_01578",1139.67417277837,0.485909493236313,0.0747367829448321,6.50161104198174,7.94643464775042e-11,1.48106700244064e-10
"FGLBJAKE_01514",187.930732304882,-0.924937114316999,0.14232968501973,-6.49855379212553,8.10957987897645e-11,1.51049465795064e-10
"FGLBJAKE_01866",1707.31034718538,-0.456013835975724,0.0703881721443027,-6.47855771905613,9.26035075911962e-11,1.72372073068069e-10
"FGLBJAKE_00284",1336.15838499193,0.507607526509415,0.0784343910791217,6.47174688966934,9.68763052751643e-11,1.80208738744869e-10
"FGLBJAKE_02746",495.098519796343,0.620191028314078,0.0958920998150384,6.46759252858509,9.95765689840293e-11,1.85111940013001e-10
"FGLBJAKE_02363",22.4161490419441,-4.09531925103822,0.634595104306772,-6.45343656647324,1.09341782053946e-10,2.0313398941373e-10
"FGLBJAKE_01471",31.3351097773174,2.39282315100104,0.370876398646053,6.45180755566125,1.10523874600803e-10,2.05197426099941e-10
"FGLBJAKE_02975",906.085811268752,-0.653456259595138,0.101347161740691,-6.44770162648546,1.13559046099286e-10,2.1069638378912e-10
"FGLBJAKE_01101",1457.4550675122,-0.446502192424939,0.069269834228029,-6.44583890521667,1.14962723326713e-10,2.13163139897401e-10
"FGLBJAKE_01395",369.970843652157,-0.703084655514838,0.109217574528467,-6.43746813230668,1.21482818052261e-10,2.25107426874403e-10
"FGLBJAKE_02298",144.881120514399,-1.09969652349021,0.170930950490793,-6.43357168688676,1.24639768471421e-10,2.30808437233804e-10
"FGLBJAKE_01282",1224.39605658849,0.526913981437089,0.0819903874410991,6.42653362036638,1.30546559315234e-10,2.41590992576936e-10
"FGLBJAKE_00860",1290.7539224736,1.23430399352755,0.19226251304578,6.41988900474657,1.36373741798154e-10,2.52212441395042e-10
"FGLBJAKE_01728",4975.67669553706,-0.378613540368133,0.0590257650458767,-6.41437751927251,1.4139941728488e-10,2.61338858698871e-10
"FGLBJAKE_01013",354.288851770506,0.749489139632888,0.117187887804575,6.39561949339638,1.59897738274758e-10,2.95338110412374e-10
"FGLBJAKE_00244",6733.44326501528,-0.407569488939321,0.0638154871754104,-6.38668616317273,1.69519034436716e-10,3.12907967226155e-10
"FGLBJAKE_00290",345.635590182903,-0.71482578556046,0.112052272508099,-6.37939570131245,1.77788117489332e-10,3.27960879117035e-10
"FGLBJAKE_01732",8768.9126558281,-0.336711643304881,0.0528409429879805,-6.37217324795796,1.86368182791347e-10,3.43567772509514e-10
"FGLBJAKE_02237",39.9974599647,-2.09786672124095,0.329615572870798,-6.36458618435259,1.95816946347877e-10,3.60755066540897e-10
"FGLBJAKE_00261",1496.34717093319,0.475801229434356,0.0747649342067894,6.36396239068914,1.96614302278855e-10,3.61991995355175e-10
"FGLBJAKE_02796",2293.5083827988,-0.597813368004262,0.094071959210312,-6.3548518923451,2.0862753420348e-10,3.83863977785404e-10
"FGLBJAKE_02834",1270.10179733753,0.497999324415808,0.0784827614889215,6.3453338665473,2.21943590915646e-10,4.08103570244125e-10
"FGLBJAKE_00746",2599.32164651575,0.400177124998299,0.0631480506594169,6.33712554575305,2.34091242173225e-10,4.30165108699391e-10
"FGLBJAKE_03007",162.201231479252,1.04132924959065,0.164472703754183,6.33131957961242,2.43073288478587e-10,4.46385067787514e-10
"FGLBJAKE_00229",648.682000419462,-0.558002788135796,0.0883459040572456,-6.31611384919697,2.68222483487623e-10,4.92255055902572e-10
"FGLBJAKE_01482",30.6891685369148,-2.78794300215585,0.442466872007802,-6.30090788380353,2.95907223755703e-10,5.42716886454302e-10
"FGLBJAKE_01691",2241.0689304887,0.419536051564234,0.0666217433121286,6.29728420042496,3.02905621218049e-10,5.55198185829511e-10
"FGLBJAKE_03018",129.716776767748,1.08374406924071,0.172145891780516,6.29549772016904,3.06415064470554e-10,5.61272718475699e-10
"FGLBJAKE_02389",2542.63093934976,0.434304427950119,0.0690386086188048,6.29074711438815,3.15941666012515e-10,5.78354361859853e-10
"FGLBJAKE_01921",761.337269360737,0.543071191118036,0.0865610066884268,6.27385484405005,3.52216895978996e-10,6.44348414413517e-10
"FGLBJAKE_00892",92.5559665111784,1.32039444035536,0.211887928192459,6.23156992292659,4.61783793250107e-10,8.44253576209164e-10
"FGLBJAKE_00933",223.820033257312,-0.850157318088149,0.136439669494428,-6.23101273433435,4.63429430428776e-10,8.46723574731279e-10
"FGLBJAKE_02470",24.3968212041461,2.76547002222879,0.443925472017785,6.22958175762891,4.67682040998724e-10,8.53950562789285e-10
"FGLBJAKE_01573",659.907085894574,-0.585587387426442,0.094025691354123,-6.2279508822858,4.72575163410894e-10,8.6233715532883e-10
"FGLBJAKE_00795",697.267830255782,-0.559945391892908,0.0899376259749313,-6.2259303136263,4.78706822054441e-10,8.72971704685573e-10
"FGLBJAKE_02156",2050.77120860163,0.423865622560364,0.0681392856116219,6.22057626163414,4.95332235623802e-10,9.02717086355617e-10
"FGLBJAKE_00183",205.990182855203,-0.881359125812421,0.141771809161034,-6.21674457727569,5.07574978095136e-10,9.24442640713195e-10
"FGLBJAKE_03012",483.349175957249,0.651263125625104,0.104887525386988,6.20915712542777,5.32695405244328e-10,9.69579857297149e-10
"FGLBJAKE_00802",4633.69901452506,-0.364423021759039,0.0588302845588976,-6.19448001129757,5.84777611161145e-10,1.06370307245388e-09
"FGLBJAKE_02604",1712.72058205904,-0.466071846086221,0.0753051005721077,-6.18911391851788,6.05033478502202e-10,1.09985212980097e-09
"FGLBJAKE_03071",213.569277857365,-0.842985283461274,0.136274217116608,-6.18594845964108,6.17301757318382e-10,1.12144453257461e-09
"FGLBJAKE_00856",759.579974420465,0.608234066105548,0.0983810078944186,6.18243377581878,6.31207937157288e-10,1.14598333000003e-09
"FGLBJAKE_00337",19.7665892334273,4.932601723648,0.798050045327607,6.18081754712905,6.37704843337232e-10,1.15704780287324e-09
"FGLBJAKE_01385",902.583530233588,0.516590157966457,0.0836336531070323,6.17682163548849,6.540489142509e-10,1.185953677954e-09
"FGLBJAKE_02149",513.175253421814,-0.591263320624486,0.0960219282338598,-6.15758641280848,7.38619432442068e-10,1.33845665122226e-09
"FGLBJAKE_01383",545.338638179924,-0.617207085640762,0.10036563918601,-6.14958556181643,7.76856693950961e-10,1.40685957051989e-09
"FGLBJAKE_00582",13736.4127916827,-0.322102159133854,0.0523991722244182,-6.14708487672927,7.89199036303281e-10,1.42831110222647e-09
"FGLBJAKE_00323",897.831538999906,-0.512863386308045,0.0835362753535075,-6.1394093061693,8.28288966211424e-10,1.49811358646421e-09
"FGLBJAKE_02567",1834.54590067606,0.44657838496667,0.0727704374050252,6.13681050838141,8.41947126101508e-10,1.52185914491556e-09
"FGLBJAKE_02784",479.516971242796,0.608959927699899,0.0992858297450789,6.1334022112061,8.60193018853443e-10,1.55386218490559e-09
"FGLBJAKE_00668",57.514966572412,-1.70932654487716,0.278710725412107,-6.13297727365789,8.62494731524022e-10,1.55704136834173e-09
"FGLBJAKE_00948",895.025308043335,-0.483906804149017,0.0789089452602483,-6.13247081877792,8.6524583672107e-10,1.56102732877361e-09
"FGLBJAKE_01631",85.9542638632247,-1.30214809140447,0.212528619361776,-6.12693055323478,8.95905516842667e-10,1.61532776374268e-09
"FGLBJAKE_01864",1441.62881713623,-0.429364883836157,0.0701054023757541,-6.1245620064318,9.09333970773043e-10,1.63851149341801e-09
"FGLBJAKE_01926",568.442150807456,0.643595692011939,0.105192159868101,6.11828574314792,9.45873475718936e-10,1.70328343935854e-09
"FGLBJAKE_01198",146.324483206331,0.982386761616869,0.162210943283159,6.0562298802615,1.39348826348396e-09,2.50775533453532e-09
"FGLBJAKE_00614",843.979569464369,0.528146487195512,0.0873172961584402,6.04858957424852,1.46119373869197e-09,2.62795419587029e-09
"FGLBJAKE_02397",430.042380517606,0.639132236079446,0.105678144896996,6.04791309217628,1.4673406746252e-09,2.63735903619313e-09
"FGLBJAKE_01954",483.934740163711,-0.604948274113212,0.100068951265181,-6.04531442035513,1.49118904789526e-09,2.67854832728186e-09
"FGLBJAKE_02491",20.5462586998015,5.41725954157384,0.899476525782791,6.02268028824804,1.71552106975154e-09,3.07957998405118e-09
"FGLBJAKE_02254",184.971899452352,-0.933971838302121,0.155293656618793,-6.01423044982955,1.8074323779569e-09,3.24254722487398e-09
"FGLBJAKE_02769",12201.8048974201,0.403373086468035,0.0670724122942081,6.01399402035324,1.81007189579959e-09,3.2452567863556e-09
"FGLBJAKE_02900",689.688747754023,-0.523823542779788,0.0871220894221719,-6.01252272820811,1.82658213164066e-09,3.27281611367535e-09
"FGLBJAKE_01369",634.549416802893,0.531642407140581,0.0885848961910394,6.00150172320638,1.95500867495817e-09,3.50074450581294e-09
"FGLBJAKE_00463",3210.8082851831,0.374259476349221,0.0623954337688918,5.99818694642706,1.99532735035574e-09,3.57071656595417e-09
"FGLBJAKE_01289",1613.01270013935,0.400092424510952,0.0667154522675863,5.99699786049921,2.00998707787551e-09,3.59471242178855e-09
"FGLBJAKE_00093",16502.5857385034,-0.305890509446459,0.0511030082814276,-5.98576326000026,2.15377448016976e-09,3.8494700597064e-09
"FGLBJAKE_00346",22.328452391585,3.08922961170076,0.516197108276749,5.98459302109173,2.16931585338542e-09,3.87483763991902e-09
"FGLBJAKE_02812",1405.02851742523,0.476833335681462,0.079682421092455,5.98417228221762,2.17493013697352e-09,3.88245292774031e-09
"FGLBJAKE_02809",11010.8270182812,-0.403789878079707,0.0676271074407689,-5.97082876024775,2.36051400633071e-09,4.21112182134976e-09
"FGLBJAKE_01036",53.6723105174313,-1.61213705363442,0.270041856852937,-5.96995248226418,2.37322696196314e-09,4.23117511704842e-09
"FGLBJAKE_00849",1770.05875520822,0.40209045327235,0.0673781400466057,5.96766923210143,2.40666621395454e-09,4.288133105335e-09
"FGLBJAKE_02216",113.720785206231,-1.1313991057079,0.189868447258074,-5.95885794636575,2.54006770828215e-09,4.52302019430168e-09
"FGLBJAKE_00907",359.280463984461,0.681510750526743,0.114373585407697,5.95863763558188,2.54349380236297e-09,4.52631652507194e-09
"FGLBJAKE_02342",393.339040063258,-0.70789620881221,0.11880544749171,-5.95844907584398,2.54642970416524e-09,4.52873698624437e-09
"FGLBJAKE_00322",26501.220768715,0.313905172818701,0.0526978449403661,5.95669847930066,2.57384477363465e-09,4.57183552498516e-09
"FGLBJAKE_00691",94.0229534408276,1.19507785519589,0.200626296157217,5.95673587204832,2.57325619443073e-09,4.57183552498516e-09
"FGLBJAKE_01503",92.301398885001,1.24694225809362,0.209362427887507,5.95590274088537,2.58640119432923e-09,4.59130144070551e-09
"FGLBJAKE_02414",2071.83445326406,0.398600920022148,0.0669642312626478,5.95244524586195,2.64165526517763e-09,4.68649211859291e-09
"FGLBJAKE_02008",339.860824555757,-0.673263508214502,0.113141975760062,-5.95060766520711,2.67148768144833e-09,4.73649327358576e-09
"FGLBJAKE_01768",1357.15317543305,-0.464834881805617,0.0787311179504559,-5.90408079938773,3.54618341768267e-09,6.28343473638717e-09
"FGLBJAKE_02308",611.888315445446,0.530100527717372,0.0898095760446331,5.90249448960683,3.5804608076693e-09,6.3402614671852e-09
"FGLBJAKE_00435",5803.16350009984,0.352001024174496,0.059734974497868,5.89271238723068,3.79907323840048e-09,6.72323675317917e-09
"FGLBJAKE_00752",234.895364031567,-0.75022609399671,0.127561245281568,-5.88130111414892,4.0705386085556e-09,7.19921720676233e-09
"FGLBJAKE_00112",4985.40515317208,-0.384815078828254,0.0654989281719253,-5.87513551089217,4.22497593335429e-09,7.46776188958193e-09
"FGLBJAKE_02283",1841.41117750142,0.389336510776594,0.0667150119143113,5.83581565235509,5.3528053948792e-09,9.45541653649835e-09
"FGLBJAKE_01721",729.263867238094,-0.570044384816243,0.0979719420827865,-5.81844528849448,5.93974946221616e-09,1.04821382321989e-08
"FGLBJAKE_02588",1885.83167503324,0.43104409188294,0.0740829174933953,5.81840060390938,5.94133722346975e-09,1.04821382321989e-08
"FGLBJAKE_02415",2545.50679314274,0.388697496333615,0.0669194459957517,5.80843864664227,6.3058128885902e-09,1.11183473876124e-08
"FGLBJAKE_00278",427.138549107671,-0.621520831427904,0.107078034701037,-5.80437279375923,6.46073877591782e-09,1.13845268191219e-08
"FGLBJAKE_02606",868.467645409112,-0.53658656224311,0.0926880536534646,-5.7891663606322,7.07366120520774e-09,1.24569254312298e-08
"FGLBJAKE_00610",1077.66600825745,0.583275463819167,0.100937101151781,5.77860328029518,7.53233005252091e-09,1.32565318866779e-08
"FGLBJAKE_00084",1573.80790279542,-0.414193331231972,0.0717095253187111,-5.77598763052886,7.65029940519714e-09,1.3455912172911e-08
"FGLBJAKE_01064",1387.32486888497,0.48956091637618,0.0847982336942426,5.77324426522128,7.7759588383564e-09,1.36685661782485e-08
"FGLBJAKE_00880",657.1417957004,-0.542742349768054,0.0940848436434771,-5.76864804946384,7.99099935212163e-09,1.40379780794606e-08
"FGLBJAKE_00596",922.89548694219,0.527042433669786,0.0913973774242759,5.76649405620471,8.09375627697414e-09,1.42098079047182e-08
"FGLBJAKE_00303",4142.24247787041,-0.417300396389147,0.0724555341445178,-5.7593999039026,8.44134985127442e-09,1.48110131090126e-08
"FGLBJAKE_00628",2091.87831608731,0.393395337982305,0.068360226387919,5.75474012841812,8.67751781150609e-09,1.52160989568447e-08
"FGLBJAKE_00494",8028.93821471884,0.306839416949677,0.0533582231049494,5.7505553801175,8.89507600435299e-09,1.55880783149454e-08
"FGLBJAKE_02121",934.919626526165,-0.546710176936626,0.095246382083035,-5.7399574133956,9.47003625202406e-09,1.65855479514425e-08
"FGLBJAKE_02273",1413.23571462624,-0.42302980829024,0.0738129634610576,-5.73110451680243,9.97787583685877e-09,1.74643210445384e-08
"FGLBJAKE_02050",333.102738109611,0.703004488860992,0.122704874778556,5.7292303189233,1.00887338914318e-08,1.76476087668746e-08
"FGLBJAKE_02150",130.1313275786,-0.986143558006838,0.172239964252516,-5.72540503179088,1.03187256620942e-08,1.80389401173107e-08
"FGLBJAKE_02170",283.220218906203,0.684581408159432,0.119586071323082,5.72459150622919,1.03682911527914e-08,1.81145706827493e-08
"FGLBJAKE_00207",148.171476352319,-0.935266816910846,0.163526438505561,-5.71936150177357,1.0692508862362e-08,1.8669666142423e-08
"FGLBJAKE_02732",63.8108132889878,-1.39450422644403,0.24506429442606,-5.69036068559051,1.26771305404041e-08,2.21214773364429e-08
"FGLBJAKE_01882",4588.30940509716,-0.375306492625319,0.0659685718744807,-5.68917110013266,1.2765751045744e-08,2.22626022484637e-08
"FGLBJAKE_02616",16.7173025288699,3.82699133282162,0.6735064270831,5.68218977418819,1.32980982665446e-08,2.31769159600055e-08
"FGLBJAKE_01040",755.196995875666,0.49279569545635,0.0868092341922651,5.67676584227095,1.37265164185312e-08,2.39090958708235e-08
"FGLBJAKE_00493",1001.97228373118,0.444554291222543,0.0783814832240179,5.67167490250199,1.41408130424956e-08,2.46158065924484e-08
"FGLBJAKE_02896",37.6365402591338,-1.89622983292559,0.334600723866799,-5.66714205221046,1.45198962966421e-08,2.52604007000905e-08
"FGLBJAKE_01899",22790.192093631,0.302759369076949,0.0534500767607404,5.66433927554858,1.47592127190841e-08,2.56612083210209e-08
"FGLBJAKE_00970",148.544382114943,0.912442421479953,0.161309008930665,5.6564876787021,1.54502064694499e-08,2.68463684360333e-08
"FGLBJAKE_02823",585.437649409658,0.543673386206467,0.0962105386691168,5.65087145054084,1.59636444076439e-08,2.77217607417332e-08
"FGLBJAKE_01410",57.3293980823817,1.43609182765591,0.254465184495054,5.64356900338101,1.66560725684191e-08,2.89067346386693e-08
"FGLBJAKE_03057",963.746407319749,0.518483184306252,0.0919294207047033,5.64001361404995,1.70036719834365e-08,2.94921866508126e-08
"FGLBJAKE_00613",340.659516667218,-0.617955590140559,0.109581747110505,-5.63922009308171,1.70822082765537e-08,2.96105347326992e-08
"FGLBJAKE_02806",4080.62782381953,-0.38367450081121,0.0680429691809378,-5.63870897213427,1.71329813056612e-08,2.96806439255397e-08
"FGLBJAKE_02913",5287.15647268656,0.315500521857119,0.0559606943050106,5.63789505786868,1.72141354436606e-08,2.98032682319762e-08
"FGLBJAKE_00950",232.829333343603,-0.727362563692488,0.129826712405208,-5.60256475895564,2.11203088457216e-08,3.65441105494304e-08
"FGLBJAKE_01129",2510.17362960452,0.362685772377088,0.0647437716505631,5.6018635172289,2.12059504213865e-08,3.66702175156828e-08
"FGLBJAKE_01667",485.623483513443,0.539728220155165,0.0963613466057403,5.60108631901386,2.13012623299462e-08,3.68128851089991e-08
"FGLBJAKE_01384",1825.78164467185,0.369212989746038,0.0660690630233911,5.58828857033014,2.29318352593289e-08,3.96070279659322e-08
"FGLBJAKE_00564",70.5446949985551,-1.40677713850263,0.252383652093086,-5.57396299972619,2.49008643442865e-08,4.29820325077954e-08
"FGLBJAKE_00462",3189.98178472109,0.341407623559209,0.061547365360528,5.54707129313065,2.90494314573598e-08,5.01128847589749e-08
"FGLBJAKE_00598",6789.04488934508,-0.414505713406572,0.0749746213111157,-5.52861363162521,3.22771329606842e-08,5.56475585656906e-08
"FGLBJAKE_00624",2702.80046167002,0.415649633382097,0.0753096180299342,5.51921048406969,3.4052611884279e-08,5.86733852250706e-08
"FGLBJAKE_02827",69.942249838826,-1.28076189489258,0.232551742568862,-5.50742764059626,3.64114996955263e-08,6.27002097812717e-08
"FGLBJAKE_01382",1383.01831202614,-0.389641926619325,0.0708828526470592,-5.49698427854526,3.86341128232764e-08,6.6487688774908e-08
"FGLBJAKE_03014",162.310432098956,-0.934553089802331,0.170117529510958,-5.49357313434376,3.93881882417951e-08,6.77448551806816e-08
"FGLBJAKE_01650",530.78828125381,0.516130554827208,0.0939882106080602,5.49143931444255,3.98671311782547e-08,6.85275927071197e-08
"FGLBJAKE_00626",814.701163596641,-0.486609903532686,0.0889298586902793,-5.47183938779694,4.45388401561146e-08,7.6512030250253e-08
"FGLBJAKE_02551",78.6371233839499,1.16406731677819,0.213144755476173,5.46139319345492,4.72412432987499e-08,8.11059338354882e-08
"FGLBJAKE_01952",432.846645944662,0.564143530850871,0.103308412635185,5.46077048771468,4.74072596552087e-08,8.13423667158626e-08
"FGLBJAKE_01843",1858.93969219165,-0.408195727862684,0.0748793403612588,-5.45137985849402,4.99804823028242e-08,8.57063879106902e-08
"FGLBJAKE_02421",3710.57727548565,0.37218019634116,0.0682975993219649,5.44938914450929,5.05431149806746e-08,8.65678858489028e-08
"FGLBJAKE_02617",23.3015901584213,2.46159582092607,0.451715529450783,5.44943810968596,5.05292026696428e-08,8.65678858489028e-08
"FGLBJAKE_00529",44.2567324635811,1.58240091361486,0.291664961238878,5.42540628429772,5.7822862242682e-08,9.89773115458416e-08
"FGLBJAKE_02846",2224.69271336426,0.443946166268968,0.0818976859046139,5.42074127449744,5.93524072231219e-08,1.01535010928126e-07
"FGLBJAKE_03052",335.715266319268,-0.628260506730479,0.116086513887305,-5.41200252891035,6.23238087446519e-08,1.06554804480743e-07
"FGLBJAKE_01199",373.76055168449,0.576499156436987,0.106633231844656,5.40637422747194,6.43133513138494e-08,1.09890946299645e-07
"FGLBJAKE_00186",4032.99776886996,-0.325364537101742,0.060263754656774,-5.39900872348267,6.70101160601675e-08,1.14362870283207e-07
"FGLBJAKE_00993",223.132311227269,0.780743856568885,0.144607074286012,5.39907096816499,6.69868736952222e-08,1.14362870283207e-07
"FGLBJAKE_00767",217.569170026212,0.706167242412338,0.131545050441092,5.36825399393168,7.95025382999987e-08,1.35602549005458e-07
"FGLBJAKE_01032",246.743767190624,0.696722074172817,0.129839750147261,5.36601521015415,8.04951565361071e-08,1.37214163632724e-07
"FGLBJAKE_00559",120.779345309589,-0.956762682915122,0.178396162075907,-5.36313490033504,8.17898758303308e-08,1.39338531793936e-07
"FGLBJAKE_02680",10664.8558355418,-0.298836103173509,0.0557456454807816,-5.3607075601364,8.28966199370312e-08,1.41140335129756e-07
"FGLBJAKE_02372",1701.08130767865,0.400175277705299,0.0748210233325576,5.34843363377478,8.87186962823007e-08,1.5096360752832e-07
"FGLBJAKE_01639",151.93772160078,-0.832009161093331,0.155594195305925,-5.34730206006372,8.92749586299609e-08,1.51820255090241e-07
"FGLBJAKE_02021",433.919578723778,0.563480577151473,0.105418527461157,5.34517594508323,9.03292670495782e-08,1.53522361620631e-07
"FGLBJAKE_02333",1829.31528721952,-0.419982749337313,0.0788612795825503,-5.32558882585318,1.00626526561207e-07,1.70922362492263e-07
"FGLBJAKE_01559",250.21851934711,0.722913898076473,0.136067646843348,5.31290071407461,1.07893829928327e-07,1.83158220445371e-07
"FGLBJAKE_02589",5875.48585696731,-0.353646674072315,0.0668021928185012,-5.29393810519302,1.19709964734747e-07,2.0309707122058e-07
"FGLBJAKE_02522",350.563680022614,0.589676648525869,0.111468899965221,5.29005533121661,1.22279362083538e-07,2.0733385641775e-07
"FGLBJAKE_01985",1160.95288669279,-0.404300203143216,0.0764805413450363,-5.28631461065692,1.24805175205465e-07,2.11491788644167e-07
"FGLBJAKE_02555",34.6491039028521,-1.79434549136508,0.339897241649444,-5.2790822386717,1.29832528099525e-07,2.19881370511511e-07
"FGLBJAKE_01523",125.83647653717,-1.02051916664704,0.193552666519932,-5.27256578271915,1.34529593122783e-07,2.27702032176018e-07
"FGLBJAKE_00377",14.2853476316226,4.8843161622813,0.926987709908183,5.26901933011074,1.37154522501673e-07,2.32008297627904e-07
"FGLBJAKE_02309",2776.63591440069,0.31966427932552,0.0606921496725439,5.26697902529774,1.38687045494436e-07,2.34462687500593e-07
"FGLBJAKE_02047",372.319204760544,0.554877168365196,0.105541803800205,5.25741600376285,1.46093584825603e-07,2.4683889640728e-07
"FGLBJAKE_01590",40.6141721148634,1.61506690414051,0.307215118535537,5.25712052140979,1.46328422288123e-07,2.47090414604034e-07
"FGLBJAKE_02091",322.475669296337,0.596326730041821,0.113492807379618,5.25431297198589,1.48578040908775e-07,2.50741802449689e-07
"FGLBJAKE_03044",188.881271421068,-0.803615395788022,0.153134232343791,-5.2477841400209,1.53939515178345e-07,2.59637421726856e-07
"FGLBJAKE_01835",55.2543172544537,1.47436303575402,0.280992776216834,5.24697842985222,1.54613993026974e-07,2.60622062146348e-07
"FGLBJAKE_01464",55.3540175257039,1.32939262245829,0.253502706789878,5.24409636209603,1.57050109357459e-07,2.64573279187185e-07
"FGLBJAKE_01495",18.5669514876418,2.80782283456893,0.536163631747866,5.23687670761177,1.63316711043288e-07,2.74969084673936e-07
"FGLBJAKE_02453",179.711458391714,0.759645767929147,0.145164348878778,5.23300503048101,1.66776198783272e-07,2.80629271254756e-07
"FGLBJAKE_00216",1468.33009503462,0.393239363049292,0.0752562106868418,5.2253409979098,1.73834446086494e-07,2.92334814542178e-07
"FGLBJAKE_03078",585.017645165188,0.505905369182487,0.0968935155409405,5.22125104407763,1.77718426643937e-07,2.98691671447178e-07
"FGLBJAKE_02844",201.461739506392,0.710365452430048,0.136384238331941,5.20855973621464,1.90312083014667e-07,3.19670909751111e-07
"FGLBJAKE_01158",6281.14589038078,-0.342474947566155,0.0659379746922013,-5.19389546258934,2.0593880701108e-07,3.45717366442665e-07
"FGLBJAKE_00881",3756.00266154617,-0.36484386211522,0.0702926580423638,-5.19035518468141,2.09893311485364e-07,3.52150249392257e-07
"FGLBJAKE_02783",336.958925557651,0.59445351658025,0.11453813373528,5.19000526020571,2.10288139914695e-07,3.52606834372715e-07
"FGLBJAKE_00829",1321.66247755705,-0.381446985875565,0.073612563482821,-5.18181907854063,2.19732299913916e-07,3.6822777256711e-07
"FGLBJAKE_00858",4422.97900760876,0.335919153835013,0.0650506842299394,5.16396034586839,2.41778937717031e-07,4.04937451630971e-07
"FGLBJAKE_02531",189.726987838797,0.750480250266954,0.14535260272414,5.16317036091375,2.42801973960325e-07,4.06414020478727e-07
"FGLBJAKE_01457",290.051093343826,0.602747083166862,0.116753898356193,5.16254353518888,2.43616692125265e-07,4.07540380190926e-07
"FGLBJAKE_00064",1340.82975775274,-0.376334582614176,0.0729429465727623,-5.15930052590861,2.47874157603986e-07,4.14421366465303e-07
"FGLBJAKE_01636",72.0755703549636,-1.16394155367869,0.225818433974218,-5.15432479622803,2.54546421551065e-07,4.25329311359163e-07
"FGLBJAKE_02090",2809.21870654765,0.321362604394849,0.0623698354917417,5.15253250006408,2.56992061389602e-07,4.29166289618661e-07
"FGLBJAKE_01278",53.3756413202908,1.3295600589696,0.25808885785029,5.15155931195156,2.58329496685252e-07,4.31149229659358e-07
"FGLBJAKE_01531",188.363975565886,0.734540351925007,0.142747145341959,5.14574459731138,2.66461752702574e-07,4.44463770903772e-07
"FGLBJAKE_00609",3428.56618498784,-0.32581802311223,0.0633342678272739,-5.14441919500523,2.68349724729372e-07,4.47353311410798e-07
"FGLBJAKE_02825",474.425086384248,0.538906813486852,0.105030405522862,5.13096003775353,2.88268112121348e-07,4.80279741586525e-07
"FGLBJAKE_00901",108.828314887817,-0.943243310019327,0.183968805818438,-5.12719156828266,2.940962283241e-07,4.89706002435379e-07
"FGLBJAKE_01407",328.78252515165,0.59762720426838,0.116580162149011,5.12631989226867,2.95460431329271e-07,4.91692692322133e-07
"FGLBJAKE_02180",80.8801237182489,1.08133663117073,0.21098952830844,5.12507250876427,2.9742326314574e-07,4.94672718912532e-07
"FGLBJAKE_01197",237.323164148078,0.653526986945657,0.12763376536363,5.12032991492301,3.05001595871437e-07,5.06983566532395e-07
"FGLBJAKE_01077",78.3923109201725,-1.09418422759042,0.214241080549464,-5.10725685654764,3.26869290171124e-07,5.43018693613763e-07
"FGLBJAKE_02826",59.6748305280295,-1.2648231601069,0.248202472863324,-5.09593295149556,3.47027942963408e-07,5.76174643603024e-07
"FGLBJAKE_02332",771.466400360752,-0.459935086002234,0.0902643140761782,-5.095425481371,3.47958872860676e-07,5.77386720901607e-07
"FGLBJAKE_02740",220.988473946796,0.869553957456057,0.171081868172527,5.082677473332,3.72151316817118e-07,6.17174197652854e-07
"FGLBJAKE_01346",93.1302347267036,-0.994510686204275,0.195741086399862,-5.08074571616855,3.75956091353818e-07,6.23124455911691e-07
"FGLBJAKE_00066",4668.19188095071,-0.330118955342431,0.0650099219657833,-5.07797802797214,3.81472797627204e-07,6.31903642870654e-07
"FGLBJAKE_00465",6300.8814944821,0.3076357991813,0.0607089218512925,5.06739025830271,4.03306877470793e-07,6.67686616273651e-07
"FGLBJAKE_01858",37.0224645228089,-1.62943522509212,0.32213611522825,-5.05821964090423,4.23188844699834e-07,7.0019846843254e-07
"FGLBJAKE_02327",1271.24269230228,0.38927766090147,0.0772968349216051,5.03613972417212,4.75013881665036e-07,7.85494761740686e-07
"FGLBJAKE_02217",1365.95060488893,0.370762358678428,0.0739381742451283,5.01449166771733,5.31738567974429e-07,8.78790479792126e-07
"FGLBJAKE_02586",173.155078051836,-0.794373701157,0.158543506310161,-5.0104461522565,5.43039919739389e-07,8.96952143293681e-07
"FGLBJAKE_00053",3900.14802816479,0.296300285441367,0.0591388360140366,5.01024885527068,5.43596960449808e-07,8.97356498755169e-07
"FGLBJAKE_00925",3479.10302178604,0.343188430466544,0.0686032748953495,5.00250798507883,5.65892373199434e-07,9.33624960146484e-07
"FGLBJAKE_00019",52.2623530495871,1.32555393221635,0.266995813951447,4.96469930595017,6.8807593026503e-07,1.13455549258847e-06
"FGLBJAKE_02110",139.218634980538,-0.813337947025423,0.164057087833661,-4.95765198422927,7.13502224008739e-07,1.17580584392266e-06
"FGLBJAKE_02040",69.5308995770037,1.21910371507567,0.245939175081974,4.95693178880239,7.16151047598862e-07,1.17949461936913e-06
"FGLBJAKE_01939",11132.3235579881,-0.313124971423765,0.0631784010223142,-4.95620285345892,7.18841662296518e-07,1.18324795958774e-06
"FGLBJAKE_00260",930.869814171403,0.410480728122173,0.0829147421584715,4.95063624919243,7.39712486006174e-07,1.21690537194147e-06
"FGLBJAKE_02078",492.445047950314,0.471656942735777,0.0956935049765331,4.92882921209168,8.27238480019239e-07,1.36011635673644e-06
"FGLBJAKE_02350",41503.9988715947,0.315163532035921,0.064038809382249,4.92144584004838,8.59071771893068e-07,1.4116479545001e-06
"FGLBJAKE_02574",230.656856065442,-0.861251271283558,0.175075044875482,-4.91932629174023,8.68425986810465e-07,1.4262035920533e-06
"FGLBJAKE_00969",43.8416447221741,-1.48120610646904,0.301181111354078,-4.91799137007529,8.74367662476059e-07,1.4351414402948e-06
"FGLBJAKE_01665",100.870631751549,0.971608354155996,0.197914657206725,4.90922889627692,9.14352056824354e-07,1.49991313431118e-06
"FGLBJAKE_00605",3236.84707080056,-0.333631032348847,0.0680539072658338,-4.90245227280792,9.46476152310279e-07,1.55172416528223e-06
"FGLBJAKE_02904",26.985272813538,1.87889624017473,0.38359659359653,4.89810460139532,9.67655220485017e-07,1.58554224838879e-06
"FGLBJAKE_00454",3397.25708870556,0.298792452885549,0.0610205172459589,4.8965899728642,9.75140111009945e-07,1.59689611341458e-06
"FGLBJAKE_02492",7.22534619225334,6.38799329671572,1.30630553377358,4.89012189840646,1.0077355215895e-06,1.64933478875183e-06
"FGLBJAKE_00184",248.168024948298,-0.612141406159572,0.125649172233457,-4.87182999520451,1.10569293180242e-06,1.8086291895277e-06
"FGLBJAKE_00571",111.222888603989,-0.956788924646988,0.196836738021514,-4.86082493676772,1.16897596022597e-06,1.91105626262198e-06
"FGLBJAKE_02231",102.652637647627,-0.899527663053727,0.185325107085016,-4.85378196836048,1.211289080753e-06,1.97910450146909e-06
"FGLBJAKE_01060",1416.70797213518,-0.377351376859626,0.0778041670589482,-4.85001499436048,1.23452141724691e-06,2.01591735975432e-06
"FGLBJAKE_00638",1940.59791949261,0.308878591412922,0.0637827125297604,4.84266941875202,1.28106325027011e-06,2.09073014268955e-06
"FGLBJAKE_02782",124.627749265807,0.820528118988983,0.169525163609878,4.84015529916982,1.29737704375222e-06,2.11615302142104e-06
"FGLBJAKE_00085",707.916678688704,-0.443272655876935,0.0915856557140043,-4.83997906027062,1.29852809915111e-06,2.11682913043691e-06
"FGLBJAKE_00446",7857.67559187053,0.269827380485899,0.0557987684318872,4.83572286752661,1.32662643017849e-06,2.1614083675357e-06
"FGLBJAKE_01231",333.126575850195,0.53251346494736,0.110339627934636,4.82613069225516,1.39211173443219e-06,2.26681536813491e-06
"FGLBJAKE_03009",102.608989784011,0.94733927085061,0.196555673634364,4.8196994435931,1.43774657190354e-06,2.33979821497778e-06
"FGLBJAKE_02552",285.984286461253,0.576016597643014,0.119882522349432,4.80484216009442,1.54873634608531e-06,2.51899731672279e-06
"FGLBJAKE_00190",117.137840585407,-0.85262542237251,0.177969940920427,-4.79083949774266,1.66084945461036e-06,2.69981975822974e-06
"FGLBJAKE_00247",385.646392388184,-0.498063283668031,0.104245159201569,-4.77780731002554,1.77217081563102e-06,2.8791514551292e-06
"FGLBJAKE_00530",21.4833497678627,2.03245920304628,0.426055002958939,4.77041506127357,1.83846697727662e-06,2.98517180378136e-06
"FGLBJAKE_00847",234.625929330202,0.617101525199407,0.129408356353079,4.76863737852987,1.85476172083353e-06,3.00992952324989e-06
"FGLBJAKE_02699",184.898860276728,0.699588418295852,0.146809511748313,4.76527991929576,1.88591646505667e-06,3.0587606775242e-06
"FGLBJAKE_02325",524.315450457833,0.458220564667551,0.0962209651326177,4.76216970008566,1.91522515704642e-06,3.1045443324035e-06
"FGLBJAKE_02201",7621.49432973225,0.319095699205039,0.0671211679093826,4.75402483514346,1.99406526682382e-06,3.23052061829294e-06
"FGLBJAKE_00828",339.249620651117,0.522603209794402,0.110060552972102,4.74832440581024,2.0510885562798e-06,3.32103014690037e-06
"FGLBJAKE_02614",28.1430141663116,1.71118893071639,0.362214882379499,4.72423694872798,2.30980979753237e-06,3.7378340980338e-06
"FGLBJAKE_00246",338.227335375866,-0.555568789001649,0.117620565678825,-4.7233983767659,2.31935881527842e-06,3.75117458362982e-06
"FGLBJAKE_02666",1057.56462420903,0.357824165938926,0.0758026447385601,4.72047073255881,2.35299464691325e-06,3.80343454174841e-06
"FGLBJAKE_02557",21.2242329526843,2.20782452571246,0.467784092766974,4.71975118404097,2.36133299072419e-06,3.81476729361514e-06
"FGLBJAKE_02816",404.832258298784,0.532984629864034,0.113719889967166,4.68681978163995,2.77483106898062e-06,4.48026095070241e-06
"FGLBJAKE_01769",829.326101698559,-0.393531443483242,0.0841070907765684,-4.67893301087614,2.88371631567296e-06,4.65345350434816e-06
"FGLBJAKE_00678",806.368536553879,0.376482274846846,0.0804730834019575,4.67836273858605,2.89174648159248e-06,4.66379314708013e-06
"FGLBJAKE_01450",64.8332306909315,1.11099311895832,0.23774491331348,4.67304685292431,2.96764033763057e-06,4.78351000019645e-06
"FGLBJAKE_03074",71.4248830583066,-1.04417518971421,0.223792902281149,-4.6658101265536,3.07403467285109e-06,4.95222850323657e-06
"FGLBJAKE_00749",2609.07324783256,-0.287906725296902,0.0617529886137411,-4.66223144433916,3.12799127028783e-06,5.03632880157267e-06
"FGLBJAKE_02537",1058.07344545872,-0.402852438234817,0.0867521586787018,-4.643716587236,3.4219690062797e-06,5.50657274582747e-06
"FGLBJAKE_02774",142.238776693267,-0.74608710071474,0.16076038425939,-4.64098853801514,3.46746360925433e-06,5.57665943648402e-06
"FGLBJAKE_01862",275.506203933714,-0.590471384836992,0.127855015005465,-4.61828880792632,3.86917495073336e-06,6.21651985758381e-06
"FGLBJAKE_02767",1390.22177011851,0.334468286702319,0.0724229512044652,4.61826370148939,3.86964301503738e-06,6.21651985758381e-06
"FGLBJAKE_01298",30.3298321193056,1.64891553429372,0.35718785530034,4.61638185572472,3.90488155847611e-06,6.26962547433538e-06
"FGLBJAKE_02815",489.621641431553,0.45920712936786,0.0999288042334184,4.59534298334264,4.32038024608083e-06,6.93287148366069e-06
"FGLBJAKE_00046",16.63117707383,-2.38795023824359,0.519924551523389,-4.59287839215679,4.37173840101264e-06,7.01137062751692e-06
"FGLBJAKE_02111",909.62504323326,-0.356500186039916,0.0779505600240886,-4.57341404513,4.79840579925826e-06,7.69136545848758e-06
"FGLBJAKE_01734",972.871970273649,-0.377213324119367,0.0825691105981903,-4.56845570197572,4.91330881348884e-06,7.87115358415101e-06
"FGLBJAKE_01581",35.4753817963896,-1.53852505454903,0.337314247936094,-4.56110307810215,5.08855919244097e-06,8.14736441174114e-06
"FGLBJAKE_01643",19.6724649158422,-2.28198665211873,0.501753516582143,-4.54802323591715,5.41521578686478e-06,8.66555132040611e-06
"FGLBJAKE_00640",3304.12837569138,0.296938231107262,0.0653115434360114,4.54648926492122,5.45481507835323e-06,8.72406151095558e-06
"FGLBJAKE_02927",338.31121780283,0.508927960121496,0.112333622299543,4.53050431120625,5.88430539051051e-06,9.40572507915862e-06
"FGLBJAKE_01546",811.868617997957,-0.385379491310529,0.0852055792985843,-4.52293728278111,6.09873157794902e-06,9.73764141945861e-06
"FGLBJAKE_02636",1783.107186397,0.326979894499997,0.0722924114234948,4.52301822641552,6.09639881568068e-06,9.73764141945861e-06
"FGLBJAKE_01630",26.9934713717506,-1.74480264246208,0.385805643493651,-4.5224912384953,6.11160172166857e-06,9.75277254196306e-06
"FGLBJAKE_00891",110.660022947915,-0.81903819906703,0.181449333332719,-4.51386722686483,6.36560773459792e-06,1.01524731571778e-05
"FGLBJAKE_02622",2611.60372894343,-0.277618170042014,0.0615846706316847,-4.50791028342664,6.54692469009829e-06,1.04358633163297e-05
"FGLBJAKE_02235",45.4343789204105,-1.31705462978816,0.293905108018487,-4.48122402045939,7.42161585905049e-06,1.18235720503942e-05
"FGLBJAKE_01974",47.1912708989777,1.21512025564524,0.272130370671948,4.46521368653137,7.99888762571057e-06,1.27361789674749e-05
"FGLBJAKE_01347",35.9621459691292,-1.50384093687377,0.336894284862001,-4.46383629656934,8.05050815141095e-06,1.28112737691889e-05
"FGLBJAKE_01910",37.4883116546284,-1.48725593994868,0.333578842050257,-4.45848402976534,8.25413455073743e-06,1.31280479794241e-05
"FGLBJAKE_00270",219.858026703705,0.587661024964811,0.131950187060333,4.4536581421905,8.44194766829572e-06,1.34193349550232e-05
"FGLBJAKE_01473",779.194469630527,0.366404436357745,0.0823965557278373,4.44684165644023,8.71420224743312e-06,1.38444539851425e-05
"FGLBJAKE_02928",113.518045818235,0.80081190182414,0.180471308115988,4.43733638429362,9.10789031850421e-06,1.44619208703763e-05
"FGLBJAKE_02867",3688.0343738534,-0.277828485178092,0.0626981677891202,-4.43120580672379,9.37075971628152e-06,1.48711007314153e-05
"FGLBJAKE_00491",1193.22957809338,-0.3495751897051,0.0789442215286901,-4.42812891096857,9.50540870558893e-06,1.50764595032354e-05
"FGLBJAKE_01300",1025.83335714243,0.330731371395399,0.0747382912379442,4.42519310941228,9.63560490674772e-06,1.52745330954181e-05
"FGLBJAKE_00681",324.527998571252,-0.540223910897981,0.122517940311397,-4.40934535403486,1.03683567246253e-05,1.64270436750678e-05
"FGLBJAKE_01222",211.634693734122,0.622812182609408,0.141565205901005,4.39947216298992,1.08514495335935e-05,1.71829564515414e-05
"FGLBJAKE_02939",24.8393812077742,1.71143538175459,0.389060253073143,4.39889546217109,1.08803217191071e-05,1.72191875664723e-05
"FGLBJAKE_00844",59.1579125540318,1.09070116834796,0.248566563751636,4.38796414081572,1.14416634158899e-05,1.80976008020185e-05
"FGLBJAKE_01460",283.854098531019,0.534244207952126,0.121757224764743,4.38778240046439,1.14512257041798e-05,1.81027627468717e-05
"FGLBJAKE_02643",300.042464328591,0.539619734523967,0.123002532132242,4.38706199921002,1.14892047998974e-05,1.8152817259431e-05
"FGLBJAKE_01365",443.808646543968,0.442302131738717,0.101090560106803,4.37530597586383,1.21262261331291e-05,1.91470225393849e-05
"FGLBJAKE_01595",34.9785190992344,1.41083736836052,0.322461918767008,4.37520614451193,1.21317773292345e-05,1.91470225393849e-05
"FGLBJAKE_00194",449.741317585156,-0.458505352510644,0.104928264473405,-4.36970300434977,1.24415632352419e-05,1.96251661570171e-05
"FGLBJAKE_02938",115.262222522396,0.793623655808319,0.181887663035299,4.36326270052906,1.28136919840578e-05,2.0201070083479e-05
"FGLBJAKE_02997",578.77482120082,0.42470475797501,0.0973986608573172,4.36047841147606,1.29778386311416e-05,2.0448633895779e-05
"FGLBJAKE_00178",215.134756935875,-0.578490386170026,0.132943841738482,-4.35138911742896,1.35277729436155e-05,2.13034627068225e-05
"FGLBJAKE_01641",16.7740968147218,2.13490738343011,0.491361602078078,4.3448803781189,1.39351579512801e-05,2.19329923066698e-05
"FGLBJAKE_00780",412.639469397577,-0.449082694534158,0.103500077179575,-4.33895999666734,1.43158575852535e-05,2.25198547892821e-05
"FGLBJAKE_01208",37.8664537561482,-1.32901717942584,0.306772879866744,-4.33225120813527,1.4759240160943e-05,2.32046259423142e-05
"FGLBJAKE_00177",43.4145844543002,-1.24508024791449,0.287925880238334,-4.32430821044589,1.53011252410952e-05,2.40434302585608e-05
"FGLBJAKE_03073",113.760291618044,-0.764326191857791,0.17681441986698,-4.32275937919998,1.54089761012097e-05,2.41996706638671e-05
"FGLBJAKE_01478",139.913351645172,-0.740578048049223,0.171430943581961,-4.31997883564791,1.56044165744882e-05,2.44932240497429e-05
"FGLBJAKE_00563",194.303545765557,-0.609006537107192,0.14138132538225,-4.3075458195107,1.65075907606049e-05,2.58967335403813e-05
"FGLBJAKE_00725",54.1032888376939,-1.10340244560262,0.256375352477072,-4.30385540162756,1.67851237989748e-05,2.63177554818623e-05
"FGLBJAKE_02197",1537.19348862988,-0.387734832729882,0.0901534562068356,-4.30083159363648,1.70158341545345e-05,2.66649440349685e-05
"FGLBJAKE_02966",1542.82170014651,0.356574876099761,0.083127660673031,4.2894852713622,1.7908768878622e-05,2.80489382872805e-05
"FGLBJAKE_00035",281.302508526612,-0.523986917048516,0.122733503253482,-4.26930628686059,1.96081858241422e-05,3.06938595090331e-05
"FGLBJAKE_02174",376.15782532276,-0.445215641662456,0.10440771816401,-4.26420239318978,2.00617538653666e-05,3.13867613549611e-05
"FGLBJAKE_02181",67.4104004898249,0.964520161347982,0.226261971844743,4.26284697107571,2.0183874833039e-05,3.15606399728804e-05
"FGLBJAKE_02735",221.073782427844,0.573072797817302,0.134676398407959,4.255183570334,2.08877573426867e-05,3.26435098438726e-05
"FGLBJAKE_00097",5462.88278982705,0.260557477578233,0.0613359000923046,4.24804196540882,2.15647006039046e-05,3.36831247476206e-05
"FGLBJAKE_02204",448.590656683167,0.432275427705898,0.101893263590267,4.24243382216278,2.21108752652723e-05,3.45174663293822e-05
"FGLBJAKE_01366",337.59292860575,0.491815375153834,0.115950321116151,4.24160425274862,2.21927760395412e-05,3.46265137555056e-05
"FGLBJAKE_00683",307.870285516103,-0.506052919177297,0.119686035893312,-4.2281701068986,2.35599642308405e-05,3.6739738035505e-05
"FGLBJAKE_00027",105.604124664693,0.82348861118238,0.195002751332004,4.22295893548876,2.41115763878226e-05,3.75795393376367e-05
"FGLBJAKE_00745",1945.59544124975,0.29231225532642,0.0693634786082298,4.21420985786225,2.50654144400276e-05,3.9044987046417e-05
"FGLBJAKE_02469",13.6963635880815,2.52586315044437,0.599399559932722,4.21398899713553,2.50899513686883e-05,3.90620369629524e-05
"FGLBJAKE_00824",1298.03704711981,-0.354941731267529,0.0842713031001982,-4.21189323304405,2.53239239791658e-05,3.94049580487939e-05
"FGLBJAKE_00904",272.179291980768,0.500281520939512,0.11884300419612,4.20960008814592,2.55823096571344e-05,3.97854750836603e-05
"FGLBJAKE_01445",244.931084876022,0.552842262504238,0.131780332126605,4.19518037011097,2.72654528898858e-05,4.23801577098603e-05
"FGLBJAKE_01961",464.51382141796,-0.416104378739782,0.0994184357980189,-4.18538448527948,2.8468381511249e-05,4.42260153855836e-05
"FGLBJAKE_00940",24.0529614281888,-1.65357512009277,0.395323584179697,-4.18283954276082,2.87890587244074e-05,4.47000295915435e-05
"FGLBJAKE_01492",65.52592386383,0.998423461585092,0.238887495619319,4.17947142439024,2.92187429794995e-05,4.5342692939029e-05
"FGLBJAKE_00273",173.655588314925,0.613987917963567,0.147021240722548,4.17618512091228,2.96438604117215e-05,4.59775795052821e-05
"FGLBJAKE_00751",130.545800404389,-0.708778787724767,0.169782019369854,-4.17463987267556,2.98457802239927e-05,4.62657887614644e-05
"FGLBJAKE_00489",4378.42148020365,-0.238433138576543,0.0572667313166238,-4.16355418049378,3.13331630475801e-05,4.85452887324772e-05
"FGLBJAKE_01883",1662.80442298869,-0.333802989582191,0.0802886263369678,-4.15753768387111,3.21696222201042e-05,4.98143826835019e-05
"FGLBJAKE_02029",79.4864841240817,0.881074897182779,0.211978432689172,4.15643651104221,3.23249946461437e-05,5.00280207932241e-05
"FGLBJAKE_02379",7124.9560825515,-0.262838611879229,0.0633349817992049,-4.14997532820841,3.32511112664034e-05,5.14336349728974e-05
"FGLBJAKE_02754",586.527244208143,-0.38338730346981,0.0925453009570187,-4.14269875947422,3.43242670429186e-05,5.30650583546789e-05
"FGLBJAKE_02566",1042.25566296672,0.307869975109849,0.0743489618094521,4.1408779304664,3.45979055685382e-05,5.34593444107413e-05
"FGLBJAKE_01386",13.3165775272127,2.34032624381599,0.565481455979705,4.1386436620832,3.49365080051716e-05,5.39535325130915e-05
"FGLBJAKE_00248",1374.77728474061,-0.299673890854079,0.072495089428082,-4.13371296205335,3.56949231951622e-05,5.50951714623502e-05
"FGLBJAKE_02535",265.520405155396,0.529349777622137,0.128310366373683,4.12554178265293,3.698630230705e-05,5.70577739293944e-05
"FGLBJAKE_00979",42.256507889645,-1.23281653828191,0.29890400795142,-4.1244563655442,3.71611430738974e-05,5.729674098411e-05
"FGLBJAKE_02539",1029.35336688993,0.347570319438304,0.0843688350437075,4.1196529412578,3.79443495442428e-05,5.84729547400289e-05
"FGLBJAKE_02538",77.1731676059888,0.878128823198184,0.213340989040156,4.11608114853586,3.85368672884087e-05,5.93542103895427e-05
"FGLBJAKE_01228",693.745170704392,0.343150216980796,0.0834457187465611,4.1122567117314,3.91810272831227e-05,6.03140184315451e-05
"FGLBJAKE_00671",146.550064339273,0.833751709270375,0.202814808974137,4.11090153370751,3.94117258169518e-05,6.06366702344322e-05
"FGLBJAKE_00572",673.39470764627,-0.367123932436371,0.0895723595706217,-4.09862969108142,4.15603343309663e-05,6.39081866598166e-05
"FGLBJAKE_02456",290.145182451032,-0.478387793519904,0.116833384427253,-4.09461555757442,4.22869464860777e-05,6.49907402144317e-05
"FGLBJAKE_00205",109.994313208146,-0.771741787205709,0.188558434956616,-4.09285210382274,4.26099512764443e-05,6.5452164601016e-05
"FGLBJAKE_01760",577.977191998182,0.386369739172392,0.0944167908507952,4.09217190809804,4.27351644355312e-05,6.5609435143011e-05
"FGLBJAKE_02638",5727.54927857025,0.235555810348486,0.057576163531326,4.09120364923801,4.29140076582146e-05,6.58488296901808e-05
"FGLBJAKE_00049",4087.35256397819,-0.254375402597828,0.0622297929967139,-4.08767875238249,4.35710929650188e-05,6.68214093817845e-05
"FGLBJAKE_01285",1268.57546535103,-0.309682681880209,0.075782688393642,-4.0864567943487,4.38011007619963e-05,6.71383272479879e-05
"FGLBJAKE_03043",145.651633643054,-0.711662624244301,0.174259962999526,-4.08391355073475,4.42835109507808e-05,6.78415834075394e-05
"FGLBJAKE_00562",60.764356045391,-1.01326262295309,0.248203218942775,-4.08239114411607,4.45746923847105e-05,6.82512871143622e-05
"FGLBJAKE_02603",566.72343325878,0.397483355849658,0.0974193232494865,4.0801284857186,4.50108144239984e-05,6.88823645657995e-05
"FGLBJAKE_02232",410.900443783907,-0.432733948989816,0.106207238598932,-4.07442990419832,4.61272036119788e-05,7.05532640664327e-05
"FGLBJAKE_01545",52.235830130973,-1.08392827874307,0.26747307909422,-4.05247616849412,5.06783876646749e-05,7.74732373129126e-05
"FGLBJAKE_01966",121.020980646686,-0.696367623365465,0.17194610259392,-4.04991804327229,5.12355736375794e-05,7.82833804542282e-05
"FGLBJAKE_00799",288.425582345241,-0.502966667937896,0.12424368796392,-4.04822712670889,5.16070545069652e-05,7.88090726105303e-05
"FGLBJAKE_01481",500.754565898268,-0.379730522488713,0.0939979984530225,-4.03977242854263,5.35030894589671e-05,8.16611147663683e-05
"FGLBJAKE_00995",317.935572967543,0.459585714176477,0.113871724157836,4.03599504245192,5.43713640672117e-05,8.29423037840586e-05
"FGLBJAKE_02141",9.34517409913675,-3.24451969424347,0.805995047151491,-4.02548341420967,5.68583881619748e-05,8.66901896962947e-05
"FGLBJAKE_02326",779.358778545211,0.335178934842588,0.0834084159702007,4.01852655926637,5.85632089069175e-05,8.9242132766957e-05
"FGLBJAKE_01592",122.64618722908,0.673952931472064,0.167963774882155,4.01248978802076,6.00816789119762e-05,9.1507549121897e-05
"FGLBJAKE_01742",2353.45102207629,-0.260464955083896,0.0649204222297008,-4.01206501957614,6.0189915909195e-05,9.16238444507556e-05
"FGLBJAKE_01422",17.3922704511786,1.8599688655365,0.464069477134691,4.00795345778938,6.1247186268791e-05,9.31839138890976e-05
"FGLBJAKE_02290",1246.46558905953,0.298450756689809,0.074918865517108,3.98365291078329,6.78639702736835e-05,0.000103196323051093
"FGLBJAKE_01078",75.0212060408356,0.902065583973026,0.226565913787528,3.98147086158325,6.84901184210212e-05,0.000104093389921742
"FGLBJAKE_01390",68.2064483723204,0.956724038764404,0.240626031380107,3.975978963195,7.00903215634996e-05,0.00010646912482743
"FGLBJAKE_01656",156.324457705177,0.665603098819935,0.167704673166682,3.96890012813413,7.22051340902931e-05,0.000109623642564977
"FGLBJAKE_00233",1030.62059314683,-0.308088535209461,0.0776449320850095,-3.96791557331972,7.25040085628751e-05,0.000110019282264891
"FGLBJAKE_01372",33.0708599585598,-1.39617983800718,0.352672458402355,-3.95885702085165,7.53093018162714e-05,0.000114215795999981
"FGLBJAKE_01506",174.621321150014,0.629756270331456,0.159474621566635,3.94894350050751,7.84968745497155e-05,0.000118987350978841
"FGLBJAKE_00452",9077.17259595107,-0.211468531273403,0.0536046713019193,-3.94496461105679,7.98117647070647e-05,0.000120916716799211
"FGLBJAKE_00827",155.068796083071,0.631934115118526,0.160386847589292,3.94006194782718,8.1460571030881e-05,0.00012334967394244
"FGLBJAKE_02841",76.5831910520543,-0.875327429641858,0.222343068415001,-3.93683255287307,8.25641755510568e-05,0.000124954944988803
"FGLBJAKE_02162",743.452758125785,0.360268279592656,0.0915558130527133,3.93495800627352,8.32112441517417e-05,0.000125867955627424
"FGLBJAKE_01750",531.0367096135,-0.476241945625349,0.121223507184651,-3.92862701868478,8.54322232504378e-05,0.00012915950006405
"FGLBJAKE_02198",126.707920537962,-0.694764922508648,0.17687566728604,-3.92798474300644,8.56606437541184e-05,0.000129436745609535
"FGLBJAKE_01844",3875.71755571422,-0.252631891443019,0.0643470205519361,-3.92608529930479,8.63395482063567e-05,0.000130325557534175
"FGLBJAKE_02281",101.720864113792,-0.756278653958773,0.192623918723949,-3.92619285792126,8.6300968906116e-05,0.000130325557534175
"FGLBJAKE_02371",4786.11722717303,-0.230925256995401,0.0589541093804479,-3.91703410368179,8.96450709325157e-05,0.000135244059769055
"FGLBJAKE_01919",490.97373821591,0.378615696930411,0.0968215364872097,3.91044916933772,9.21246463914791e-05,0.000138911979920835
"FGLBJAKE_02279",72.5209533685557,-0.875141053748449,0.224289946298507,-3.90182916439655,9.54685274669239e-05,0.000143878630277892
"FGLBJAKE_02830",2675.23903657823,-0.278878005106381,0.0715017365737939,-3.90029695039033,9.60747746886846e-05,0.000144716405898994
"FGLBJAKE_02117",279.129484601097,-0.558382424030922,0.143448560439312,-3.8925620607197,9.91911141219344e-05,0.000149332248290435
"FGLBJAKE_00159",1247.58079254858,-0.282132920214427,0.0725884588018885,-3.88674625238203,0.000101596857362696,0.000152874014691302
"FGLBJAKE_02811",7089.65849931081,0.277559228903377,0.0714401443075631,3.88519972339968,0.000102245797603004,0.000153769975045019
"FGLBJAKE_02418",96.0141291097218,0.746735310699327,0.192342299190904,3.88232496876922,0.000103462484029998,0.000155518399112037
"FGLBJAKE_02985",15.3288667141905,1.97859207603616,0.510425529767861,3.87635798102813,0.00010603165139401,0.000159296898121477
"FGLBJAKE_00843",71.4892207740707,-0.924013293490266,0.239512980593802,-3.8578839910866,0.00011437290725468,0.00017173862876173
"FGLBJAKE_00215",859.443873573751,0.355419395383589,0.0922870008610148,3.85124006704752,0.000117521224034431,0.000176373889229742
"FGLBJAKE_01061",1626.81471810785,-0.282930800959763,0.0735613686648156,-3.84618728682096,0.000119970074625482,0.000179955111938223
"FGLBJAKE_02521",5375.95085404187,0.259584710932689,0.0676171197467041,3.83903827765959,0.000123517175133429,0.00018517911389331
"FGLBJAKE_00625",283.522370574011,-0.456427547219785,0.118928237334677,-3.83784000712418,0.000124121306578642,0.000185987818095421
"FGLBJAKE_01816",2777.60386464182,0.265253596702743,0.0692492090616954,3.83042059681033,0.00012792440970475,0.000191586635482778
"FGLBJAKE_01699",1325.84569101858,-0.272770576070583,0.0713166715640748,-3.8247799580146,0.000130888936437269,0.000195924376729537
"FGLBJAKE_00611",10829.7787544179,-0.222220915202493,0.0581605187583262,-3.82082072076911,0.000133008315164741,0.000198993179481241
"FGLBJAKE_01568",154.553027073856,-0.610544379504919,0.160195137605422,-3.8112541281294,0.000138263535467802,0.000206747867291603
"FGLBJAKE_01472",39.6099959393613,1.17557851545824,0.308606705911101,3.8093096907521,0.000139355321165221,0.000208272071257849
"FGLBJAKE_02685",644.126262207982,0.359659286611155,0.0946955291868083,3.79805984189228,0.000145833119819525,0.000217840117651411
"FGLBJAKE_01062",3211.49058103491,-0.231060176790256,0.0608915977896923,-3.79461510581958,0.000147872668890485,0.000220771974229223
"FGLBJAKE_00528",18.5078660141072,1.69832705082542,0.448371878761899,3.78776442339571,0.000152008872782048,0.000226829439447355
"FGLBJAKE_01114",814.81061893513,0.327594394752311,0.0867096176982322,3.77806295828,0.000158052927179157,0.000235726057453501
"FGLBJAKE_02359",53.2409005830027,0.967962324640977,0.256305413845732,3.77659726385485,0.000158985491521982,0.000236993932901543
"FGLBJAKE_00160",97.4585113622856,-0.819458766088228,0.217179849402078,-3.77318046929444,0.000161179609739406,0.00024014007174238
"FGLBJAKE_00994",207.473450451156,0.532391758557,0.141117908808311,3.77267324220472,0.000161507747771962,0.000240504283469751
"FGLBJAKE_01543",350.824569463655,0.437630641554602,0.116076025830243,3.77020696930666,0.000163112220372774,0.000242767747981021
"FGLBJAKE_02926",478.901190985099,0.364967993950941,0.0969935195741244,3.76280802628288,0.000168016174256422,0.000249937103940455
"FGLBJAKE_01675",35.4882923817371,-1.22522949484305,0.325631187340999,-3.76262944851162,0.000168136230699967,0.000249986304724111
"FGLBJAKE_01652",249.916209021028,0.465976239549455,0.123987140376457,3.75826265639027,0.000171097226947383,0.000254257202816328
"FGLBJAKE_02683",2602.95453857748,-0.235390537457584,0.0626448075699302,-3.75754266935561,0.000171590114570161,0.00025485787559413
"FGLBJAKE_00899",88.0654122886904,-0.775219524742903,0.206407695919073,-3.75576851091272,0.00017281037124818,0.000256537710210367
"FGLBJAKE_01886",71.0225605241897,0.983740204381944,0.262672289889883,3.74512364739481,0.000180304952013481,0.000267525261789749
"FGLBJAKE_02143",437.855504220132,-0.393616881762291,0.105158710644501,-3.74307443815044,0.000181782348440032,0.000269578157593732
"FGLBJAKE_01572",350.760458647608,-0.456849026521931,0.122097640843209,-3.74166956353064,0.000182801773661128,0.000270950127644189
"FGLBJAKE_02880",814.38069149019,-0.313013621302661,0.0836704784968287,-3.74102822077831,0.000183268938613194,0.000271502541017691
"FGLBJAKE_01397",30.4562500820981,1.28009226859145,0.342576390097052,3.73666226160185,0.00018647912908888,0.000276115928388172
"FGLBJAKE_03015",146.734617656319,-0.609966005872333,0.163268077679307,-3.73597836479974,0.00018698674570482,0.00027672497793803
"FGLBJAKE_01206",53.3961807576613,-0.946966879452257,0.253491209359317,-3.73569908733977,0.000187194410297437,0.000276889724752874
"FGLBJAKE_01352",35.2064708008893,-1.20708799647252,0.323135794714796,-3.73554405366298,0.000187309783491881,0.000276917858927812
"FGLBJAKE_01440",408.023589060529,0.380326415323079,0.101996945226101,3.7288020193153,0.00019239222794602,0.000284285482322294
"FGLBJAKE_00836",5526.11526336531,-0.302579077032796,0.081308109646419,-3.72138865789167,0.000198130222341371,0.000292613699388027
"FGLBJAKE_02250",23.2823953014173,1.54849658507807,0.416327580610229,3.71941869142652,0.000199681813209949,0.000294753739684332
"FGLBJAKE_01539",31.2708071823277,1.29384864126419,0.348410042964444,3.71358021214169,0.000204347655638666,0.000301486222949449
"FGLBJAKE_02725",44.3166434550926,-1.03553257095099,0.279362857184201,-3.70676539246662,0.000209923239952031,0.000309553305090886
"FGLBJAKE_01124",135.183069392356,0.599137341237205,0.161835351317879,3.70214132053492,0.000213787474493318,0.000315089847022459
"FGLBJAKE_00632",1706.07142844864,-0.261357465704401,0.0706208943069061,-3.70085182677788,0.000214876927856583,0.000316533208949165
"FGLBJAKE_02803",1207.44047680815,0.292215415223556,0.079002447731628,3.69881470275724,0.000216608659826159,0.000318920741977654
"FGLBJAKE_01088",102.585299195846,0.679822695417484,0.184308701723366,3.68850026645975,0.000225579789967641,0.000331959199368664
"FGLBJAKE_00607",2444.24404341216,-0.269704648864871,0.0731668270266559,-3.68616024262762,0.000227663032753223,0.000334853406413901
"FGLBJAKE_01070",458.810910237338,-0.360064582082928,0.0978015163073605,-3.68158486368815,0.000231788609885985,0.000340747040824716
"FGLBJAKE_02757",2247.928482075,0.240971564352456,0.0654580527258647,3.68131275401108,0.000232036165809115,0.000340936574915846
"FGLBJAKE_01458",521.585939703268,0.361763812441614,0.0985340175593884,3.67146109944793,0.000241167789669133,0.000354172829590745
"FGLBJAKE_00466",482.578000847883,0.348017850253188,0.0949402527515431,3.66565118763634,0.000246710007500563,0.00036212694665813
"FGLBJAKE_02847",1346.07441328494,0.258937159613374,0.0710006202447764,3.64697038871888,0.000265350489608825,0.000389289079701768
"FGLBJAKE_02030",104.310548818083,0.684929733411599,0.188100716796526,3.64129252177443,0.00027127269560359,0.000397774350594243
"FGLBJAKE_00942",94.7732191989843,0.699297819979544,0.192308510943593,3.63633318436258,0.000276546590327525,0.000405300816216882
"FGLBJAKE_02543",146.702257481593,0.581828883450338,0.160014845807669,3.63609314194304,0.000276804280125359,0.000405471713088828
"FGLBJAKE_00623",5566.53746833149,0.237413429867595,0.0653184976498725,3.63470438558163,0.000278299557111784,0.0004074543694036
"FGLBJAKE_02014",162.86005254138,-0.589155984204689,0.162683832143763,-3.62147840041078,0.00029292426567709,0.000428647830731138
"FGLBJAKE_00606",774.875039977912,-0.343171895079963,0.0948244411005574,-3.61902365146601,0.000295716613383116,0.000432513764306909
"FGLBJAKE_02239",1868.58617351298,-0.257507109361727,0.0713516242369084,-3.60898735124414,0.000307394595587774,0.000449365242990469
"FGLBJAKE_02182",98.4971202072042,0.699903319685136,0.194272908816435,3.60268101172285,0.000314951934579764,0.000460178881536473
"FGLBJAKE_00838",7591.55699377511,0.202112037719421,0.0562487986226476,3.59317963527214,0.000326667217578115,0.000477053650060722
"FGLBJAKE_02653",1160.35725239189,0.277334912641313,0.0772167624314517,3.59164129534068,0.000328601937345718,0.000479635331605685
"FGLBJAKE_02620",31.361800960972,-1.29993655670807,0.363063920439885,-3.58046196144491,0.000342987274417373,0.000500378389175396
"FGLBJAKE_01459",299.197247902477,0.416608717908258,0.116458860258394,3.57730375330742,0.000347156675507824,0.000506204102186447
"FGLBJAKE_03023",423.783939359051,0.364065413064783,0.101776497919364,3.57710690097852,0.000347418119169467,0.000506328435341302
"FGLBJAKE_00608",1943.01054491899,-0.322729349473846,0.090234923365844,-3.57654594735332,0.000348164143850571,0.000507158514661196
"FGLBJAKE_01817",3370.86000241264,0.23758404434178,0.0665806804146209,3.56836311768312,0.000359218439128263,0.000522995842986133
"FGLBJAKE_01308",336.381114666188,0.428918108664431,0.12025369919696,3.56677683537967,0.000361398996439966,0.000525904159882766
"FGLBJAKE_02862",34.2256408721027,1.18043559815518,0.331366199629108,3.56232952991711,0.000367578588602047,0.000534625943138807
"FGLBJAKE_02346",447.594859651778,-0.35587496452886,0.100063070712919,-3.55650653126434,0.00037581914129585,0.000546334958059824
"FGLBJAKE_02318",47.1521434063866,0.990037876285383,0.279008760950213,3.54841142949647,0.000387562318503968,0.000563121386946615
"FGLBJAKE_03010",138.654666812667,0.584698158753128,0.164969779438249,3.54427435584947,0.000393695336219325,0.000571743504949137
"FGLBJAKE_01475",420.884691829917,0.40031461601259,0.112965715537124,3.54368238282911,0.000394580288580236,0.000572739267363433
"FGLBJAKE_01010",7.60882193400429,2.84030540208645,0.804149007862976,3.53206355328915,0.000412330246647217,0.000598201478477588
"FGLBJAKE_02635",1218.11244754738,0.288050287644468,0.0815677113037931,3.53142540154946,0.000413326429358365,0.000599344176577165
"FGLBJAKE_01585",20.1091779845126,1.48507995304749,0.421455184262412,3.52369601443278,0.000425572188833968,0.000616789949928807
"FGLBJAKE_02679",32405.4481598389,-0.192807745072701,0.0548711555634724,-3.51382694774252,0.000441700468367678,0.000639842311536646
"FGLBJAKE_01851",23.0574035884098,-1.39725621911238,0.399072282526968,-3.50126100030002,0.00046306210208559,0.000670448605236265
"FGLBJAKE_01433",14.2012150552685,1.83999431856967,0.525871790945098,3.4989409020454,0.000467110100949854,0.0006759689980513
"FGLBJAKE_01119",5924.78451060279,-0.240537093335218,0.0687810732784217,-3.49714073756217,0.000470273663226174,0.000680204583851043
"FGLBJAKE_00687",3935.79599512444,-0.203677351042457,0.0582533671218099,-3.49640477633783,0.000471572769409743,0.000681740512718109
"FGLBJAKE_00291",36.8652839139549,-1.09601733142804,0.313699156882591,-3.49384850861506,0.000476111104073108,0.000687955411315291
"FGLBJAKE_00796",1166.67331522839,-0.262150804585161,0.0752138404962211,-3.48540644721276,0.000491390017512537,0.000709675834337202
"FGLBJAKE_00813",1553.64006344639,0.249499427042519,0.0716411149252042,3.4826290364549,0.000496515869769926,0.000716718538281651
"FGLBJAKE_01534",50.2428932827205,0.903609456361006,0.260272272854867,3.47178532100065,0.000517009601584376,0.000745926503490711
"FGLBJAKE_00028",224.924171110384,0.456150947010097,0.131698610271872,3.46359727007324,0.000533003849480383,0.000768616690118726
"FGLBJAKE_02528",198.174756996346,0.480496763347626,0.138842666809953,3.46072842295177,0.000538715980459478,0.000776464256690341
"FGLBJAKE_01147",284.624903363597,0.411067765318824,0.118984770877858,3.45479309903281,0.000550715263150179,0.000793361236237401
"FGLBJAKE_02153",754.565979862273,-0.299443112181463,0.0867543630296688,-3.45162020357475,0.000557231486617271,0.000802346338946913
"FGLBJAKE_00169",147.327200279556,-0.554177322460168,0.160666011216724,-3.44925051828561,0.000562144913043525,0.000809015763689079
"FGLBJAKE_02331",556.951939631169,-0.335082448481926,0.0975926776194223,-3.43347940291824,0.000595887475627707,0.000857147449926941
"FGLBJAKE_00543",144.737626037572,-0.544478096044959,0.159339711842224,-3.41708974962936,0.000632944097764714,0.000909995666321055
"FGLBJAKE_00191",146.502251901939,-0.532372913446171,0.156096582659482,-3.4105353517413,0.000648354784138856,0.000931685824807536
"FGLBJAKE_02730",34.0830059369441,-1.08250528694781,0.31799925397202,-3.40411266198461,0.000663793690547704,0.000953394835899101
"FGLBJAKE_01455",2115.06660894558,0.230702685960083,0.0678182094465423,3.40178084680833,0.000669483006528167,0.00096108599438659
"FGLBJAKE_01535",400.086590456765,-0.348085195889794,0.102374260288055,-3.40012416119416,0.00067355260832465,0.000966445430017495
"FGLBJAKE_01647",49.9417643357204,0.900324937280698,0.265427522986312,3.39198033101913,0.000693894211599843,0.000995135710647679
"FGLBJAKE_02944",2026.15634451238,0.232068808786022,0.0684595436025623,3.38986789239034,0.000699263126070151,0.00100233527397786
"FGLBJAKE_02307",4386.85321177193,-0.207891501438822,0.0613971497763359,-3.38601225294906,0.000709162171340178,0.00101601798625707
"FGLBJAKE_00732",510.887361348189,0.33783556837531,0.0998022043499694,3.38505116771415,0.000711649874025288,0.00101907410959077
"FGLBJAKE_00069",14958.8351700933,0.193486737119178,0.0571842326307593,3.38356795602257,0.000715504982239435,0.00102408432218931
"FGLBJAKE_02878",861.966633121118,0.300866248488698,0.0890265341910009,3.37951208842083,0.000726146139475487,0.00103879741406299
"FGLBJAKE_00898",232.962864374035,-0.441023205782478,0.130583781557416,-3.37731991310549,0.00073195865254791,0.00104659162558343
"FGLBJAKE_00743",20036.9652601692,-0.227220790714071,0.0672883955414864,-3.37681986448879,0.000733290561966744,0.00104797467682368
"FGLBJAKE_02375",943.712046474493,0.322206807616376,0.0954536321753201,3.37553218535024,0.000736730742153049,0.00105236786925838
"FGLBJAKE_03032",31.6720035012672,1.15567341690615,0.342795233885535,3.37132288511354,0.000748081236991086,0.00106805040989189
"FGLBJAKE_01733",4699.83111227739,-0.198535014456671,0.0589161546993208,-3.36978907516786,0.000752257412739175,0.00107347954528917
"FGLBJAKE_00065",2430.39382711679,-0.211965987658172,0.0632107414643782,-3.35332227953098,0.00079847673656137,0.00113830463337172
"FGLBJAKE_01236",885.483587006125,0.286011886067581,0.0852896654482074,3.35341784452494,0.000798201060875183,0.00113830463337172
"FGLBJAKE_03086",280.651717128243,-0.395770895600413,0.118189150608846,-3.34862289441643,0.000812142536719269,0.00115721251885532
"FGLBJAKE_00459",12128.2705187495,0.189319927926662,0.0565675169508114,3.34679579609772,0.000817514081340833,0.00116428913269254
"FGLBJAKE_01090",137.710292331294,-0.554909231121825,0.165885360863028,-3.34513683567301,0.000822419845918045,0.00117011615701409
"FGLBJAKE_02935",1694.60864468002,0.234877006921016,0.0702135776044883,3.34517930768425,0.000822293910658134,0.00117011615701409
"FGLBJAKE_02625",582.438030516927,-0.301079355559257,0.0903954912939909,-3.33068996306536,0.000866310313227511,0.00123195241970107
"FGLBJAKE_02439",1563.6760537461,-0.266419113354341,0.0800478868943347,-3.32824667446901,0.000873944464038758,0.00124219406016191
"FGLBJAKE_01558",144.987853284219,0.534017746693282,0.160782472976865,3.32136791284535,0.000895773709772065,0.00127259201279531
"FGLBJAKE_01673",79.1646680837853,-0.75936840525716,0.228992615352768,-3.3161261732713,0.000912746098748545,0.00129606338330203
"FGLBJAKE_02728",12.6465310079546,-1.92698371860248,0.581289923547341,-3.3150131122917,0.000916388260063952,0.00130059252317225
"FGLBJAKE_01477",135.809055656092,0.555916285300932,0.167716897203954,3.31461107717074,0.000917707107965089,0.00130182143548453
"FGLBJAKE_03045",41.0613940020548,-1.00338713909486,0.30279383355151,-3.3137634519369,0.000920493448032445,0.00130512983208942
"FGLBJAKE_02945",186.790907366488,-0.493073103360996,0.148852167554205,-3.31250200425495,0.000924654635016101,0.00131038334370625
"FGLBJAKE_00750",53.5948670257975,-0.848007409948592,0.256612992341249,-3.30461603760458,0.000951065965643517,0.00134714814453399
"FGLBJAKE_01483",509.78613860223,-0.336364524457413,0.101804817176928,-3.30401383534574,0.000953111284228321,0.00134938021225231
"FGLBJAKE_02518",470.787551955572,0.334931525169546,0.101380328864348,3.30371314555213,0.000954134070815226,0.00135016313122745
"FGLBJAKE_00971",85.1698255778685,0.698754119212414,0.211659229773066,3.30131655473561,0.000962322412229517,0.00136108002595848
"FGLBJAKE_00753",512.672300151832,-0.325342997490418,0.098576180025196,-3.30042204320822,0.000965395299819756,0.00136475459502311
"FGLBJAKE_01014",105.748367169107,0.589261093146177,0.179371076266468,3.28515112587489,0.00101927684371344,0.00144021713315262
"FGLBJAKE_00794",5322.27806955562,-0.254091874005996,0.0773623210436363,-3.28443964165289,0.00102185383290857,0.00144314885296277
"FGLBJAKE_02556",22.5809784649288,-1.29661539590061,0.394992317078141,-3.2826344712019,0.00102841922659873,0.0014517076901988
"FGLBJAKE_01076",52.2151521589781,-0.84856935559109,0.259238837406356,-3.27331106743454,0.00106295425955225,0.00149972044278507
"FGLBJAKE_01465",73.0528610967697,-0.73359424370108,0.224356859654283,-3.26976516265869,0.00107636802623382,0.00151790073964475
"FGLBJAKE_02088",265.238128862932,-0.409542068353541,0.125581268985522,-3.26117160355144,0.00110952870374345,0.00156389676045055
"FGLBJAKE_02689",1253.00108054494,0.237064376630002,0.07272388517021,3.2597870159873,0.00111495905781614,0.00157078055498214
"FGLBJAKE_01074",57.2700582627067,0.794685229845241,0.244133929951872,3.2551199663312,0.00113344477023553,0.00159604128841592
"FGLBJAKE_00496",2838.07110567416,0.209105580449006,0.0642792236395061,3.2530819230444,0.00114160579121529,0.00160674585893866
"FGLBJAKE_02519",441.122430796284,0.330884519042531,0.10181567050461,3.24983882542472,0.00115470431803084,0.0016243858100933
"FGLBJAKE_00579",18.6083353574212,-1.50484074904721,0.463459117851765,-3.24697625115777,0.00116638122039461,0.00164000960245309
"FGLBJAKE_02612",1963.51991887504,0.216199156686786,0.066893066808858,3.23201143258328,0.00122922138030376,0.00172752188117018
"FGLBJAKE_03002",185.554717284105,0.464262995713089,0.143932211012847,3.22556703913658,0.00125723387894384,0.00176602647511466
"FGLBJAKE_03035",59.6170041321421,0.790161686862463,0.246262067205787,3.20862118891487,0.00133373087722279,0.00187256597026786
"FGLBJAKE_02345",30.1575479245313,-1.10928343140591,0.346489788602087,-3.20148953272567,0.00136719042349686,0.00191860609234862
"FGLBJAKE_02999",214.538104508016,0.454062376389129,0.142180229579674,3.1935690196272,0.00140525740543099,0.00197106382782268
"FGLBJAKE_01991",76.5881311838868,0.677717058998089,0.212737922557153,3.18568993648049,0.00144409276252745,0.00202454760951409
"FGLBJAKE_00978",107.985071765621,-0.587032508142419,0.184541345463864,-3.18103515863532,0.00146749818682974,0.00205635777130603
"FGLBJAKE_02933",317.717027536904,-0.363896529845773,0.115299269302866,-3.15610438857072,0.00159891625465715,0.00223941779526543
"FGLBJAKE_00305",37.3796546023879,0.959977180249188,0.304225481304626,3.15547920618768,0.00160234687560479,0.00224312952775848
"FGLBJAKE_02292",229.655922723462,-0.411693146517297,0.1305094528882,-3.15450825519874,0.00160768829953441,0.00224951128182175
"FGLBJAKE_01493",23.8661040287855,-1.21452726557418,0.386858131936717,-3.13946422553902,0.00169257079542386,0.00236712820732271
"FGLBJAKE_02145",242.71693095278,-0.396280117608762,0.126438513038962,-3.13417255616292,0.00172339478284975,0.00240906449703803
"FGLBJAKE_02723",43.2191600187668,-0.932851237190282,0.297739901055034,-3.13310790352501,0.00172965842846466,0.00241664478532203
"FGLBJAKE_03017",136.645048894294,-0.593750518866272,0.189531709187722,-3.13272391944818,0.00173192264485021,0.00241863249820189
"FGLBJAKE_02987",59.6303046466581,0.738600146462825,0.236004394636614,3.12960336014115,0.00175042479370834,0.00244328356343747
"FGLBJAKE_01749",970.696847985216,-0.248948686897781,0.0795538966725555,-3.12930852303132,0.00175218227986476,0.00244454945258802
"FGLBJAKE_01976",329.449376998242,0.414651314958471,0.132667185156982,3.12550020917247,0.00177502943784549,0.00247522300066373
"FGLBJAKE_02814",772.240884598389,0.309427896953249,0.0999303665623726,3.09643512375307,0.00195862716256207,0.00272991972124315
"FGLBJAKE_00654",1278.70153003099,0.269736365244107,0.0871451889545556,3.09525251456817,0.00196645403597309,0.00273950019359509
"FGLBJAKE_01658",55.4583704172419,0.759580991232296,0.246124376928907,3.08616724889344,0.00202754741505655,0.00282324189480258
"FGLBJAKE_02646",1098.07710732562,0.245588742061919,0.079645810901655,3.08351110098141,0.0020457347775065,0.00284718728840372
"FGLBJAKE_01350",25.3204614485551,-1.18292066418805,0.383672614426534,-3.08315115467945,0.00204821091065855,0.00284925370630816
"FGLBJAKE_01127",54.5288434029547,0.7631084258239,0.247564800644815,3.08245931504108,0.00205297791911993,0.00285450340568489
"FGLBJAKE_02764",818.119892286185,0.267230599761268,0.0867571295046406,3.0802148628831,0.00206851311334572,0.00287471309852785
"FGLBJAKE_00161",1372.28148064509,-0.23933647479626,0.0779414451279719,-3.07072154491483,0.00213542198249119,0.00296626523812455
"FGLBJAKE_01520",48.6858331147801,-0.835873798734827,0.272621123548664,-3.0660639493169,0.00216896919771198,0.00301140940783779
"FGLBJAKE_02994",176.203041664784,0.434878699287026,0.14252532601804,3.05123806018857,0.00227899802319717,0.00316264621857493
"FGLBJAKE_00890",24.4404794305673,-1.15878093421602,0.380340169156335,-3.04669616355909,0.00231371453843421,0.00320927393024127
"FGLBJAKE_02249",113.190067610811,0.5383225255267,0.17715134442332,3.03877188896928,0.00237544645830738,0.00329331071933208
"FGLBJAKE_01662",48.6628115513491,0.818685259599639,0.269754636777243,3.03492562493259,0.00240595010089234,0.00333399256989613
"FGLBJAKE_01827",29.5638666813893,-1.06830053319033,0.353144453447336,-3.02510919472688,0.00248543376796888,0.00344247549356269
"FGLBJAKE_02688",848.940432581547,-0.25278095345804,0.0838422412072726,-3.01495940254175,0.0025701365486997,0.00355807921048311
"FGLBJAKE_01488",244.151196187788,-0.411498945987757,0.136706454104517,-3.01009157675285,0.00261168932651586,0.00361386380568443
"FGLBJAKE_02240",7986.80880226475,0.17482992253944,0.0582839681812646,2.99962284646981,0.00270314092966403,0.00373860781128702
"FGLBJAKE_00113",28651.1424708483,0.251327388705435,0.08382046802375,2.99840116180481,0.00271400171582237,0.003751823439766
"FGLBJAKE_01567",234.496331368591,0.393896693920516,0.131870780408856,2.98698993589988,0.00281738997094916,0.00389287441178264
"FGLBJAKE_01901",7448.65323060862,0.159734523603235,0.0535133691141564,2.98494612182769,0.00283628276297231,0.00391709594463355
"FGLBJAKE_02434",18199.3256463105,0.206641372772491,0.0692319179745562,2.9847703027444,0.00283791340678562,0.00391746548083664
"FGLBJAKE_01254",32.7305574632498,0.955419401399661,0.320558411394967,2.98048457765305,0.00287792729101684,0.00397079358347691
"FGLBJAKE_01187",6195.3719922804,-0.208519102982298,0.0700150132922709,-2.97820557587921,0.00289941443100895,0.0039985206692513
"FGLBJAKE_00876",611.274426153638,0.271275488779626,0.0911978372354126,2.97458247918064,0.00293387571955679,0.00404410494868404
"FGLBJAKE_02351",305.57703278774,-0.344301611404498,0.115897532417172,-2.97074151816441,0.00297081707489569,0.00409306245122254
"FGLBJAKE_02244",40.3325687228568,-0.879166817708776,0.296076056695416,-2.96939518690363,0.00298386585715807,0.0041090706629
"FGLBJAKE_02967",802.134204141754,0.243030618862302,0.0819990369184732,2.96382284469918,0.00303843152885913,0.00418220891472277
"FGLBJAKE_01968",508.550893480547,0.287093995170142,0.0970046480278545,2.95959009188615,0.00308048616739797,0.00423806474155183
"FGLBJAKE_02917",50.5045533742802,0.795802087934599,0.270206157217353,2.94516637270578,0.00322781045850203,0.00443862548216977
"FGLBJAKE_01684",23.5726850819112,-1.13248255372842,0.385167064762033,-2.94023725633993,0.00327961016232746,0.00450769947705841
"FGLBJAKE_01646",18.0289401583412,-1.32851239924107,0.45529952111057,-2.91788666063288,0.00352412418872718,0.00484145933002004
"FGLBJAKE_02805",1636.52844368663,-0.199723573545813,0.0685103086612599,-2.91523388886364,0.00355422069978164,0.00488047314437288
"FGLBJAKE_01144",91.7628914910029,-0.609854978224691,0.209285181440114,-2.91399025018501,0.00356841051050422,0.00489761786398716
"FGLBJAKE_02991",32.6455625044852,0.961618992167342,0.330582402771121,2.9088632186908,0.00362745529029812,0.00497627995432782
"FGLBJAKE_02701",3403.74337135914,0.179355197410215,0.0618765474025599,2.89859736748653,0.00374835903394485,0.00513968695780415
"FGLBJAKE_00031",147.835758148838,0.446961512658549,0.154265598287311,2.89735052805558,0.00376329018639366,0.0051576995687627
"FGLBJAKE_02682",1661.20142039623,-0.207025411402334,0.0715760271199315,-2.89238477927038,0.00382329388728618,0.0052374388141375
"FGLBJAKE_02206",6205.59942191507,0.177826534448221,0.0615033771462955,2.89132959358041,0.00383615569188509,0.00525255429179503
"FGLBJAKE_00737",412.332063219753,-0.308918481058361,0.107353687357858,-2.87757680859716,0.00400742339133792,0.00548444515557389
"FGLBJAKE_02223",2823.38632625423,-0.193917745697431,0.0674259813390901,-2.87600924519295,0.00402737915592741,0.00550913264832716
"FGLBJAKE_01311",52.3726725268534,-0.743197802716163,0.25861790698952,-2.87372909079447,0.00405656758286294,0.00554378280225777
"FGLBJAKE_01486",127.219837575785,0.505192777322683,0.175788374556652,2.8738690974122,0.00405476982954675,0.00554378280225777
"FGLBJAKE_01496",180.144839774452,0.464094124012016,0.161697817049128,2.87013227810622,0.00410300116702874,0.00560457478804211
"FGLBJAKE_00669",1891.32053292817,0.204924296912883,0.071433539984137,2.86874060782078,0.00412109618101443,0.00562661777873419
"FGLBJAKE_02776",340.853758096636,0.326723559678727,0.114020402504566,2.86548330388189,0.00416373228796342,0.00568213038727771
"FGLBJAKE_00021",502.125688069519,-0.277336182644342,0.0968269656702023,-2.86424531353139,0.00418004149851519,0.00570167976589115
"FGLBJAKE_02236",13.824134600839,-1.45499837369651,0.509332882627477,-2.85667472751938,0.00428104304114489,0.00583667822592524
"FGLBJAKE_00012",110.438419578098,-0.520405471413878,0.182226727969172,-2.8558130698693,0.00429267786082381,0.00584976584732463
"FGLBJAKE_03050",41.8558446398904,-0.810426756950142,0.284449696649187,-2.84910395931849,0.00438425520516347,0.00597172960172503
"FGLBJAKE_02268",636.408138748671,-0.26652523755419,0.0935561328107623,-2.84882700413981,0.00438807334059041,0.00597409890140068
"FGLBJAKE_01655",322.827841393012,0.321281692554706,0.113070171318706,2.84143632938456,0.00449108189219697,0.00611144382489303
"FGLBJAKE_00870",1451.75405435967,0.218047475186716,0.0767897755657796,2.83953786269283,0.00451789331638761,0.00614501911561665
"FGLBJAKE_02274",103.693073211348,0.515407045555626,0.181693783187243,2.83667958536852,0.00455853340047483,0.00619736281597193
"FGLBJAKE_00570",39.6449403678769,-0.820458125175931,0.289421671185297,-2.83481925114946,0.00458516194437486,0.00623061722370371
"FGLBJAKE_02969",366.977265382624,-0.30978129303435,0.109624286646331,-2.82584546281943,0.00471560082177684,0.00640483778912411
"FGLBJAKE_01584",13.0162094612078,1.47911265337952,0.524730252485414,2.81880575090462,0.00482026790132008,0.00654390644704483
"FGLBJAKE_03048",24.5775825110975,-1.06754775459574,0.37875673835337,-2.81855778787424,0.00482399267044723,0.00654587107406295
"FGLBJAKE_00017",1083.31893895833,-0.226242705727966,0.0804338666205913,-2.81277918411108,0.00491153663717468,0.00666151783635679
"FGLBJAKE_02748",383.585056851713,-0.314126263265417,0.111804708295073,-2.80959780724423,0.00496034445680288,0.00672454243813749
"FGLBJAKE_00637",1675.40145424866,0.197100918230613,0.0703068080388215,2.80344000429914,0.00505606382435603,0.00685107375351213
"FGLBJAKE_00179",285.108452197688,-0.34097463318224,0.122559666056017,-2.78211131079939,0.00540065135775166,0.00731454854014056
"FGLBJAKE_01924",7078.4391641175,-0.154319935596028,0.0557371365020952,-2.76870943289717,0.00562788018545694,0.00761871297833408
"FGLBJAKE_02807",2856.57599894544,-0.2136035500641,0.0773209827418349,-2.7625560680895,0.00573507107032825,0.00776016678725207
"FGLBJAKE_02355",2366.71668506703,-0.19931981345076,0.0722059669576612,-2.76043410051739,0.00577246025106452,0.00780708271132209
"FGLBJAKE_02765",1865.88408761006,0.186605518717307,0.0676070266303778,2.76014976575614,0.00577748690817285,0.00781020572628822
"FGLBJAKE_01526",196.460336098418,-0.37727787600602,0.137535174647005,-2.74313736085576,0.00608552233543361,0.00822275091304006
"FGLBJAKE_01682",22.1483682816326,-1.08953312211611,0.397869010308482,-2.73842167619778,0.00617348635738891,0.00833768787177431
"FGLBJAKE_00072",5194.08345376177,0.150941450001685,0.0551961499300099,2.73463729251193,0.00624490464973481,0.008430181288557
"FGLBJAKE_00604",3.12306135603999,-3.95976822042466,1.44928298193803,-2.73222570731461,0.00629080284978499,0.00848815370435777
"FGLBJAKE_02618",12.7877176977727,1.51381756059774,0.554398410678681,2.73055898328526,0.00632270178539997,0.00852719142714196
"FGLBJAKE_02634",1266.53331896163,0.230407621651864,0.0844616439750245,2.72795568270014,0.00637281691989967,0.00859074851209739
"FGLBJAKE_01011",13.2620429453969,1.44089090065627,0.528501672513145,2.7263696135615,0.00640352467591917,0.00862809653942414
"FGLBJAKE_02990",32.5613104265133,0.917835940281303,0.3367487204681,2.72558107720635,0.00641884095927699,0.00864468084206283
"FGLBJAKE_00201",32.5688982994503,-0.900993465584081,0.330596819552408,-2.72535430559776,0.00642325179851223,0.00864656939996447
"FGLBJAKE_00961",213.642614651752,0.356060642696963,0.130677385280598,2.72473038798877,0.00643540143412283,0.0086588687835529
"FGLBJAKE_00050",1473.07178827286,-0.185964015463278,0.0684169271986484,-2.71809949785281,0.00656580905246717,0.00883019897837653
"FGLBJAKE_02430",17693.6332531949,-0.163413258647676,0.0602913384828395,-2.71039361141713,0.00672034040566405,0.00903379715897029
"FGLBJAKE_02996",195.013188940368,0.37695329926813,0.139184305821432,2.70830318866371,0.00676282098540794,0.00908665147829004
"FGLBJAKE_03006",37.0139185386811,0.83271159078839,0.30773493224116,2.70593781708157,0.0068111798631869,0.00914735090037344
"FGLBJAKE_02253",398.763781446141,0.298207143464226,0.110388030454466,2.70144455188222,0.00690389909159438,0.00926754133079974
"FGLBJAKE_02023",15.4134957399023,-1.31290952534587,0.486236162566443,-2.70014784259585,0.00693086690489458,0.0092993984522255
"FGLBJAKE_01965",73.678915011505,-0.577703524243467,0.21418761093375,-2.69718459310028,0.00699284946247323,0.00937818448676998
"FGLBJAKE_01393",538.823050991407,-0.258861597897838,0.0965864578076202,-2.68010240538519,0.00735996403632943,0.0098659219404901
"FGLBJAKE_02923",1272.35653999537,-0.263196316461428,0.0987122171207641,-2.66629931064596,0.00766913800553504,0.0102755723207029
"FGLBJAKE_03016",28.4292438910323,-0.943226742923055,0.354963434782181,-2.65725043905397,0.00787808947231017,0.0105506193585366
"FGLBJAKE_02529",150.745855580065,0.427530156469946,0.161730543944497,2.64347195058384,0.00820605644757643,0.0109847257709989
"FGLBJAKE_00699",1488.68159836698,0.181200651121238,0.0685675071262529,2.64266062331236,0.00822574388279931,0.0110059534074326
"FGLBJAKE_00999",293.903519065705,0.347584089191139,0.13175012133059,2.6382069760602,0.00833456951581984,0.011146371702404
"FGLBJAKE_01344",51.7273132059145,-0.698171922152976,0.266031489809646,-2.62439579108676,0.00868028505304805,0.0116033205778884
"FGLBJAKE_00566",5.21889349042936,2.4866982767403,0.950748134202632,2.61551738813122,0.00890923848165408,0.0119038360745113
"FGLBJAKE_02940",10.7741609507824,1.49427717933964,0.571676155312993,2.61385255524874,0.00895276631573082,0.0119564360554881
"FGLBJAKE_01626",17.7082686304095,-1.1827741045003,0.452765036332493,-2.61233533861418,0.00899259996413354,0.0120040558740919
"FGLBJAKE_02744",7.0681370293852,-2.00301182236696,0.767361997050531,-2.61025673680197,0.00904742938558128,0.0120716397651628
"FGLBJAKE_01530",21.842902206566,1.04586416566722,0.401367214141616,2.60575385536647,0.00916723140312019,0.0122201405624153
"FGLBJAKE_02942",44.1307104625177,0.755057727295803,0.289759507693715,2.60580829014219,0.00916577471658853,0.0122201405624153
"FGLBJAKE_01638",74.8640519517065,-0.598183836794852,0.229604447263314,-2.60527983636504,0.00917992499250038,0.0122313882375735
"FGLBJAKE_02354",4679.27054684669,-0.197581524008874,0.0759661821992662,-2.60091422641985,0.0092975697260807,0.0123823982357534
"FGLBJAKE_00542",29.5741981968988,0.885220564678427,0.340639786557853,2.59869985718208,0.00935775540125575,0.0124567804646637
"FGLBJAKE_00688",2971.54636837547,-0.168428387201462,0.0650540062095181,-2.58905480254372,0.00962397769204578,0.0128052369846942
"FGLBJAKE_01677",59.4350331974595,-0.622541564689451,0.24074388492078,-2.58590811099649,0.00971228189718494,0.0129167506582645
"FGLBJAKE_01762",34.5503260830441,-0.848605536769837,0.329834202716267,-2.57282455785773,0.0100872327126795,0.013409207593081
"FGLBJAKE_02142",576.699511371832,0.231514009130431,0.0900269801459076,2.57160696443682,0.0101227739492933,0.0134502322377573
"FGLBJAKE_01960",826.913598087265,-0.218217389719134,0.084939090424502,-2.5691043856079,0.0101961738786484,0.0135414989497391
"FGLBJAKE_02374",5585.03638387771,0.158966451972758,0.0620218016577797,2.56307375348259,0.0103750006658666,0.0137726336783837
"FGLBJAKE_02054",590.194367729794,-0.295883269956086,0.115979450029947,-2.5511697967156,0.0107362005819427,0.0142455403843505
"FGLBJAKE_02549",601.118326356867,0.226239708954053,0.0887366368547107,2.54956370866835,0.0107857802419581,0.0143047219268055
"FGLBJAKE_00499",2968.56336944985,0.156529233855877,0.0616741585003698,2.53800356035565,0.0111486850242285,0.0147734320129008
"FGLBJAKE_01577",124.298809689603,-0.425565513265316,0.167678897921252,-2.53797894989253,0.0111494690452268,0.0147734320129008
"FGLBJAKE_02749",389.878947747168,0.275808227952614,0.108880512220645,2.53312757560959,0.0113049799876385,0.0149725863983746
"FGLBJAKE_00226",11.6774625906104,-1.42219851692543,0.564222842986134,-2.52063264471619,0.0117144077342285,0.0155076959134835
"FGLBJAKE_03038",87.41319430404,0.511353083890817,0.203267610345697,2.51566436492838,0.011880826472932,0.0157207621009238
"FGLBJAKE_01532",485.214071365359,0.25215153364676,0.100252365799637,2.51516791285211,0.011897570414273,0.0157356729731342
"FGLBJAKE_01765",109.004829753452,-0.49184668013369,0.195667556137816,-2.51368540519443,0.0119476958570575,0.0157947000428626
"FGLBJAKE_01936",3889.54003276798,0.1550607965035,0.0619279460909476,2.50389050971878,0.0122836040748681,0.0162313002809982
"FGLBJAKE_01757",86.8015937455951,-0.510815220775129,0.204351537489982,-2.49968865930441,0.0124302494466926,0.0164175261533982
"FGLBJAKE_01138",6.68608732084439,-1.92814685964221,0.774107545829627,-2.4907997216017,0.0127455943263666,0.0168262921883223
"FGLBJAKE_01852",66.0014594256256,-0.568572027338899,0.228306792940085,-2.49038594085158,0.0127604446046316,0.0168381624397205
"FGLBJAKE_02813",15871.4308847364,0.139262023236026,0.0560270201552419,2.48562252374217,0.0129325060397706,0.01705737602492
"FGLBJAKE_02243",77.1033047514475,-0.526895228717884,0.212844245738134,-2.47549670366063,0.013305098994002,0.0175407589489733
"FGLBJAKE_00968",36.4732271629706,-0.76845021929864,0.311228940642396,-2.46908342685777,0.0135459633522051,0.0178501140184491
"FGLBJAKE_02976",2426.46726609269,-0.160515164853803,0.0651530286411606,-2.46366390329854,0.0137525001360201,0.0181139713065636
"FGLBJAKE_02096",543.518586052143,-0.230384702722486,0.0936635557431243,-2.45970485419456,0.0139051315737771,0.0183066184805476
"FGLBJAKE_00916",4991.91561056955,0.145833184246527,0.059400325798897,2.45509064613978,0.0140849067044568,0.0185348085478979
"FGLBJAKE_00313",3269.83768355766,-0.157382124325349,0.0646512232515375,-2.43432554575224,0.0149195698355461,0.0196241847630936
"FGLBJAKE_02559",25.2982933661537,-0.897670087436188,0.370196382073021,-2.42484835321573,0.0153147825069375,0.0201348055466324
"FGLBJAKE_02043",708.795776063726,0.212930907814869,0.0884862310428192,2.40637334538331,0.0161117896910567,0.0211729691687687
"FGLBJAKE_01752",7.1601347947727,-1.8179083352596,0.755760499974409,-2.40540268421168,0.0161546539230458,0.0212195956923372
"FGLBJAKE_00946",78.1410745089294,0.504262279026332,0.210084985894884,2.40027756804401,0.0163826439773668,0.021509236542235
"FGLBJAKE_01660",222.001819658572,0.324683665110992,0.135437793123459,2.39728998548452,0.0165168462880288,0.0216673005831768
"FGLBJAKE_02722",8.50258299099324,-1.58773588188875,0.662312233726585,-2.39726189708916,0.0165181125879402,0.0216673005831768
"FGLBJAKE_00741",1126.18655167939,-0.184826486389708,0.0772256852356162,-2.39332918608363,0.0166962536330619,0.0218909821813047
"FGLBJAKE_01333",20.9982515717053,0.943391541732615,0.394301817134654,2.39256199372382,0.0167312013111114,0.0219268000766686
"FGLBJAKE_03008",646.919326255264,0.227159974996885,0.0950786168452261,2.38918047542349,0.0168860050870357,0.0221195891614132
"FGLBJAKE_02621",51.8196148963548,-0.64319890590147,0.269549089416535,-2.38620322292216,0.0170233410729102,0.0222893313182432
"FGLBJAKE_02187",7.01391109282095,-1.80657699907992,0.760753506036534,-2.37472056946808,0.017562239790408,0.0229844613650422
"FGLBJAKE_02631",20.8505509726699,-0.998338109187851,0.420851789506408,-2.37218454116291,0.0176832561633043,0.023132306879079
"FGLBJAKE_02516",33.2422430009111,0.787066469641713,0.331993167652683,2.37073092559877,0.0177529500348809,0.0232129110101217
"FGLBJAKE_00030",386.770291097284,0.250912959111947,0.105852197679378,2.37040859436809,0.0177684368319266,0.0232225954774702
"FGLBJAKE_01128",40.2348218517061,0.693023403375607,0.292620795649873,2.36833271482463,0.0178684589203254,0.0233427049713705
"FGLBJAKE_02741",9.66922303697344,1.41076522296046,0.59663255409057,2.36454617383533,0.018052176886149,0.0235719928990424
"FGLBJAKE_02407",675.571486126234,-0.215168557562514,0.0910154072150733,-2.36408937943948,0.0180744513923051,0.0235903602640713
"FGLBJAKE_01030",15.1472740673823,-1.17874346810949,0.499080438918499,-2.36183063127821,0.0181849480922909,0.0237238042747362
"FGLBJAKE_02416",1654.24977260943,0.194536900684435,0.0824556319360966,2.35929185328665,0.018309849329733,0.0238759106051055
"FGLBJAKE_01525",134.27166674881,-0.383793677698577,0.162788411110943,-2.35762284968195,0.0183923685072399,0.0239726381359671
"FGLBJAKE_02771",5628.98223990823,0.179191327017482,0.0761936601631511,2.35178788673212,0.0186834256468536,0.0243409634220567
"FGLBJAKE_03025",11.8593661791258,-1.3150050538962,0.559520543673626,-2.35023551639822,0.0187615357477212,0.0244316509918218
"FGLBJAKE_00396",28.845507630416,-0.816711981569615,0.348233251012471,-2.34530154485554,0.0190116966242017,0.0247462029429148
"FGLBJAKE_02873",32913.0705373889,0.147701908369448,0.0630111490949133,2.34405990830235,0.0190751072008005,0.0248175002693981
"FGLBJAKE_00902",17.6448473537127,-1.04289179497274,0.447631543676097,-2.3297996079726,0.0198167449052675,0.0257707352297461
"FGLBJAKE_01774",18170.2732938663,0.163037376598927,0.0701275346314196,2.32486964579361,0.0200789315101264,0.0260998865491195
"FGLBJAKE_01681",12.7772025923698,-1.19662228422081,0.516836587996597,-2.31528168092599,0.0205975216315068,0.026761879371135
"FGLBJAKE_01239",3.92398689626689,2.42490839782537,1.05313816831761,2.30255485061296,0.0213039019342639,0.0276671550651037
"FGLBJAKE_01930",159.063859989133,0.353137901107844,0.153748069730689,2.29686071328514,0.021626716766984,0.0280737055051093
"FGLBJAKE_01307",304.595099323926,0.263217847488367,0.115313226570827,2.2826336172867,0.02245195902098,0.0291317969418945
"FGLBJAKE_03087",46.736694602869,0.610754563188393,0.268116573283976,2.27794408867635,0.0227299090139154,0.0294791328998163
"FGLBJAKE_01842",15409.4657575559,0.124649557860263,0.0547451468976743,2.27690608070245,0.0227918347011282,0.0295461131849537
"FGLBJAKE_00615",65.9661237497511,0.5243992893041,0.23080427922519,2.27205184871142,0.0230833789067824,0.029910564011764
"FGLBJAKE_01907",832.64731516405,0.182089101472905,0.0802562065537509,2.26884759811009,0.0232775953010602,0.0301486295156589
"FGLBJAKE_02458",1106.85453299311,-0.185459455262828,0.0818310987064147,-2.2663688768032,0.023428807516824,0.0303308075690775
"FGLBJAKE_01906",2229.18940813253,0.15574793408199,0.0688716696866281,2.26142236409624,0.0237331151882013,0.0307109288837868
"FGLBJAKE_00279",109.032581750023,0.46283375202666,0.204847252918625,2.25940912280878,0.0238579474534054,0.0308585692984191
"FGLBJAKE_02613",2039.02356790208,-0.158202947297558,0.0700512563201268,-2.25838843738344,0.0239214529614066,0.0309267907382288
"FGLBJAKE_01143",862.751535636891,0.217131973198638,0.0963321828534018,2.25399203845583,0.0241966688408786,0.0312685369823225
"FGLBJAKE_02441",3130.32825167652,-0.136304923752284,0.0606569844333972,-2.24714309531741,0.0246308835090359,0.0318153524516715
"FGLBJAKE_02704",97.99460585023,-0.435519744592101,0.194660403716723,-2.23733094289625,0.0252647182876513,0.0326194071692317
"FGLBJAKE_01463",11.3786687778575,-1.33903806036949,0.601038162626775,-2.2278752725407,0.0258888335402781,0.033410196495177
"FGLBJAKE_00102",1779.22537412814,-0.20035264723597,0.0899527223605717,-2.22731054689891,0.0259265261345877,0.0334438223118514
"FGLBJAKE_01319",55.408513052369,-0.545061472935923,0.24486365928286,-2.22597944722488,0.0260155581180789,0.033543613293566
"FGLBJAKE_00148",496.689384746888,0.244191286116325,0.10992951092927,2.22134424188824,0.0263276544691119,0.0339307977328375
"FGLBJAKE_00052",5222.09407225505,-0.161447265038609,0.0729875727384234,-2.21198293053547,0.0269678443822886,0.0347402889980715
"FGLBJAKE_00063",2245.50570062598,0.152600274537009,0.0691279163385642,2.20750577508551,0.0272787439782787,0.0351250493698804
"FGLBJAKE_02454",693.183851997298,0.190317556957739,0.0863228323604748,2.20471863299148,0.0274738447847667,0.0353604253969635
"FGLBJAKE_01854",9.36408647478872,-1.34157052498906,0.60945190064116,-2.20127383896529,0.0277166437353721,0.0356569534894625
"FGLBJAKE_01265",48.8444820843055,0.56734208844229,0.257846497531418,2.20030946269946,0.0277849463731854,0.0357288303698143
"FGLBJAKE_00289",125.369246403396,0.369086309999347,0.168026456930429,2.19659639762664,0.0280492837384251,0.036052612461643
"FGLBJAKE_02017",62.9459630578218,0.521562621958545,0.237656654837554,2.19460558474598,0.0281919025958294,0.0362197264463182
"FGLBJAKE_02033",213.512566931554,-0.312884234901207,0.142660796226106,-2.19320404188204,0.0282926814696928,0.036332960922206
"FGLBJAKE_03030",104.234246948738,0.412060947757111,0.188216075267351,2.18929731252657,0.0285752375713214,0.0366794250915488
"FGLBJAKE_00202",22.1504159320458,-0.838083157338097,0.384660320744042,-2.17876165578245,0.0293493788233526,0.0376563012224622
"FGLBJAKE_00220",32.072926949886,-0.709408831424511,0.32572960042918,-2.17790716744747,0.0294129487945625,0.0377210240230133
"FGLBJAKE_01071",749.488685139528,-0.184692909291456,0.0848233731046943,-2.17738227721146,0.0294520568938498,0.037754331629315
"FGLBJAKE_00204",4.20383342604429,-2.25817643925513,1.03720471010103,-2.1771752646931,0.0294674931107849,0.0377572782881836
"FGLBJAKE_00167",10.7593822720933,1.2760925308673,0.586446207189586,2.17597541807405,0.0295570987067804,0.0378383526428894
"FGLBJAKE_03063",516.870153100422,0.216470918242055,0.0994821338944463,2.17597783408765,0.0295569180415613,0.0378383526428894
"FGLBJAKE_01554",106.762539344957,-0.404632373834825,0.18603332027056,-2.17505322834825,0.0296261278287523,0.037909835877041
"FGLBJAKE_02724",143.732207520378,-0.34121662016531,0.156895020142928,-2.1748084792906,0.0296444714147841,0.0379164267227813
"FGLBJAKE_02252",135.155074632668,0.356895286464584,0.164196778904716,2.1735827514113,0.0297364849536197,0.0380171965109889
"FGLBJAKE_01335",24.1703570774598,-0.813996011491767,0.375069201175777,-2.17025553935122,0.0299874927470213,0.0383210556491504
"FGLBJAKE_01606",518.684490063249,0.209965788888884,0.0971852249628434,2.16047026663939,0.0307362829663144,0.0392604787756389
"FGLBJAKE_01998",125.424760062621,0.365539496826808,0.169215157497201,2.16020539905154,0.0307567723916284,0.0392691976248511
"FGLBJAKE_00627",3197.81647155561,0.133942158971159,0.0622018680051386,2.15334624613032,0.0312914767877618,0.039934149328609
"FGLBJAKE_01689",180.67058657945,-0.311231445708078,0.144695854007213,-2.15093547664858,0.0314812928758061,0.040158560020003
"FGLBJAKE_02937",43.601690959774,0.607625212770164,0.28368869062216,2.14187323237164,0.0322036843822044,0.041061840689643
"FGLBJAKE_00839",925.368762567183,-0.173813272913063,0.0812441631064642,-2.13939397326666,0.0324037746293709,0.0412986466894954
"FGLBJAKE_02073",251.652324841916,0.262683839246753,0.123681141509005,2.12387948592493,0.0336802221816835,0.0429064532580489
"FGLBJAKE_01657",57.7674340272582,0.529143115141845,0.249267855091142,2.12278921784106,0.0337715187618382,0.04300369735114
"FGLBJAKE_02906",23.0827173030675,0.801914620000374,0.378260480878272,2.12000634625756,0.0340055101049156,0.0432824783177713
"FGLBJAKE_02648",2759.54442062998,0.127907430999043,0.0603856001181727,2.11817769052112,0.0341600218399171,0.0434598949835864
"FGLBJAKE_02234",5.98091778847959,-1.67688629293215,0.792993327554264,-2.11462850274411,0.0344616224023026,0.0438242047717777
"FGLBJAKE_02658",1.89773604407109,3.38172553150328,1.60298978363577,2.10963635952385,0.0348896900068305,0.0443489469613582
"FGLBJAKE_02358",30.0045079310025,0.714017771488381,0.33856433001017,2.1089574659768,0.0349482531953407,0.0444037487548227
"FGLBJAKE_01688",438.717431582374,-0.213867137429036,0.101730706447728,-2.10228695835242,0.0355281463118624,0.0451205888202795
"FGLBJAKE_01845",6245.88503763449,-0.124839374931809,0.0594133827367698,-2.10119958132847,0.0356234501519616,0.0452216412264742
"FGLBJAKE_01893",794.82807129239,-0.190119934493432,0.0905216066151215,-2.10027132308622,0.035704980394228,0.0453051274406231
"FGLBJAKE_00900",60.5778382597934,-0.520372535346265,0.247908425184558,-2.09905143384646,0.0358123669776964,0.0454213339337596
"FGLBJAKE_01988",220.270609280762,0.288477448620716,0.137890766130618,2.09207227369708,0.0364320509678576,0.0461869053734551
"FGLBJAKE_02280",31.6247201421239,-0.679382377285518,0.325383267995124,-2.08794503009202,0.0368027935638896,0.0466363442251405
"FGLBJAKE_02705",11.0933843072404,-1.20787224314195,0.578619259860592,-2.08750784312462,0.0368422528253259,0.0466657710973939
"FGLBJAKE_02852",4082.19912641427,0.126970027464736,0.0610390219011748,2.08014518434301,0.0375122182599631,0.047493442854244
"FGLBJAKE_01622",4.63677701436361,1.95541912622723,0.941182509579477,2.07761949072016,0.0377444195557487,0.0477663856465089
"FGLBJAKE_01549",124.190184432939,-0.368491695032389,0.177710071490314,-2.07355549374405,0.0381206122324205,0.0482212321989333
"FGLBJAKE_02532",30.4005655322017,-0.691070823637137,0.334285849618636,-2.06730504574314,0.0387054191088073,0.0489394520539868
"FGLBJAKE_02251",26.3756798616905,0.758978014988986,0.36744994782808,2.0655276166867,0.0388731052625441,0.0491298612684924
"FGLBJAKE_00103",3994.84471784272,-0.121731515931988,0.0589771540356554,-2.06404527180802,0.0390134241929978,0.04928553016733
"FGLBJAKE_02859",1486.12559724778,-0.157066520001488,0.0768430063482405,-2.04399238740982,0.0409542992020448,0.051714699431756
"FGLBJAKE_02804",5277.86252333101,-0.119716313374041,0.0587135623005124,-2.03898909695344,0.0414511157267734,0.0523190630648866
"FGLBJAKE_00089",1738.03724363327,-0.156011930439231,0.0767454883069091,-2.03284823487384,0.0420678582280657,0.0530741986599916
"FGLBJAKE_00083",392.380028609844,-0.264849686467451,0.130523337062818,-2.0291366465752,0.0424443742008509,0.0535257268333679
"FGLBJAKE_01583",17.73166021254,0.87336202507058,0.430882992777598,2.02691227017486,0.0426713854502395,0.053788404291223
"FGLBJAKE_02745",211.2965967636,-0.271925108141374,0.134313871373936,-2.02454970108279,0.0429136235826017,0.0540700369032869
"FGLBJAKE_02747",346.782298186079,0.216968387803465,0.107638956458431,2.01570504715228,0.0438308275398986,0.0552014891979266
"FGLBJAKE_02953",16.6397727078256,-1.13005086346242,0.560822284070053,-2.01498923199218,0.0439057773464545,0.055271661889492
"FGLBJAKE_01823",36.1533942575646,0.600750767252107,0.301806306701127,1.9905176065357,0.0465339464587245,0.058554536831162
"FGLBJAKE_00954",173.582970825764,-0.314715912643768,0.158216858208132,-1.98914272605365,0.0466854515028987,0.0587194694176503
"FGLBJAKE_02009",4348.77792137032,0.135343176193009,0.0681014203203596,1.98737670310448,0.0468806673902713,0.0589392117583726
"FGLBJAKE_03049",50.8037788134831,-0.525785613066457,0.264956931580211,-1.98441916552496,0.0472091312184515,0.059326210372466
"FGLBJAKE_01309",133.220453795423,0.322404069787074,0.162793959870156,1.98044245649054,0.0476538332644083,0.0598588797211143
"FGLBJAKE_02086",70.3615909232965,-0.457862687489143,0.231320392021369,-1.97934424841735,0.0477772609023393,0.0599877011067379
"FGLBJAKE_01661",17.5739452409056,0.858062691261206,0.435369525306513,1.97088367785298,0.0487371824972412,0.0611550025742341
"FGLBJAKE_02721",3.17380838423011,-2.3176142078307,1.17599075081635,-1.9707758808663,0.0487495166658212,0.0611550025742341
"FGLBJAKE_00016",492.503222507309,-0.198382637014976,0.101568552650241,-1.95318956348745,0.050797137278265,0.0636958867965679
"FGLBJAKE_00636",3330.65980610065,0.129007514903159,0.066058048070822,1.95294167282764,0.050826506985038,0.0637049197884864
"FGLBJAKE_01288",73.7386615880149,-0.420674687564745,0.216611797467936,-1.94206729495892,0.0521289541352454,0.0653088989471209
"FGLBJAKE_00326",781.535772842375,-0.16170933467913,0.0833159057967003,-1.94091792116764,0.0522682338949154,0.0654548602239594
"FGLBJAKE_01540",461.961805739371,-0.205040328146999,0.10567444211662,-1.94030196933258,0.0523430021936856,0.0655199426413991
"FGLBJAKE_01778",7030.28175090655,-0.114660997378338,0.0593013251007724,-1.93353179180215,0.0531707205854724,0.066527057449999
"FGLBJAKE_01223",138.532708597975,0.310294923572004,0.16104193797551,1.92679576185423,0.0540050878740281,0.0675416112053771
"FGLBJAKE_00011",7.94253164892552,1.25962932650585,0.653888284265105,1.92636778608372,0.0540584668299896,0.0675789620136538
"FGLBJAKE_02044",71.5123948645937,0.425520455694417,0.220944045272891,1.92591954749833,0.0541144202525586,0.0676194973068928
"FGLBJAKE_01079",45.1514717392171,0.512757737017343,0.267581857121357,1.91626496106121,0.0553313784361352,0.0690860299711596
"FGLBJAKE_01895",1769.82404635581,0.136734344609575,0.0713560040038148,1.91622760436901,0.0553361311738377,0.0690860299711596
"FGLBJAKE_01575",34.3830571390258,-0.598716255077058,0.312493320200897,-1.91593296999806,0.0553736282136178,0.0691028256560736
"FGLBJAKE_01056",5281.77810285721,0.111453695986781,0.0582141761082526,1.91454562166312,0.0555504756841556,0.0692934319081004
"FGLBJAKE_02698",111.100042494086,0.344857974093498,0.180200826283512,1.91374246836654,0.0556530698027012,0.0693912896368604
"FGLBJAKE_01672",993.51385343042,-0.144454043209458,0.075616209546708,-1.91035816361872,0.0560871136161168,0.0699021528762878
"FGLBJAKE_01000",13.5620751096689,-0.957578918351271,0.50203394234045,-1.90739875851242,0.0564689700353597,0.070347559549902
"FGLBJAKE_00871",2280.38665469949,0.135583228743542,0.0712669976201088,1.90246864988298,0.0571099135947076,0.0711152043636003
"FGLBJAKE_02955",9.65035328715934,-1.16480585102594,0.612814328585363,-1.90074839424008,0.0573349764393436,0.0713645397516992
"FGLBJAKE_00082",700.608140134126,-0.163621107155786,0.086346816681148,-1.89492923358122,0.0581017776194474,0.0722876661810787
"FGLBJAKE_01353",8.75546212272602,-1.20808599051733,0.637729965336651,-1.894353497847,0.0581781044476677,0.0723513077380342
"FGLBJAKE_00728",5.19952064394406,-1.66857614174759,0.88439668090562,-1.88668295321843,0.0592029818497628,0.0735940180952501
"FGLBJAKE_03047",34.4859109904574,-0.627202386277894,0.332712498139732,-1.88511820200539,0.0594138811005224,0.0738242517435804
"FGLBJAKE_01999",1486.69699002363,-0.137446127321575,0.0729802642671637,-1.88333282568582,0.0596552775469435,0.074092164075158
"FGLBJAKE_03033",16.5075067549971,0.835117809877702,0.444083804365083,1.88054101876489,0.060034381515285,0.0745308045248074
"FGLBJAKE_01317",16.0319338981117,-0.8754264191657,0.465739195603743,-1.87964944206784,0.0601558702036617,0.0746493829729377
"FGLBJAKE_01513",241.077204540501,-0.241684232636357,0.128735904629246,-1.87736461970262,0.0604681371520079,0.0750044998596766
"FGLBJAKE_02970",369.754309253655,-0.201498834137403,0.107628561632335,-1.87216879127061,0.0611832552736127,0.0758587901882498
"FGLBJAKE_01339",128.346896955554,-0.309202505723047,0.165592142712898,-1.86725348592861,0.06186619762028,0.0766724674259097
"FGLBJAKE_00541",15.172031488893,0.928347303662252,0.497888099599486,1.86457018034582,0.0622416759079971,0.0771045588618895
"FGLBJAKE_02752",585.034624758891,-0.167488713123163,0.0898514746799478,-1.86406192797347,0.0623130082350332,0.0771596663797869
"FGLBJAKE_02810",15169.0558364965,-0.110233869514963,0.0592084457714301,-1.86179299386632,0.0626322744418271,0.077521600665724
"FGLBJAKE_03066",10.5149801554063,1.03944086748223,0.55858843959042,1.86083490779793,0.0627674942341085,0.0776555223542091
"FGLBJAKE_02956",15.4356820169315,-0.873574099204526,0.471146397127904,-1.85414576982825,0.0637183081081871,0.0787979421269061
"FGLBJAKE_00195",76.3488610126587,-0.387814194470719,0.209507790231451,-1.85107290780112,0.0641590650564642,0.0793088829988293
"FGLBJAKE_00224",12.0647238983006,-0.974855555407823,0.527327469386454,-1.84867205295045,0.0645051815043165,0.0797024469662106
"FGLBJAKE_00773",51.2220437129679,0.485014092341245,0.262665599453651,1.84650785390277,0.064818500058345,0.0800551650913982
"FGLBJAKE_01348",9.85549058742273,-1.07743423671813,0.5840388399161,-1.84479894671544,0.06506679071849,0.0803273009127751
"FGLBJAKE_01884",4380.13131806191,-0.11511526421452,0.0624913898919048,-1.84209799803848,0.0654608165988418,0.0807790411786481
"FGLBJAKE_02438",318.438024250469,0.208699507670118,0.113323767477877,1.84162168550265,0.0655305067537491,0.0807956569756649
"FGLBJAKE_02934",125.205724923579,0.320026457811816,0.173759712313445,1.84177594190833,0.0655079305238285,0.0807956569756649
"FGLBJAKE_00203",30.1575978174786,-0.625297496942376,0.339986031124212,-1.83918584794423,0.0658878554938835,0.081201413674709
"FGLBJAKE_01690",357.608990376225,0.206729697767667,0.112647466538629,1.83519171908562,0.0664772876873646,0.0818927238806197
"FGLBJAKE_02694",22.3007041028181,0.746147639454769,0.407814958985909,1.82962302636023,0.0673063281062218,0.0828784862798978
"FGLBJAKE_01305",15.3493252077569,-0.849767231118307,0.464897636542618,-1.82785878938407,0.0675707473439017,0.0831612273512131
"FGLBJAKE_03024",4.43840577579481,-1.69810770702989,0.929092810278707,-1.82770514231027,0.0675938159681398,0.0831612273512131
"FGLBJAKE_02087",150.157530414357,-0.289234835141008,0.159003673517189,-1.8190449864653,0.0689045670495153,0.0847375805307261
"FGLBJAKE_02817",160.903449068856,0.275006579926077,0.151571019170509,1.81437441953668,0.0696201012570093,0.085580911468197
"FGLBJAKE_01303",17.5800937385741,0.805932224007486,0.44444485522308,1.81334582802846,0.0697784991459068,0.0857389510668389
"FGLBJAKE_01210",2.3580848618562,-2.52926420621162,1.39812427721989,-1.80904104693823,0.0704446266765056,0.0865204517385799
"FGLBJAKE_01605",998.229299278476,0.140232549764636,0.0776155370651215,1.8067587375834,0.0707999049010939,0.0869196611216334
"FGLBJAKE_01448",17.4163728993353,0.782183654051772,0.433100434924541,1.80600985586185,0.0709168000818658,0.0870259963429899
"FGLBJAKE_01821",199.550613469828,-0.256836446629061,0.142909727988281,-1.79719358678033,0.0723048923191298,0.088691532447793
"FGLBJAKE_02676",2498.75045171328,0.126786218393082,0.0706120676510446,1.79553187735051,0.0725689985731405,0.0889775178750878
"FGLBJAKE_01659",23.3236403154919,-0.675500862220448,0.37693915424211,-1.79206870556772,0.073121961058697,0.0896172776472048
"FGLBJAKE_01909",4.82263816883955,-1.56181393150804,0.874533327019674,-1.78588269109258,0.0741182540919861,0.0907996002814869
"FGLBJAKE_01928",27.7571068259375,-0.612485176286863,0.344457186251835,-1.77811699314954,0.0753846420630122,0.0923116579842766
"FGLBJAKE_02095",402.744836455954,-0.212275908956372,0.119435745075768,-1.77732310223968,0.0755150947329852,0.092432019702981
"FGLBJAKE_01125",7.65908065426734,1.18898802970659,0.669267498480148,1.77655127793698,0.0756420979921829,0.0925480585906912
"FGLBJAKE_00013",3.33539302503752,-1.91048724127739,1.07786221415421,-1.77247816667971,0.0763152164347165,0.0933318859716491
"FGLBJAKE_01388",198.57606248448,0.244588623171564,0.138890537529495,1.76101718318732,0.0782354947119078,0.095639647725233
"FGLBJAKE_00926",2020.18658706731,0.114873256705769,0.0657305080665532,1.74763987202803,0.0805264065534353,0.0983983386201416
"FGLBJAKE_03075",47.323775958191,-0.478002593474384,0.274022420680143,-1.74439227377069,0.0810907113294709,0.0990457732090521
"FGLBJAKE_01270",730.172581812974,0.153268213399741,0.0880042049664586,1.74160102302108,0.0815782822327624,0.0995989732952248
"FGLBJAKE_01929",39.8756558619926,-0.50109978345027,0.28866870217235,-1.7358992494832,0.0825816505361037,0.100781173520493
"FGLBJAKE_02413",392.343108744466,0.197168653575903,0.113832184433839,1.73209935798519,0.08325587349392,0.101560857564315
"FGLBJAKE_00200",21.8302762751134,-0.726407021058689,0.41956742147216,-1.73132370122996,0.083394046474569,0.101686249286343
"FGLBJAKE_02255",32.848142355438,-0.561345412877015,0.324374462785418,-1.7305474914909,0.0835325038395332,0.101811881270067
"FGLBJAKE_01680",7.99689724482668,-1.17430721933927,0.679892327837748,-1.72719586801914,0.0841324926835011,0.102499696469853
"FGLBJAKE_00806",851.80885938885,-0.140062540313564,0.0811760529078387,-1.72541698316597,0.0844523528532928,0.102758705376953
"FGLBJAKE_01485",25.6953325891071,0.645752387585221,0.374253096926285,1.72544300338124,0.0844476670935713,0.102758705376953
"FGLBJAKE_03065",29.5001076099235,0.57144961098849,0.33115499408344,1.72562582838326,0.0844147496221812,0.102758705376953
"FGLBJAKE_01148",55.8172918397218,-0.424516743621671,0.246501213402095,-1.72216898149379,0.0850389120570003,0.103428621773939
"FGLBJAKE_02995",133.495143204069,0.287768427051098,0.167218657280955,1.72091100197988,0.0852669748406075,0.103662134387439
"FGLBJAKE_01857",10.1538060642672,-1.0080753772564,0.589581303948951,-1.70981571244614,0.0872999565530369,0.106088826694896
"FGLBJAKE_01275",223.93515446413,-0.259193840655177,0.151979997816259,-1.70544706132012,0.0881110775744281,0.106984046028266
"FGLBJAKE_01944",93.759676764878,0.328011176522269,0.192328931590896,1.70546975854878,0.0881068477635392,0.106984046028266
"FGLBJAKE_02296",1003.76797635366,0.129663108755343,0.0761159904725572,1.70349368050451,0.0884757196397701,0.107381426623606
"FGLBJAKE_01089",78.8461875475286,0.361402050296767,0.213033609865765,1.69645555236327,0.0897996408483271,0.108942240522622
"FGLBJAKE_01763",17.5248804230475,-0.771541307430037,0.455742584869244,-1.69293222324483,0.0904683689301714,0.10970721194317
"FGLBJAKE_00938",2548.99788010706,-0.108041880278544,0.063845338589941,-1.69224382961557,0.0905994927911903,0.109819882868781
"FGLBJAKE_01984",10.0422296582453,-1.02466681725099,0.608092483318362,-1.68505095090039,0.0919787417298431,0.111444731758672
"FGLBJAKE_01211",199.742163805198,-0.232091999048487,0.137809368376134,-1.68415254915776,0.092152190888748,0.111607836752744
"FGLBJAKE_00558",327.414578120452,-0.190108858691434,0.11352932251718,-1.6745353048563,0.0940254418771343,0.113828609922024
"FGLBJAKE_01759",111.715010563497,-0.316630198848801,0.189568158295258,-1.67027100804366,0.0948657565417155,0.114797551284585
"FGLBJAKE_01431",410.242198562704,-0.171702125387226,0.10290394893201,-1.66856692254514,0.0952032387875679,0.115157452977892
"FGLBJAKE_01294",140.854512749998,0.262617639613749,0.157630738646835,1.66603063506625,0.0957073128385512,0.115718475851071
"FGLBJAKE_01981",6853.16170189523,0.0882033183702148,0.0535195856110408,1.64805682561225,0.0993410108014385,0.12006142348332
"FGLBJAKE_00010",8.53985655628863,1.02144137201392,0.622756141583872,1.64019477899658,0.100964674540543,0.121972456758941
"FGLBJAKE_01943",802.978532078035,-0.440921496376702,0.268998784952902,-1.63912077318082,0.101188109554675,0.122191019689133
"FGLBJAKE_01392",995.052131089453,-0.122915438553258,0.0750233826251542,-1.63836172473576,0.101346258590025,0.122330595206943
"FGLBJAKE_01446",107.789528903214,0.294089584982919,0.179680081567341,1.63674004607294,0.10168479765229,0.122687702960824
"FGLBJAKE_01715",2188.1987571085,-0.129650993518195,0.0792886523163437,-1.63517716256441,0.102011914139477,0.123030734887477
"FGLBJAKE_01280",20648.0104494318,0.104102009505464,0.0638543159422354,1.63030498360734,0.10303705481812,0.124214972964462
"FGLBJAKE_02623",5.043047790011,1.36893816396245,0.842448592350786,1.624951571398,0.10417287823525,0.12553159415015
"FGLBJAKE_00872",3927.95378329426,0.113331553733742,0.0699599765475684,1.61994842374888,0.10524335657677,0.126768401844777
"FGLBJAKE_00941",23.0942585558126,-0.620114947812993,0.386478415424328,-1.604526729215,0.108597997535759,0.130754354804261
"FGLBJAKE_01456",14.2507045855799,-0.825621534456535,0.516857755069649,-1.59738637247549,0.110179608250739,0.132555200625138
"FGLBJAKE_01587",1.91324347421664,2.3703385851826,1.48391194634822,1.59735797734886,0.110185933992155,0.132555200625138
"FGLBJAKE_02293",666.191291709716,-0.159678874486265,0.100011160750338,-1.59661055114517,0.110352545514579,0.132589137043854
"FGLBJAKE_02691",16.6379324666384,0.734884078891701,0.460224916268249,1.59679333498615,0.110311782125182,0.132589137043854
"FGLBJAKE_03046",7.08046765439615,-1.17330830916831,0.734775169614442,-1.59682629148176,0.11030443362501,0.132589137043854
"FGLBJAKE_00051",1813.09748426107,-0.113214894643155,0.0711518643510245,-1.59117256695642,0.111570744873443,0.13399679095958
"FGLBJAKE_01219",561.770562839062,0.146685257876803,0.0923698798703227,1.58802044652145,0.112281715710128,0.134794340413913
"FGLBJAKE_02002",26.4228089183619,-0.582061105681479,0.367199941699425,-1.58513398174211,0.112935896217438,0.135523075460925
"FGLBJAKE_02717",5.9161364379137,-1.24418319895564,0.786129639163678,-1.58266924050754,0.113496872696323,0.136139404060614
"FGLBJAKE_00540",18.640102882982,0.701109368816478,0.445620632886839,1.5733323752864,0.115641876555415,0.13865446525668
"FGLBJAKE_02242",259.879490475735,-0.193877947365176,0.123295011612998,-1.57247195023369,0.115841139364181,0.138777588383766
"FGLBJAKE_02282",117.942343596603,-0.283320634363671,0.180169273037239,-1.57252471294099,0.115828912472205,0.138777588383766
"FGLBJAKE_02024",9.27209950818387,-0.932919372747425,0.596087248632985,-1.56507184961078,0.117566063278492,0.140785360775995
"FGLBJAKE_01214",12.8654907492556,0.799200977310969,0.514483563356269,1.55340429555675,0.120326577331841,0.144031063411791
"FGLBJAKE_02879",6010.54084914454,0.0988332825451667,0.0640542968866366,1.54296100884664,0.122840236643736,0.146978701129933
"FGLBJAKE_02184",78.9404053510207,-0.317203051908768,0.208233838799287,-1.52330213829711,0.12768313243883,0.152709664015479
"FGLBJAKE_02601",320.131645645696,0.480805247638547,0.316863543446121,1.51738897573839,0.129168505647776,0.154421915653789
"FGLBJAKE_01640",15.5246542735572,0.70435251892129,0.464252606178032,1.51717515324229,0.129222467773854,0.154422192258651
"FGLBJAKE_02726",39.1245005701198,-0.438676647200706,0.289692599084877,-1.51428323880714,0.129954017793536,0.155231856666094
"FGLBJAKE_01651",40.507014659049,0.433263277060942,0.287704864660756,1.50592961843666,0.132085242256166,0.157712084023357
"FGLBJAKE_01176",31.2553716924196,-0.489100839305049,0.325706927687725,-1.50165930696439,0.133185118295197,0.158959314775912
"FGLBJAKE_02756",2007.16111026375,0.0943615783397714,0.0633133905002601,1.49038896186398,0.13612199315538,0.16239709768724
"FGLBJAKE_02118",3386.98042012604,-0.305608706994805,0.205230537974381,-1.48909957558536,0.136461149559431,0.162734167565894
"FGLBJAKE_00309",136.890450432337,-0.249536232215904,0.167848637759202,-1.48667415802261,0.13710089110519,0.163429266294614
"FGLBJAKE_00561",402.071024248775,0.15960376001999,0.10750229434335,1.48465445314343,0.137635382867507,0.163998379088398
"FGLBJAKE_02004",238.931373130431,0.197563441858678,0.133211395636754,1.48308214109101,0.13805258826876,0.164427326433658
"FGLBJAKE_00821",247.144178707611,0.203424764619362,0.137936992068106,1.47476584467582,0.140275506816227,0.1670057193827
"FGLBJAKE_02697",101.494143489164,0.286429805808544,0.194489585075233,1.47272567679008,0.140825020099729,0.167590520814336
"FGLBJAKE_00356",401.206053109791,-0.171020052603018,0.116911821193061,-1.46281232178058,0.143518740523945,0.170725521633203
"FGLBJAKE_01174",46.2037120468447,-0.412666917997812,0.283110023185356,-1.45762030377721,0.144945230016785,0.172351092705105
"FGLBJAKE_00727",29.7946190754436,-0.485354934656054,0.333583668722701,-1.45497211093843,0.145676982553197,0.173149564870922
"FGLBJAKE_00509",9290.30654649904,0.0875212193415376,0.0602537955907572,1.45254283955786,0.146350726522133,0.173878457223898
"FGLBJAKE_01569",10.1760770320261,0.845527701388815,0.583787449774444,1.4483485414349,0.1475195984495,0.17519476278672
"FGLBJAKE_02707",378.606466971275,0.157434807232096,0.109211037062222,1.44156498708458,0.149425131742051,0.177384481051902
"FGLBJAKE_02357",12.8471116945372,0.730351771517381,0.508059581319095,1.43753173519755,0.150566962157732,0.178666164013758
"FGLBJAKE_02696",19.8275110001479,-0.575642269699966,0.402600814523676,-1.42980900418947,0.152771844095709,0.181207709422645
"FGLBJAKE_01649",45.6502600977961,-0.396174444378194,0.278475425881084,-1.42265495465072,0.154836204792478,0.183580549741576
"FGLBJAKE_01624",3.44144807389097,-1.49229462210849,1.0497479565774,-1.42157421003607,0.15514989606541,0.18387661908948
"FGLBJAKE_02295",4204.34863749079,-0.0909634865070468,0.06417350719787,-1.41746166726674,0.15634799405355,0.185220171026341
"FGLBJAKE_00295",835.610896484188,-0.116571047732251,0.0823928041980418,-1.41482073424832,0.157121063232794,0.18605930602845
"FGLBJAKE_01987",1916.81427614387,-0.0994329445649429,0.0703497037926421,-1.41340956968383,0.157535333455825,0.1864730429786
"FGLBJAKE_03064",99.3215847655303,0.26485070652612,0.187561079052575,1.4120771103683,0.157927257662889,0.18685999939199
"FGLBJAKE_01276",6.17375622479522,-1.12412964458809,0.797879394759647,-1.40889669788593,0.158865716119972,0.18789303215177
"FGLBJAKE_02440",2219.87432048592,-0.0928785114150061,0.0659435070592196,-1.40845574578856,0.158996162277177,0.187969959022874
"FGLBJAKE_02245",123.309750712051,0.249792410579045,0.179484369436205,1.39172236202902,0.164006487974111,0.193813588173353
"FGLBJAKE_02072",54.1798982390947,-0.369634781502789,0.265946039188447,-1.38988639436314,0.164563377748758,0.194391758179174
"FGLBJAKE_01426",1267.79952499557,0.107103124133191,0.0771941161696985,1.38745191275644,0.165304004647427,0.195106246142384
"FGLBJAKE_01511",41.610007035541,-0.387528418243898,0.279265313015259,-1.38767115063346,0.165237204687285,0.195106246142384
"FGLBJAKE_03026",10.2815660197795,-0.833029454024955,0.601270420666933,-1.38544891847657,0.165915241727652,0.195747292580161
"FGLBJAKE_03001",984.391433759859,0.112347950254629,0.081360613854316,1.38086409298483,0.167320752157033,0.197324514443706
"FGLBJAKE_00451",1784.54724379486,-0.0919542142958216,0.0669474554023675,-1.373528145964,0.169588217447198,0.199916545095671
"FGLBJAKE_01948",34.6946586711948,0.424901022956121,0.309923742842947,1.37098571106067,0.170379410397758,0.200766882116916
"FGLBJAKE_02526",34.9332464245737,0.41702275524116,0.304424893077956,1.36987074553844,0.170727253210436,0.201094313822456
"FGLBJAKE_00110",8235.90146234605,0.0844905554850504,0.0617663175940146,1.36790663222633,0.171341303511502,0.201652295778893
"FGLBJAKE_00633",1035.86784665313,-0.11633399483978,0.0850370577032136,-1.36803880545579,0.171299929730342,0.201652295778893
"FGLBJAKE_01474",22.5119053045009,-0.532751734549383,0.38953630061274,-1.36765619458666,0.171419717755798,0.201662001158479
"FGLBJAKE_01146",566.686577907074,0.130442995170119,0.0955421583322249,1.36529253103677,0.172161125549752,0.202451339946804
"FGLBJAKE_00621",25779.3272442664,0.106475253482883,0.0780468727121083,1.36424753206498,0.172489672991745,0.202754732179253
"FGLBJAKE_01989",136.474772751925,-0.228180952558637,0.168536484759623,-1.35389647460657,0.175769408423945,0.206525461901233
"FGLBJAKE_01381",43.5579121351521,-0.377562725255441,0.279138173392476,-1.35260154735117,0.176182957859681,0.206926776006834
"FGLBJAKE_01764",35.4103882031957,-0.418963243151581,0.310395904008678,-1.34977052770602,0.177089601336694,0.207906664314403
"FGLBJAKE_00162",1043.96179387128,-0.101659467377098,0.0755287461626542,-1.34597054157592,0.178312017138775,0.20925632391051
"FGLBJAKE_02703",69.6195371037726,-0.300547939078889,0.22346745484315,-1.34492935130013,0.178648050598802,0.209565100988146
"FGLBJAKE_01234",52.7746406072503,0.356691873355642,0.265608210406626,1.34292487724522,0.179296300146473,0.210239725263551
"FGLBJAKE_01349",7.30944605974986,-0.950137079894565,0.709338600321509,-1.33946902010396,0.180418033281165,0.211468771472295
"FGLBJAKE_02011",59.5893087223688,-0.336505575872676,0.251704382208038,-1.3369078953681,0.181252703317091,0.212360484848479
"FGLBJAKE_00206",25.7301897430143,-0.495102224553672,0.370594023655217,-1.33596926272694,0.181559320134922,0.212561571922969
"FGLBJAKE_01232",111.998857319925,0.2406828224901,0.18016685376843,1.33588846924891,0.181585730377857,0.212561571922969
"FGLBJAKE_01761",471.882096887237,-0.129140662853695,0.0966836320324952,-1.33570347057599,0.181646214559086,0.212561571922969
"FGLBJAKE_00977",34.5694369969846,0.431260389758181,0.323057470969332,1.33493396225813,0.181897960999498,0.212769531913942
"FGLBJAKE_02046",83.1410096026906,-0.267393894667302,0.200687736093755,-1.33238781737208,0.182732783274591,0.213659080199827
"FGLBJAKE_00532",4.88865257919059,1.10484953660817,0.830734620916617,1.32996688568137,0.183529182027675,0.214502996806644
"FGLBJAKE_01258",1026.66828101569,-0.107756264015583,0.081511477485496,-1.32197657728333,0.186175950641717,0.217508000871664
"FGLBJAKE_00526",53.9579703371025,0.329047955860207,0.249886204424649,1.3167912034913,0.187908622220035,0.219443063901008
"FGLBJAKE_00358",376.457543926138,-0.14949588638622,0.113649604751945,-1.31541052617397,0.188371969774328,0.219894817681323
"FGLBJAKE_01230",255.441157308486,0.170012426674312,0.129363448994196,1.31422305138092,0.188771153351771,0.220271333630934
"FGLBJAKE_01527",8.82720544882098,-0.855290940224862,0.65209444193589,-1.31160593500189,0.189653129482192,0.221210671319732
"FGLBJAKE_02568",32.2644004006545,-0.42723753035461,0.328180569495386,-1.30183676325364,0.192972193451217,0.224990703439674
"FGLBJAKE_00045",1.76501468888332,-1.96594273592714,1.51095006475852,-1.30113018410131,0.193213897557311,0.225114267063445
"FGLBJAKE_00071",1504.25380661486,-0.120685835811748,0.0927589799659352,-1.30106902702109,0.193234828408322,0.225114267063445
"FGLBJAKE_02649",881.661369739958,-0.103781030205258,0.0805077544065338,-1.28908116951322,0.1973698692706,0.22983833236779
"FGLBJAKE_02718",8.63762792481112,-0.785093446528821,0.609794719489324,-1.28747170389783,0.197929926020018,0.230397167833751
"FGLBJAKE_01314",55.5973709567053,-0.320440198066948,0.249483739309857,-1.28441316036619,0.198997430609463,0.231545998207124
"FGLBJAKE_03081",12.8933926273419,0.651052739094735,0.507692044453437,1.28237727222146,0.199710333031764,0.232281463833788
"FGLBJAKE_00840",20.4699017764933,0.520038394515741,0.406462733358677,1.2794245371982,0.200747597764345,0.233393444973595
"FGLBJAKE_01027",8.49382516060388,-0.848517142010372,0.663462939806939,-1.27892168665409,0.20092463493706,0.233504812296446
"FGLBJAKE_02742",10.8628141559726,-0.70991131222251,0.555472890590613,-1.2780305290285,0.201238662075288,0.233775228296029
"FGLBJAKE_00841",58.8379831794124,-0.307751622253023,0.241022780831376,-1.27685698916706,0.201652741328128,0.234161607505875
"FGLBJAKE_02172",20.9779325019755,-0.511591640519398,0.401657289638892,-1.27370186902208,0.202769093825672,0.23536283346324
"FGLBJAKE_02176",48.4232238176064,-0.345811926965706,0.271633199707902,-1.27308417136628,0.202988175121101,0.235522008598322
"FGLBJAKE_02224",1831.03570296905,-0.0883589759885083,0.0695114841942574,-1.27114212871041,0.203678090137105,0.236227131175964
"FGLBJAKE_00818",2301.1037291562,-0.084037989897731,0.0664951249654609,-1.26382182064298,0.206293987337388,0.239164550063595
"FGLBJAKE_01685",1308.57641457996,0.0927323678894082,0.0734902696423034,1.26183191789554,0.207009274394423,0.23989703814902
"FGLBJAKE_03056",270.392407403706,0.171531297575195,0.136285254137163,1.25861964055597,0.208167749446642,0.241142326444841
"FGLBJAKE_02693",68.652507184873,0.277071550141693,0.220594597246186,1.25602146924967,0.20910818625273,0.242134136700381
"FGLBJAKE_01212",19.6775452751434,0.503824750108104,0.40266260282282,1.25123303375108,0.210849469413915,0.244052104347802
"FGLBJAKE_00109",3601.5580378984,0.076864743644191,0.0614970632966076,1.24989291396669,0.211338668283978,0.244421461830242
"FGLBJAKE_02738",42.2413688274476,0.367631166206257,0.294079976265618,1.25010607955914,0.211260799233917,0.244421461830242
"FGLBJAKE_01671",19052.1810423815,-0.085106029129603,0.0683448334858981,-1.24524451650267,0.213041883600768,0.246292185626954
"FGLBJAKE_03099",34.9381536620506,-0.408239846464416,0.330611535393921,-1.23480218552568,0.216904133796155,0.250656405520768
"FGLBJAKE_00730",17.5999501885788,0.547091065159038,0.444525493874549,1.23073045910261,0.218423692088886,0.252209598659485
"FGLBJAKE_02019",434.250574411376,-0.128101899839728,0.104073166287768,-1.23088308359447,0.21836659537318,0.252209598659485
"FGLBJAKE_02863",108.236215836362,-0.231337465972082,0.188220988018179,-1.22907369899545,0.219044175193434,0.252824481729289
"FGLBJAKE_02230",384.062093836472,-0.136859964409318,0.111439965720583,-1.22810486816257,0.219407603799604,0.25314229358493
"FGLBJAKE_00225",24.6548249940427,-0.458889135479819,0.373824701500079,-1.22755166696688,0.219615315131366,0.253280263116992
"FGLBJAKE_01994",4.40338172065801,-1.07180896105749,0.876006025618038,-1.223517795213,0.221134187120338,0.254929664574349
"FGLBJAKE_01371",291.573388685513,-0.157214519607844,0.128756447261869,-1.22102250373603,0.222077499455479,0.255914488145568
"FGLBJAKE_01603",45.200051694474,-0.3382641624935,0.277102394338024,-1.22071901724843,0.22219242483338,0.255944300188831
"FGLBJAKE_00962",861.191885097599,-0.0979786639287941,0.0805746967721384,-1.21599792309332,0.223985713183386,0.257803339883481
"FGLBJAKE_02013",100.134350050479,-0.245885583440974,0.202171789376306,-1.21622103756179,0.223900731778581,0.257803339883481
"FGLBJAKE_02864",98.3888040398852,-0.234416467612892,0.193411808943647,-1.21200700667244,0.225509698547114,0.259453512259569
"FGLBJAKE_02727",2.10749754050451,-1.56477201774225,1.2974474418373,-1.20603884772888,0.227802511915247,0.261986562322697
"FGLBJAKE_01109",22285.3792868485,-0.0668712268944184,0.0554856515444504,-1.20519855193278,0.228126661277468,0.262254409804577
"FGLBJAKE_01865",111.667243294539,-0.212582146278883,0.177590710613351,-1.19703415536027,0.231293242251919,0.265682165560358
"FGLBJAKE_01945",33.1450182683113,-0.381099388356789,0.318336176263748,-1.19716016203273,0.231244134215027,0.265682165560358
"FGLBJAKE_00875",2.75231098659496,1.32008697845432,1.1031148027086,1.19669047610726,0.231427220541188,0.265729856905863
"FGLBJAKE_02287",4408.32482303251,-0.0790004534920979,0.0661670829471634,-1.19395400210075,0.232495961611794,0.266850396833984
"FGLBJAKE_00196",44.7385933635214,0.334380719837689,0.281975072932364,1.18585205550384,0.23568072988022,0.270397771527246
"FGLBJAKE_01259",221.132421443592,0.154189044971424,0.130493564884372,1.18158351416063,0.237370998085921,0.272228351356319
"FGLBJAKE_01588",3.50632534518838,1.16933680037077,0.990512077719963,1.18053764984112,0.237786445289376,0.272596028624518
"FGLBJAKE_02089",168.188246590286,-0.170684317089759,0.145828055852223,-1.17044910248768,0.241820285317144,0.277109848485435
"FGLBJAKE_01505",20.6650149881274,-0.469838592215531,0.401695824440059,-1.1696377299178,0.242146787032953,0.27734698338554
"FGLBJAKE_03058",219.601109788169,0.154741706324638,0.132319466460037,1.16945533763449,0.242220225573315,0.27734698338554
"FGLBJAKE_01356",5.28190169253043,-0.949242764219277,0.813336441821254,-1.16709729874355,0.243171078622525,0.278324842676677
"FGLBJAKE_01220",81.2677272180681,-0.249540575296262,0.213963493839083,-1.16627640920809,0.243502708029537,0.278593464521054
"FGLBJAKE_01596",9.21320779244985,0.741044793061612,0.637607863105409,1.16222655952269,0.245143448910609,0.280359041850016
"FGLBJAKE_02755",11935.4702343033,-0.0686784873970478,0.0592178058399937,-1.1597607581513,0.246146225209586,0.281393894690673
"FGLBJAKE_00222",3.89001496383866,-1.09975216900863,0.954551219099585,-1.15211436222983,0.249274082068063,0.284856346665453
"FGLBJAKE_00639",434.555064975257,0.120289619673231,0.104492512949965,1.1511793168457,0.24965847239204,0.285182213694246
"FGLBJAKE_02001",126.559632021925,-0.19357966154394,0.168201861619983,-1.15087704547107,0.249782822484905,0.285210898618044
"FGLBJAKE_00937",6018.26644022085,0.0669727974727349,0.0582376716924295,1.14999098567055,0.250147584048288,0.285513962094829
"FGLBJAKE_02762",1557.83469922504,-0.0889512164150486,0.0777942887972565,-1.14341576727912,0.252866009108945,0.288502147748752
"FGLBJAKE_00197",13.5353903266406,-0.56678681181348,0.496621846702964,-1.14128449156302,0.253751553691381,0.289397605281361
"FGLBJAKE_01758",5.51837624424245,-0.883763429728274,0.775633014018179,-1.13940924864702,0.254532500221785,0.290173108146533
"FGLBJAKE_02061",1.55979122383293,-1.84635850548348,1.62398284008367,-1.13693227533633,0.255566598436455,0.29123648053385
"FGLBJAKE_00850",1690.50492278343,0.0752401769263978,0.0663369118709328,1.13421283572542,0.256705281122629,0.29241814425146
"FGLBJAKE_01332",11.0081849289748,0.614414683491594,0.543687214835604,1.13008852650209,0.258438923835927,0.294276334035045
"FGLBJAKE_00306",33.7446105905198,0.357688268103552,0.316649295775251,1.1296038641988,0.258643182020449,0.294392279258126
"FGLBJAKE_02085",90.8921508179549,-0.217763429056267,0.192827103359861,-1.1293196094424,0.258763031618422,0.294412095356827
"FGLBJAKE_02077",156.037560167578,0.168445193884765,0.149621892710754,1.12580579508106,0.260247730715177,0.29598416227757
"FGLBJAKE_02630",19.999482191064,-0.446681009571185,0.398655974682226,-1.12046736519436,0.262514652002854,0.298369473366222
"FGLBJAKE_03070",466.97488685843,-0.12175150756384,0.108670018540626,-1.12037808770893,0.262552678546686,0.298369473366222
"FGLBJAKE_01434",168.778723003397,-0.167907212095481,0.150900422637062,-1.11270206644366,0.265836407752539,0.301981753312569
"FGLBJAKE_02211",1200.86950263948,-0.09376243674824,0.0843355433885283,-1.11177841490014,0.266233434781905,0.302313272051835
"FGLBJAKE_00708",61.67629405206,0.263689316458725,0.238568586485781,1.10529772734535,0.269030602368989,0.305248302885303
"FGLBJAKE_01337",10.0138202387034,-0.634295991005391,0.573854038588673,-1.10532635191584,0.269018203357482,0.305248302885303
"FGLBJAKE_02743",6.65353229278944,-0.778139703645794,0.706220424114332,-1.10183687284555,0.270532596862151,0.306831366764729
"FGLBJAKE_03076",9.49447345256374,-0.662936231647969,0.604202687135896,-1.09720834707056,0.27255032513112,0.308997883403092
"FGLBJAKE_00508",4275.31186925204,0.0772193225868643,0.0705621320578614,1.09434508758244,0.273803657708844,0.310296416504423
"FGLBJAKE_00032",12.1802930372297,0.570887813062215,0.522467935852408,1.09267530864035,0.274536384510688,0.311004165977027
"FGLBJAKE_00851",435.584294203498,-0.116289804470842,0.106528256057517,-1.09163341985111,0.274994260584748,0.311400120142067
"FGLBJAKE_03085",25.3562210639695,-0.407052609634952,0.375710794210496,-1.08342005581798,0.278622017566622,0.315383882822557
"FGLBJAKE_01537",14.7174584067168,-0.515558100620093,0.476946783846202,-1.08095518846468,0.279717047456859,0.316498737949218
"FGLBJAKE_01940",2.84919491438917,-1.23103694115441,1.14169932635439,-1.07824968688147,0.280922343612919,0.317737432327244
"FGLBJAKE_02310",525.185313285785,-0.100080009145883,0.0933690102287696,-1.07187608501654,0.283775693087103,0.320838450799502
"FGLBJAKE_02768",10167.8788542479,0.0653391254465569,0.060978464149561,1.07151149767073,0.283939503708265,0.320897417875561
"FGLBJAKE_01315",48.1858730894229,-0.278662998724126,0.260271414696833,-1.07066309624788,0.284320941796594,0.321202196039076
"FGLBJAKE_02919",37.7870390344949,-0.313126995658134,0.297495788338268,-1.05254261718184,0.292550668533507,0.330369595821335
"FGLBJAKE_03092",55.8511162419594,0.255405541179728,0.242927728719975,1.05136429886164,0.293091306122379,0.330850123250478
"FGLBJAKE_01698",7408.41872421822,0.0775524938414024,0.0740725404123493,1.04698034399361,0.29510864388508,0.332996561651244
"FGLBJAKE_02840",218.856767204108,-0.136491599305735,0.130887199496536,-1.04281854780877,0.2970323393239,0.335035692000349
"FGLBJAKE_00088",4571.43733291487,-0.0655332635342657,0.0629921091349142,-1.0403408368802,0.298181577954285,0.336200021593023
"FGLBJAKE_01609",365.598411193087,-0.110643095638683,0.106644292035915,-1.03749664915419,0.299504456547056,0.337559140437741
"FGLBJAKE_00686",86.5937458870396,0.209363865547337,0.203451559251994,1.0290600195795,0.303451471871559,0.341869749414013
"FGLBJAKE_01417",4.07188086132602,-0.9396409974121,0.913324330445365,-1.02881415296788,0.303567014789339,0.341869749414013
"FGLBJAKE_00325",388.721798438699,-0.110613251514819,0.107771946860193,-1.02636404683598,0.304720018344854,0.343033816186098
"FGLBJAKE_02974",364.252401719502,-0.113895791182214,0.111189687695926,-1.02433772000232,0.305675787515452,0.343975024792251
"FGLBJAKE_00959",845.076155998299,0.0842705540159164,0.0825769823962905,1.02050900348354,0.30748712143174,0.345877881406975
"FGLBJAKE_01304",6.50952336920599,-0.730356125348608,0.718357289440982,-1.01670315883752,0.309294662589972,0.347774984461494
"FGLBJAKE_01025",1.80813759573101,1.56254792998906,1.53919417689416,1.01517271403796,0.310023504898044,0.34845817484434
"FGLBJAKE_03061",57.5651917481168,-0.243013698277771,0.241467024334591,-1.0064053215856,0.314220634795305,0.353037570133583
"FGLBJAKE_01510",82.5333380776367,0.213032979745482,0.212256939872651,1.00365613427432,0.3155443874367,0.354386310860913
"FGLBJAKE_00599",13287.8354436331,0.072728790204521,0.0726003457179935,1.00176919937856,0.316455076336066,0.355270269292911
"FGLBJAKE_02760",1981.93217491206,0.0654496595378429,0.0654646820708857,0.999770524616211,0.317421573254588,0.35621616615919
"FGLBJAKE_01490",28.4250930848376,-0.340640840291547,0.3411949085188,-0.998376094679554,0.318097021049884,0.356834831575865
"FGLBJAKE_01316",13.9590019335345,-0.490352769940509,0.492982263004273,-0.994666150770334,0.319898662609828,0.358715862793853
"FGLBJAKE_01678",13.9646747207399,-0.473821220454806,0.477542673470529,-0.992207077560886,0.321096520686401,0.359918642922276
"FGLBJAKE_01034",5.70839925839039,-0.768974705897942,0.777490570935603,-0.989046986090888,0.322640153571915,0.361507914762449
"FGLBJAKE_02010",84.4034325332896,-0.206546909816344,0.209301954434803,-0.986836985703747,0.323722559905661,0.36257935976963
"FGLBJAKE_01279",5.81560963698785,-0.758486315202002,0.770438140432529,-0.984486976172003,0.324876131950963,0.36372964675772
"FGLBJAKE_00546",2.15062044735221,1.28928944824716,1.31310073588614,0.981866366388939,0.326165687323687,0.365031224831883
"FGLBJAKE_02986",113.504606871878,0.170361215201082,0.174006983167672,0.979048151400473,0.327556188329455,0.366444719836066
"FGLBJAKE_00889",4.41600568460988,-0.841859542827802,0.861328189034166,-0.977396947581392,0.328372673583665,0.367215199953095
"FGLBJAKE_01484",462.469782741336,0.0950218303406554,0.097479374795858,0.974789082712633,0.329664893591356,0.368516882217642
"FGLBJAKE_01207",7.90111038182681,0.612373156558826,0.629708999648374,0.972470072526789,0.330816746429091,0.369660703435929
"FGLBJAKE_01494",2.84975126634224,1.04957942284144,1.08964748114291,0.963228421122536,0.335432905239729,0.374673210127859
"FGLBJAKE_00565",3.27655891583663,0.969552575338891,1.01144358343178,0.958582951358735,0.337768884554315,0.377135887416123
"FGLBJAKE_00777",688.469847591866,-0.109689800070207,0.114828220858981,-0.955251237454207,0.339450660428717,0.378866484688207
"FGLBJAKE_01227",14.072311355947,0.469261785058436,0.492313141521326,0.953177450450221,0.340500169528236,0.379890328891363
"FGLBJAKE_01654",93.953301110983,0.190135203548167,0.199805435292352,0.951601758330371,0.341298989460806,0.380633797326487
"FGLBJAKE_02729",3.20103696135923,-1.03822640094587,1.09212291368365,-0.950649773883059,0.341782192641944,0.381024833845208
"FGLBJAKE_01441",136.34781837586,-0.157434130865718,0.166080900640702,-0.947936398817523,0.343161833485197,0.382414544178541
"FGLBJAKE_01324",2.05416143183712,1.19283998301891,1.26160408412732,0.945494706323831,0.34440637213228,0.38365267965433
"FGLBJAKE_00296",8534.88653889332,0.0503983606005773,0.0534124625455466,0.943569313202905,0.345389779764986,0.384599080606188
"FGLBJAKE_02210",912.90568383435,0.077531644450474,0.0822889335278953,0.942187984781591,0.34609640433355,0.385236663847646
"FGLBJAKE_02550",4318.80351442974,0.0560119169757008,0.0595768365169136,0.940162658012216,0.347134132833893,0.386242159413321
"FGLBJAKE_01608",975.362070236965,-0.0745998519440239,0.0793827161815452,-0.939749299752063,0.34734617066351,0.386328519538285
"FGLBJAKE_02513",34.803850917389,-0.288513980110308,0.30723024097539,-0.939080668603254,0.347689328652332,0.386560592087737
"FGLBJAKE_00845",2126.54482601157,0.0602165850881581,0.0643888291521011,0.935202361669176,0.349684021669815,0.388627949837219
"FGLBJAKE_03055",16.9680673881283,-0.417635298211099,0.446922201059885,-0.934469796355313,0.35006160900742,0.388897203048831
"FGLBJAKE_02189",2045.25957706265,-0.0625170310651345,0.067438720932173,-0.927019821861856,0.353916242761111,0.393027543158977
"FGLBJAKE_02943",21.0844628696846,0.36156607948717,0.39095574089075,0.924826116284622,0.355056363427772,0.394141362878106
"FGLBJAKE_01679",5.56863663051393,-0.694585666206907,0.756396821330647,-0.918282106189973,0.358471192809328,0.397778458739
"FGLBJAKE_00023",985.978427951336,0.0705243476226037,0.0769022242351428,0.917065121640207,0.359108516454882,0.398331870432779
"FGLBJAKE_00531",40.7745232814489,0.272754747897716,0.299505607385098,0.910683276613963,0.362462278070865,0.401896831472094
"FGLBJAKE_01579",3.86323354285605,0.830820532641319,0.923204386915921,0.899931309270288,0.368156807003427,0.408053476023081
"FGLBJAKE_00548",16.7432257609971,0.42367111613757,0.47230410526627,0.897030348484306,0.36970272308467,0.409608953795428
"FGLBJAKE_02015",161.074460457852,-0.142282213449586,0.159169734594092,-0.893902435738982,0.371374094446934,0.411302176277644
"FGLBJAKE_01024",22.6463593147895,0.336865086395337,0.379435840647035,0.887805131483878,0.374645582174109,0.414765563624187
"FGLBJAKE_02003",103.99383730338,-0.166963235588197,0.1885232891095,-0.885637187728141,0.375813065628193,0.415897863155728
"FGLBJAKE_02012",26.5914099654913,-0.305201194161221,0.347257097777471,-0.878891161950561,0.379460291151076,0.419772469887679
"FGLBJAKE_01008",1.81965402172126,-1.23460717080183,1.4107246313155,-0.875158158719154,0.381487855919518,0.421853058065677
"FGLBJAKE_01832",6350.46286038026,-0.0528257338452532,0.0606474271718613,-0.871030088309547,0.383737724686975,0.42417777721168
"FGLBJAKE_03088",63.2789081998606,0.199389420390923,0.229565139244733,0.868552695095223,0.385091838105701,0.425510935300187
"FGLBJAKE_01653",18.5891968755791,0.364360249364216,0.419810161225475,0.867916699063704,0.385439936513966,0.425731889908201
"FGLBJAKE_00176",98.5802939565295,-0.165502885378481,0.191119638476953,-0.865964830707017,0.386509448555499,0.426749195216482
"FGLBJAKE_01290",1210.51787124509,0.0646502423351405,0.0749509704836962,0.86256711444722,0.388375517795043,0.428644868718493
"FGLBJAKE_02737",38.6160701932787,0.247819269602673,0.287825161368837,0.861006273475522,0.389234587880033,0.429428101945188
"FGLBJAKE_01529",4.59006878211119,0.72522432566217,0.843527068357593,0.859752286401707,0.389925605823513,0.429983001722946
"FGLBJAKE_01995",7.39375894607288,0.561902150502202,0.653716138898072,0.859550678141992,0.390036772961628,0.429983001722946
"FGLBJAKE_01023",46.9191240532573,-0.231358425283216,0.26925870813755,-0.859242127705028,0.390206945504192,0.430005660037979
"FGLBJAKE_02188",2183.82053298991,-0.0594790949450553,0.0695256547821305,-0.855498522544552,0.392275221998952,0.432119198169793
"FGLBJAKE_01623",11.5500764867934,0.478202869853323,0.560254957892436,0.85354509249186,0.393357092700103,0.433144936559423
"FGLBJAKE_00552",60.7242281568752,0.204195582965185,0.240061259542618,0.850597815550218,0.394992803320677,0.434779516179098
"FGLBJAKE_01997",20.914849146007,-0.338025698864684,0.40190833801702,-0.841051719734089,0.400318960794023,0.440473466049779
"FGLBJAKE_02536",1213.92896233488,0.233343809643644,0.278198079549695,0.838768585395507,0.401599182486281,0.441712992906839
"FGLBJAKE_00764",1578.01356410155,-0.0574254844018843,0.0686390054123715,-0.83663048520126,0.402800304354055,0.442864603945506
"FGLBJAKE_02183",9.02793524820138,0.496760990164592,0.594015389740869,0.836276296446288,0.402999484861354,0.44291415659332
"FGLBJAKE_01331",11.827417392034,-0.454116178746207,0.545838116392861,-0.831961281390913,0.405430799580946,0.445415947246039
"FGLBJAKE_00307",28.6519078983659,0.276766665936971,0.333544838867602,0.829773492753193,0.406666860391578,0.446535185173121
"FGLBJAKE_01072",28.0324027694256,0.28007947488965,0.337604491110342,0.82960826133711,0.406760304378299,0.446535185173121
"FGLBJAKE_01607",137.958725944635,0.154397969344778,0.186187722361052,0.829259670760525,0.406957486227296,0.446581067360538
"FGLBJAKE_00807",23.5312615179286,0.309235293303045,0.37396805651989,0.826902961126568,0.408292064931967,0.447874578097127
"FGLBJAKE_00098",1104.10346327573,-0.0816111287436752,0.0991009589134402,-0.823515025873347,0.410215175993582,0.449812444031115
"FGLBJAKE_00535",78.6631392004262,0.181593557256108,0.221051786668985,0.821497803716175,0.411362774595206,0.4508987849682
"FGLBJAKE_00705",17.8853144699847,0.355048582355487,0.43244917060724,0.821018067526714,0.411635976935351,0.451026228635989
"FGLBJAKE_01221",356.228821841775,-0.114504596821416,0.140066496492003,-0.817501684479938,0.413641787044323,0.453051256084369
"FGLBJAKE_01589",5.52221614397609,0.632169739400751,0.774286315198809,0.816454749349964,0.414240094151731,0.453533725939837
"FGLBJAKE_00174",14.7154549893436,-0.376796309530137,0.466400770950711,-0.807880974900781,0.41915910443395,0.45874457964325
"FGLBJAKE_00271",321.551402490799,-0.0969520267774096,0.120477364961987,-0.804732298120895,0.420974177278216,0.460555685381649
"FGLBJAKE_01188",4770.61354758947,-0.0507361834021262,0.0632887202607831,-0.801662337191623,0.422748307660409,0.462144783650063
"FGLBJAKE_01533",93.4540840550508,-0.152161535496562,0.189774497719952,-0.801801808592345,0.422667612302064,0.462144783650063
"FGLBJAKE_02041",12.1320959992895,0.413622372152256,0.518934310343516,0.797061138390431,0.4254155246784,0.464883733051605
"FGLBJAKE_02348",2.94284681374685,-0.837601754519107,1.05142339328188,-0.796636026809943,0.425662447664193,0.46497676723181
"FGLBJAKE_00748",731.65959346191,-0.066503459324933,0.0836138518231608,-0.795364139731113,0.426401713457032,0.465607342125954
"FGLBJAKE_01297",3.08701694644363,0.823978017275219,1.04011074219086,0.792202199103931,0.428242786532581,0.467440094376999
"FGLBJAKE_00554",116.549941733,-0.140539790014992,0.178174253995765,-0.788777204692732,0.430242234886645,0.469266103629684
"FGLBJAKE_00707",15.9069721927918,0.380113836282401,0.481775478225803,0.788985437121493,0.430120518129929,0.469266103629684
"FGLBJAKE_01414",2.10287128278128,-1.00596629287362,1.27721773690673,-0.787623177947678,0.430917153073115,0.46982393700005
"FGLBJAKE_00704",23.3568893796309,-0.293601692878072,0.373418862999151,-0.786252977474092,0.431719294702643,0.470520004920514
"FGLBJAKE_00819",1411.5531510644,-0.0860321638630276,0.109560639714277,-0.785247001910457,0.432308762545021,0.470983845168457
"FGLBJAKE_01935",213.291880330848,0.104796334368685,0.134083699939225,0.781574005014669,0.434464968863405,0.473153588675038
"FGLBJAKE_00181",478.399755116174,-0.0745335003728826,0.0954914866372958,-0.780525081319368,0.435081870321853,0.47364594519129
"FGLBJAKE_01329",34.6777241963099,-0.238033285889995,0.305724290018919,-0.77858807317948,0.43622240702539,0.474707761374847
"FGLBJAKE_00852",1545.38784463846,0.0563426114204251,0.0725119136795835,0.777011784151671,0.437151817873572,0.475539108466558
"FGLBJAKE_00223",12.1792584192977,-0.418802647611748,0.54002227995621,-0.775528460873334,0.43802745456333,0.476311352408252
"FGLBJAKE_02962",69.7029162673167,-0.180466543066731,0.235495391030009,-0.766327282574008,0.443481588690115,0.482059790429421
"FGLBJAKE_02079",79.6484093664946,0.158156950906663,0.206613161663484,0.765473746364028,0.443989493883209,0.482429416037936
"FGLBJAKE_00553",41.0133299792099,-0.211315965551805,0.286845619757608,-0.736688835375532,0.461311597854883,0.501061803565735
"FGLBJAKE_01095",14551.5278911737,-0.0537998204259553,0.0735126321154773,-0.731844567086699,0.464263443486125,0.504077497763174
"FGLBJAKE_01229",235.884749281633,0.0970751048325692,0.132771790504042,0.731142545144889,0.464692089693035,0.504352366230281
"FGLBJAKE_01536",4.33579992861968,0.617954939788003,0.848343636151713,0.728425267137257,0.466353300727928,0.505964283235963
"FGLBJAKE_01004",1.62258767333145,-1.03931668601565,1.4280874494702,-0.72776823744318,0.466755470940146,0.506209518295087
"FGLBJAKE_02569",65.5245275917564,0.170819116154062,0.235092292570495,0.726604493436723,0.46746827480207,0.50679133224487
"FGLBJAKE_03079",129.587821067493,0.122158863067631,0.168935080314547,0.723111285353987,0.469611516428361,0.508922887713088
"FGLBJAKE_01205",1.61321555884053,-1.05703165553227,1.4664527256567,-0.720808545027538,0.471027317277351,0.510264798286885
"FGLBJAKE_02514",78.4741686431455,0.157833091333982,0.220848623866317,0.714666401677562,0.474815203376186,0.514174413904732
"FGLBJAKE_00731",2709.64481372932,0.0575616493566549,0.0806950167226788,0.713323470202312,0.475645617397952,0.514879662674845
"FGLBJAKE_02016",9.78890297875865,-0.406781920783228,0.575942705062748,-0.706288867290904,0.480008515199403,0.519406804474053
"FGLBJAKE_02763",7470.94630519954,0.0415069227001039,0.0593773350504198,0.69903647014233,0.484529239299924,0.524101254703794
"FGLBJAKE_00221",31.2846067213838,-0.2380059560496,0.341683852727394,-0.696567760372008,0.486073337846403,0.525573654240242
"FGLBJAKE_01629",35.3079891270158,-0.222398944000972,0.319647984255894,-0.695762072514527,0.48657784510726,0.525921296291187
"FGLBJAKE_03027",55.0217507573361,0.174030960397833,0.250330043761338,0.695206047915498,0.486926182711916,0.526099943275958
"FGLBJAKE_02175",25.6381384956195,0.25953233487743,0.375585910085932,0.691006579075477,0.489561406573308,0.528748396276471
"FGLBJAKE_01295",2.55286910901184,0.771585767275468,1.11988138818848,0.688988829900625,0.490830296903361,0.529919711983569
"FGLBJAKE_01967",10.2083417984623,-0.383942615689855,0.558524057811425,-0.687423594955485,0.491815833158616,0.530784342657853
"FGLBJAKE_01582",21.6296164872597,0.261521893387761,0.381402407998821,0.685684956106963,0.492911795393024,0.531767454939771
"FGLBJAKE_01035",2.15507263956361,0.841448033601816,1.22839622465414,0.68499724821177,0.493345657431812,0.532035804675057
"FGLBJAKE_00568",4.14216613520448,-0.61890819921069,0.910836117943089,-0.679494573193199,0.496824544980048,0.535586549989744
"FGLBJAKE_01169",3771.02411382702,-0.0506303818235234,0.0767622344938591,-0.659574101214755,0.50952717875945,0.54907428262267
"FGLBJAKE_01447",118.180560283946,-0.114136679744555,0.173706312375913,-0.657066966556486,0.511137858142331,0.550603524850472
"FGLBJAKE_01524",3.58874587954688,-0.618773972407992,0.944364503611642,-0.655227901982279,0.512321032426595,0.551671280327477
"FGLBJAKE_02558",2.61985192325922,0.772617271705987,1.18305837590178,0.653067750031407,0.513712602158988,0.552962553784619
"FGLBJAKE_02706",165.08026305207,-0.0982516374810126,0.15072973223483,-0.651839793146722,0.514504527916686,0.553607642543076
"FGLBJAKE_01946",21.4543725473456,0.249797944425178,0.387440515267856,0.644738829785214,0.519096448541135,0.558339518378452
"FGLBJAKE_02546",27.9119045754427,-0.225208848065243,0.349674057744617,-0.644053635313499,0.5195406543915,0.55839934207972
"FGLBJAKE_02998",6.65406568365234,-0.463591179183205,0.719702725508964,-0.644142592145054,0.519482973343013,0.55839934207972
"FGLBJAKE_01224",81.2926689052981,0.134553133162902,0.209552139042765,0.642098590725638,0.520809170895553,0.559553479309839
"FGLBJAKE_01683",13.7754731648475,-0.311907340086507,0.487897524087173,-0.639288630681343,0.522635183283125,0.561305499535016
"FGLBJAKE_01370",68.851497194716,-0.140621699679171,0.22180080260573,-0.633999958643694,0.526080849102825,0.564584152472562
"FGLBJAKE_01775",9459.72339692802,0.0427442969685929,0.0674148579572631,0.634048609813732,0.526049099154136,0.564584152472562
"FGLBJAKE_01073",81.7920970906626,0.126641396875462,0.200834329248772,0.630576442529368,0.528317506004599,0.566772867583881
"FGLBJAKE_01822",147.528716519568,0.0971330269402663,0.15523643341834,0.625710245986563,0.531505011562422,0.569979628071046
"FGLBJAKE_02870",592.072707831699,-0.0566242128440784,0.091006731728277,-0.622198070063036,0.533811634918369,0.572239701139647
"FGLBJAKE_01338",33.3659469508812,0.195374668554463,0.317117819932734,0.616094890523357,0.537831894124336,0.576334401086257
"FGLBJAKE_02778",1610.16735834361,0.0416252102837161,0.0676344239760431,0.615444145698058,0.538261444996125,0.57657972155008
"FGLBJAKE_02780",510.030725903015,-0.060196966543994,0.0989165881423316,-0.608562908148189,0.542814196457927,0.581239940618511
"FGLBJAKE_02695",17.1099996486937,-0.271359458392151,0.446523377687712,-0.60771612854262,0.543375764107208,0.581624560910285
"FGLBJAKE_01015",54.6706830468361,-0.156397339202686,0.258745747165391,-0.604444095858768,0.54554842627607,0.583593744741475
"FGLBJAKE_01226",88.825580304183,-0.136411024888644,0.22572122814682,-0.604334054039066,0.545621569979243,0.583593744741475
"FGLBJAKE_02857",455.368798436981,-0.0631212682575675,0.105396321704003,-0.598894413363293,0.549243297124593,0.587248971702411
"FGLBJAKE_02297",1675.51050463666,-0.0440379747660365,0.0739231031981912,-0.595726814227058,0.551357742035194,0.589290498553048
"FGLBJAKE_01563",182.057568267345,-0.0926218278473599,0.155620458556066,-0.595177708038889,0.551724689534985,0.589463478707638
"FGLBJAKE_02005",2227.03830449128,0.0392690876693717,0.0662014414443665,0.593175719631002,0.553063560166498,0.590674348539025
"FGLBJAKE_01046",443.209730294657,0.0581061816652036,0.0983108638850419,0.59104537758054,0.554490016995409,0.591977826465381
"FGLBJAKE_01953",3.14569995122286,-0.598647629626439,1.01828702278868,-0.587896748391215,0.556601599124853,0.59401150979756
"FGLBJAKE_01902",976.31701308537,0.0450528036308499,0.0766793082196657,0.587548384001922,0.556835465233016,0.594040507453485
"FGLBJAKE_01860",1.92392202287326,-0.79353263539745,1.35283195933173,-0.586571473214928,0.557491546245572,0.594519741710492
"FGLBJAKE_01173",1474.7302277584,-0.0403722074526757,0.0696037938813162,-0.580028834656854,0.561895173023774,0.598993593201159
"FGLBJAKE_01310",217.856713473812,-0.09157025120069,0.158147706558182,-0.57901725667455,0.562577529277857,0.599498635203768
"FGLBJAKE_00274",173.43266538677,-0.0829118695200938,0.143871013797153,-0.576293079000563,0.564417100119935,0.601236006576981
"FGLBJAKE_01986",205.669320653587,0.0846551405939081,0.147316402752102,0.574648437053965,0.565529086529553,0.602197330376412
"FGLBJAKE_00682",19.5973657259129,0.245156071188065,0.427125259101485,0.573967626507932,0.565989708573074,0.602464600903339
"FGLBJAKE_00556",124.496047132519,0.0995961823589391,0.173738240526431,0.573254236126486,0.566472566601291,0.602755333732732
"FGLBJAKE_02259",1.69909576804462,0.778861668914465,1.36367317601549,0.571149805256283,0.567898099926679,0.604048534118902
"FGLBJAKE_00198",6.57287617065758,0.394123436482636,0.69160638521724,0.569866682706867,0.568768123799044,0.604604368775251
"FGLBJAKE_01449",7.22589142079968,0.389703602936634,0.683980153025029,0.569758641699027,0.568841410288197,0.604604368775251
"FGLBJAKE_01776",6814.58385695995,-0.0355126375244297,0.0632289231818067,-0.561651784300004,0.574353290974493,0.610237101020589
"FGLBJAKE_02733",4.6053003428461,-0.464925301263999,0.829239618798674,-0.560664602515664,0.575026202300482,0.610726276944414
"FGLBJAKE_01983",15.815602790213,-0.248753706542377,0.444297824567776,-0.559880541356174,0.575560922158141,0.611068374688769
"FGLBJAKE_02720",8.52340973091422,-0.360519518042802,0.655080592837877,-0.550343762255258,0.582083613563465,0.617765253095051
"FGLBJAKE_01430",87.3101987310294,0.11518099313116,0.210556145942505,0.547032206614439,0.58435660581729,0.61994864714614
"FGLBJAKE_00450",581.831296967998,0.0502447373030815,0.0920472456668507,0.545858129040968,0.585163462065058,0.620575568256449
"FGLBJAKE_00199",44.9979463383894,-0.144875475893234,0.268009168524175,-0.540561640823738,0.588809763448629,0.624212194817912
"FGLBJAKE_03028",47.7494176132949,-0.139889729875061,0.26429987993637,-0.529284121917646,0.596608368566592,0.632246479078313
"FGLBJAKE_01479",630.238258075348,0.0452565495142072,0.086264309865389,0.524626575982903,0.59984280825686,0.635439819731004
"FGLBJAKE_02062",2.38570344294967,0.59188522126137,1.14854134191411,0.515336452996074,0.606317930115219,0.641826051989369
"FGLBJAKE_02122",2926.38266427202,0.0320681779371862,0.0622142178019402,0.515447739603119,0.606240179764685,0.641826051989369
"FGLBJAKE_01345",48.6790527694273,-0.134580274721837,0.261485602682349,-0.514675658396857,0.606779685861863,0.642078356836154
"FGLBJAKE_01006",2.62565690303582,-0.555780059553322,1.08463783987207,-0.512410722844479,0.608363587969101,0.643517464785865
"FGLBJAKE_01949",309.038310855707,-0.0583063318968494,0.114554953645023,-0.508981323300309,0.610765315437606,0.645820278354555
"FGLBJAKE_02233",317.691700401072,-0.0583673401616149,0.116764026390746,-0.499874336007317,0.617163564100901,0.652345745945564
"FGLBJAKE_02524",31.3601120050344,0.160255767276907,0.322101293429355,0.497532206625724,0.618813797128743,0.653849578289709
"FGLBJAKE_00550",35.0162188621635,-0.148963539371843,0.301398213610429,-0.494241613403806,0.621135554188808,0.656061588658079
"FGLBJAKE_02312",402.459184734519,-0.0630195434050473,0.128105503500573,-0.491934707588619,0.622765501459794,0.657541532400973
"FGLBJAKE_00269",649.740664841529,-0.0451784860330403,0.0919122703241169,-0.491539224020081,0.623045116908283,0.657595176641353
"FGLBJAKE_00555",145.055603258693,0.0758305353255962,0.156243825912418,0.485334603673254,0.627439013098446,0.661989619546598
"FGLBJAKE_01330",48.8046307972703,-0.128122577442592,0.269428496508633,-0.475534619028269,0.634405964080569,0.668849134544225
"FGLBJAKE_02633",84.8911623769559,-0.0960278323671326,0.201817578727625,-0.475815005672685,0.634206178457938,0.668849134544225
"FGLBJAKE_00297",15048.1111529283,-0.0263100664695601,0.0555462827245307,-0.473660255539312,0.63574219953701,0.670012131085209
"FGLBJAKE_01509",19.847161942007,-0.19478563188386,0.412236941817602,-0.47250891932447,0.636563576835735,0.670631862106269
"FGLBJAKE_01508",16.1385815515634,0.207384421381516,0.44269166205352,0.468462451765003,0.639453916479356,0.673430031499329
"FGLBJAKE_03100",2.70880785485923,-0.533426923539726,1.14217947890928,-0.467025483638631,0.640481645770262,0.674265293019682
"FGLBJAKE_00762",1566.36975706513,-0.0402104117164848,0.0870358120859665,-0.461998466525117,0.644082420133121,0.677807717122881
"FGLBJAKE_01462",4.6874623129142,0.377063761507458,0.828984220484773,0.45485034840224,0.64921690550965,0.682960976001
"FGLBJAKE_00073",3886.37471040208,-0.027112404580337,0.0604577480781795,-0.448452108161177,0.653826942421086,0.687558958111306
"FGLBJAKE_01047",415.054460665106,-0.0495991419058601,0.110921064199154,-0.447157104594733,0.654761630470739,0.688163887266002
"FGLBJAKE_02420",112.401784213414,-0.0798003451825527,0.178527593682507,-0.446991658468603,0.654881082697465,0.688163887266002
"FGLBJAKE_02533",3.75197249201695,-0.429127587430695,0.963756820562885,-0.445265422018037,0.656127953166644,0.689222126243032
"FGLBJAKE_02824",140.63326548977,0.069975372739968,0.157306384163748,0.444834919523209,0.656439057064455,0.689296985752007
"FGLBJAKE_00175",19.6617702188539,0.181632192107566,0.410972653487583,0.441956880990025,0.658520408487072,0.690977602771758
"FGLBJAKE_01830",2376.30003239522,0.0279824824290514,0.0632746300437148,0.442238578237739,0.658316572364968,0.690977602771758
"FGLBJAKE_02554",98.4578747144242,0.081088926406968,0.186659704277826,0.434421166157396,0.663982630238865,0.696454773469525
"FGLBJAKE_00282",1226.12904550414,-0.032707112698283,0.0758853529020605,-0.431006926204792,0.666463334352079,0.698801759550484
"FGLBJAKE_02946",2.11788409061328,-0.523623952514862,1.21719109428512,-0.4301904236511,0.667057127519254,0.699169286830903
"FGLBJAKE_03029",36.8287604627788,0.130995503610237,0.307549235744005,0.425933438895858,0.67015634801804,0.702161627489555
"FGLBJAKE_01418",8.87244231417008,-0.255739314616916,0.604292126898136,-0.423204776685806,0.672145862013542,0.703989507079781
"FGLBJAKE_01026",28.5772141748188,-0.138697380852285,0.33357598564953,-0.415789465726129,0.677564067953974,0.709405876611921
"FGLBJAKE_01029",35.7274319125578,-0.130951304752204,0.318365533823111,-0.411323748458785,0.680835157972956,0.712571101243363
"FGLBJAKE_01425",1580.54025868712,0.0342047921633228,0.0837496530359406,0.408417120828477,0.682967466028262,0.714542590959311
"FGLBJAKE_01992",12.0889751896694,0.208635481970756,0.514686713872251,0.405364032813446,0.685209944903859,0.716627868141809
"FGLBJAKE_02185",13.0205497448287,0.204018414508786,0.511496019720814,0.398866084275971,0.689991880638041,0.721366556912961
"FGLBJAKE_00036",69.2367844232533,-0.0865006291481625,0.218334945618364,-0.396183162082356,0.691969911929982,0.723171464322462
"FGLBJAKE_00026",3.65837950391106,-0.373916867360128,0.946435029729152,-0.3950792770922,0.692784381949895,0.723759474272628
"FGLBJAKE_00690",16.917839283735,-0.177937337700438,0.451154073170468,-0.394404812639706,0.69328219119546,0.724016358101654
"FGLBJAKE_02751",116.079204719192,0.0677948059254833,0.173400583356408,0.390972190596024,0.695817791754282,0.726400411733312
"FGLBJAKE_02530",837.997309343153,-0.0303773249857169,0.0792276768955915,-0.383418095493939,0.701409788374763,0.731972306386736
"FGLBJAKE_02619",12.2467153176114,-0.201748342403783,0.527411215769843,-0.382525696025062,0.702071472804449,0.732396883063515
"FGLBJAKE_01604",268.768703639885,-0.0494484634190458,0.13075575580495,-0.378174277029983,0.705301132951555,0.735499076960367
"FGLBJAKE_03036",17.1949401409909,-0.16180165527301,0.428688717975566,-0.377433901309789,0.705851177047918,0.735805688369864
"FGLBJAKE_00111",2287.86154256424,-0.0285289983674061,0.0758154083336459,-0.376295518212559,0.706697210834046,0.736153600557104
"FGLBJAKE_01628",17.1038978999695,-0.162646994241044,0.432067135915944,-0.37643917049198,0.706590430036635,0.736153600557104
"FGLBJAKE_01005",2.47532008198015,-0.422986476329897,1.12742602429822,-0.375178918362462,0.70752740771013,0.736751365854678
"FGLBJAKE_01318",9.33356342236078,-0.222467495307098,0.595036514933582,-0.373872005706961,0.708499544775694,0.737496447549925
"FGLBJAKE_02148",255.676507376558,0.0458697805132808,0.122832970716111,0.373432151366704,0.708826834023492,0.737569993114959
"FGLBJAKE_02908",17.5071554000833,-0.15942471974993,0.429353766891753,-0.371313196816843,0.710404269815454,0.738943855030624
"FGLBJAKE_03069",332.304752176426,0.0426774474342357,0.115185133412389,0.370511768054655,0.711001209857906,0.739297205908691
"FGLBJAKE_02144",1482.48850003601,0.0244998414649704,0.0677100082273751,0.361834861734149,0.717475438896732,0.745759280791757
"FGLBJAKE_00539",6.48013228988715,0.245674179664848,0.695140208823916,0.353416730245681,0.723776045137477,0.752036281173213
"FGLBJAKE_02523",46.2810831791364,-0.0938399391910981,0.270082865032654,-0.34744869571697,0.728254255307171,0.756415876311099
"FGLBJAKE_02874",182.977914423304,-0.0499246998302954,0.144032129942797,-0.346621964488918,0.728875342517899,0.756787476299293
"FGLBJAKE_02907",5.88803778398275,0.252219309573151,0.732148854630279,0.344491844763613,0.730476428088665,0.758175967615321
"FGLBJAKE_00537",3.1860524489093,0.331760536969593,0.983133456500538,0.337452188994253,0.735776048179352,0.763125356357798
"FGLBJAKE_01451",53.1124714573447,0.083805413755654,0.248337519465091,0.337465776158864,0.735765807223775,0.763125356357798
"FGLBJAKE_01235",68.2332808977382,-0.0738330198857071,0.219339249945191,-0.336615630372387,0.736406671855147,0.763503887053281
"FGLBJAKE_03031",7.64946155029765,-0.218562933892042,0.659685969637746,-0.331313600639501,0.740407619083566,0.767375224394579
"FGLBJAKE_00009",6.86270979212717,0.227984454274624,0.689076494122139,0.330855073739047,0.740753958470339,0.767457417679796
"FGLBJAKE_02045",129.151675629193,0.0556389345922123,0.172728821161948,0.322117259979712,0.747363863017447,0.774026573806178
"FGLBJAKE_01001",16.0500638469294,-0.14276396820174,0.446014569549468,-0.320088127044707,0.748901525815172,0.775339692072336
"FGLBJAKE_01325",7.22664356456549,-0.210038524154619,0.66120972881216,-0.317657945735229,0.750744414516942,0.77696775200637
"FGLBJAKE_00569",21.6747525558737,0.121865567948722,0.400700756782027,0.304131115018118,0.761028002547931,0.78732702639408
"FGLBJAKE_00551",12.6201551601188,0.152329483414743,0.510159168514061,0.298592072467173,0.765251314914195,0.791411399447066
"FGLBJAKE_02457",435.200671610953,-0.0292450275603212,0.0986883293188721,-0.296337244354675,0.766972545665026,0.792906149727081
"FGLBJAKE_02716",814.751186014706,-0.0242552756347185,0.0826387459704815,-0.293509725370016,0.769132566906202,0.794853289208352
"FGLBJAKE_00146",84.9806936070427,0.0580816218921561,0.199371270815803,0.291323928741053,0.770803588240557,0.796293857873242
"FGLBJAKE_00706",23.0796406318859,0.105565896253942,0.3764851742,0.280398548171946,0.779171750783932,0.804360492727378
"FGLBJAKE_01336",27.8038697914664,0.0960175876164623,0.342038542898112,0.280721543259131,0.778923983784312,0.804360492727378
"FGLBJAKE_02808",17937.7522761713,-0.0153220614589077,0.0549589507076925,-0.278791011502393,0.780405212865573,0.805344553599876
"FGLBJAKE_00793",3966.00401290161,-0.0163608249508513,0.0593260829427672,-0.275777940145397,0.78271862812695,0.8074419731647
"FGLBJAKE_01269",8.26647436938788,0.171084710568289,0.621541296430365,0.275258798652418,0.78311741611732,0.807563492616138
"FGLBJAKE_00180",521.007117036498,0.025512538297918,0.0947140467793322,0.269363828972042,0.787649718087736,0.811945943251131
"FGLBJAKE_02199",6663.09426288348,-0.0149544367297859,0.0565520558023224,-0.264436659598355,0.791443466272252,0.815564188621891
"FGLBJAKE_00536",7.61934738661544,0.180024481520561,0.697100866966361,0.258247392954754,0.796215983747166,0.819894208989378
"FGLBJAKE_01225",13.1714485738074,-0.128187724357237,0.496131916208256,-0.258374275408296,0.796118067989004,0.819894208989378
"FGLBJAKE_02186",26.4894205068312,-0.0916630043218384,0.357971160019735,-0.256062539554262,0.797902546959137,0.821336647550344
"FGLBJAKE_02872",46370.7478322534,-0.0157447842968421,0.0623142257030726,-0.252667575007126,0.800525106396156,0.823741194336753
"FGLBJAKE_01756",48.9624067697701,-0.0639677800527749,0.258997334161104,-0.246982387907456,0.804921854330315,0.827969008355521
"FGLBJAKE_00744",4128.75115796776,-0.0143427474882517,0.0587704391893883,-0.244046967932842,0.807194444253252,0.830009600280446
"FGLBJAKE_03067",18.1659075503015,0.0983207449076041,0.416745080144485,0.235925388425741,0.813490567147149,0.836184510007477
"FGLBJAKE_00932",891.0097483236,0.0176627247776535,0.0781302157279447,0.226067784570779,0.821148700185824,0.843754509951398
"FGLBJAKE_01900",91.7827179927865,-0.0435415447040349,0.193245650401575,-0.225317074995236,0.821732617243738,0.844052731221767
"FGLBJAKE_00573",39.1907909825545,-0.0618869626149925,0.287779026164486,-0.215050288548894,0.829728111056436,0.851960911459878
"FGLBJAKE_02794",4.13416976936892,-0.187845567866827,0.875443721695834,-0.214571837356887,0.830101153030938,0.852039540646756
"FGLBJAKE_03054",173.677100054619,0.0327115205247514,0.153990112454289,0.212426109724815,0.831774617944718,0.853452428408825
"FGLBJAKE_01017",9.17312573535772,0.1227632537182,0.580150404293881,0.211605909104932,0.832414498927841,0.853804164853182
"FGLBJAKE_03062",15.5353634380835,0.0994052654999231,0.471907397597448,0.210645702962086,0.833163746563967,0.854267787236833
"FGLBJAKE_02993",26.6919924676738,0.0718897254518674,0.344833407435901,0.208476684397902,0.834856785842893,0.855698431709156
"FGLBJAKE_02624",3019.44206230445,-0.0152300325755774,0.0740196822524467,-0.205756524644821,0.836981102801955,0.857569942763929
"FGLBJAKE_02322",856.497492930234,0.0206520202569885,0.101704651155928,0.203058759085915,0.839089105634439,0.859423410403912
"FGLBJAKE_01028",5.25985782230524,0.157405426742066,0.777650090388164,0.202411635628432,0.83959493275001,0.859635139552379
"FGLBJAKE_01741",4619.52672207867,0.0127178799336646,0.0637989267933405,0.199343164107772,0.841994316581698,0.861784781287678
"FGLBJAKE_01947",16.9500039861476,-0.0827921113016659,0.440921636624151,-0.1877705796784,0.85105649952939,0.870749868155026
"FGLBJAKE_01213",12.2918698744708,0.0962033861303863,0.517120757387533,0.186036597363449,0.85241606172111,0.871830520066359
"FGLBJAKE_01273",12.6819752213887,0.0944063318782686,0.51387465660224,0.183714706816808,0.854237270913062,0.873382396515169
"FGLBJAKE_02950",3.10805865289966,0.202093748946685,1.12072147955807,0.180324686046328,0.856897676660498,0.875790868677905
"FGLBJAKE_01260",979.953261324623,0.0156928060671008,0.0895369246368073,0.175266306395447,0.860870385544703,0.879225830865486
"FGLBJAKE_02553",207.111166990538,-0.0236555181019835,0.134852510271803,-0.17541770675462,0.860751428322626,0.879225830865486
"FGLBJAKE_01487",261.363448882179,-0.020702596505743,0.120918091909043,-0.17121173663008,0.864057279261179,0.881823199098795
"FGLBJAKE_02920",83.0534602542078,-0.0431956532377201,0.251866458137423,-0.171502206197507,0.863828895848846,0.881823199098795
"FGLBJAKE_02957",56.3389875874335,0.0413742790507832,0.242153396063443,0.170859792690842,0.864334012477837,0.881823199098795
"FGLBJAKE_03097",34.8072216718034,-0.0480233694740293,0.303668205342434,-0.158144213418311,0.874343161673714,0.891718327413149
"FGLBJAKE_00192",141.039495599768,-0.025661330626548,0.163262764885845,-0.157178096576342,0.87510449012596,0.891861810149648
"FGLBJAKE_00726",41.9961125123386,0.0441516089078025,0.280604797912046,0.157344454679073,0.8749733867945,0.891861810149648
"FGLBJAKE_00997",21.0913827793306,0.0644567611392212,0.411813698012456,0.1565192256846,0.87562376609721,0.892074691160362
"FGLBJAKE_02349",8350.46033145764,0.0122356709122058,0.0790389486016748,0.154805587987623,0.876974585744949,0.893134287537556
"FGLBJAKE_01287",117.795618655939,0.0278570651231292,0.180425913570687,0.154396142836851,0.877297394764985,0.893146550674661
"FGLBJAKE_02155",2373.62291477494,-0.0121710074708593,0.0793922554752015,-0.153302200548528,0.878159965402003,0.893708123429659
"FGLBJAKE_03072",4.54645125294995,-0.128029892396978,0.842986093871508,-0.151876636314351,0.879284236022998,0.894535537815963
"FGLBJAKE_00168",21.2833609531669,0.0594494663729689,0.398228034340239,0.149284985602436,0.88132876226618,0.896298252920382
"FGLBJAKE_00448",570.89448542416,0.0166081239129609,0.121422086153844,0.136780090336432,0.891204621328114,0.905849073501081
"FGLBJAKE_00600",1.70146609561899,0.197872626877998,1.44860163791444,0.136595611725854,0.891350445323959,0.905849073501081
"FGLBJAKE_00164",250.818371232926,-0.0166523067794979,0.123132988758785,-0.135238386945349,0.892423397474945,0.906298531569962
"FGLBJAKE_00457",51.2405675890304,-0.0349005134818695,0.25793114603372,-0.135309418883855,0.892367238374225,0.906298531569962
"FGLBJAKE_03080",6.43064700847165,0.0913481580584535,0.703511986991096,0.129845915560227,0.896688335027267,0.91030811546039
"FGLBJAKE_01002",3.27285886739104,-0.126762749454677,0.99053362942708,-0.127974200661916,0.898169390026007,0.911489698776393
"FGLBJAKE_02007",200.269802488296,0.0197457180749374,0.155566133671502,0.126928127664554,0.898997284030439,0.912007834205253
"FGLBJAKE_01570",8.40640124802544,0.0753892805891552,0.620042205313196,0.12158733702825,0.903225842664012,0.915974266695967
"FGLBJAKE_01973",28.9590577867269,0.0392140286607831,0.345497562399088,0.113500160141467,0.909634036128171,0.922147520223056
"FGLBJAKE_01215",17.3390112254331,-0.0502558818494501,0.455888305651102,-0.110237269143534,0.912221205874624,0.92444419805489
"FGLBJAKE_02319",122.910627322157,0.0192341205041283,0.176218447928788,0.109149301507303,0.913084071498714,0.924992464394537
"FGLBJAKE_02527",16.7722693285252,0.0494750866892133,0.456194092737738,0.108451835472705,0.913637284810125,0.925226764110042
"FGLBJAKE_02948",1.62269409036204,0.151456364885886,1.42689545440341,0.10614398162002,0.91546811593798,0.926754267420132
"FGLBJAKE_00301",29.9013065402828,-0.0350109725034551,0.34371642761038,-0.101860050003609,0.918867760451174,0.929540986813331
"FGLBJAKE_03000",35.6893932540369,-0.0312646055337491,0.30586220179156,-0.102217944390054,0.918583684795317,0.929540986813331
"FGLBJAKE_02075",84.7129154421613,-0.0200867647697934,0.199914673027806,-0.100476690707938,0.919965887298495,0.930324405382081
"FGLBJAKE_00697",241.012908336086,-0.0127900069501543,0.129026077534968,-0.0991273019726416,0.921037195001127,0.93108016124982
"FGLBJAKE_03022",25.0143769306061,0.035873349829322,0.371557214547629,0.0965486563704539,0.92308483219195,0.932822013966127
"FGLBJAKE_02958",217.134485963735,-0.0116473846346077,0.130793361669421,-0.0890518026751721,0.929040741035161,0.938510752103709
"FGLBJAKE_02901",12.0253795218455,-0.0468423840369667,0.542258346995196,-0.0863838874892998,0.931161254969231,0.940322363591556
"FGLBJAKE_01334",19.7890365948908,-0.0340144314329073,0.400170395698769,-0.0849998695518493,0.932261494417988,0.941102752004671
"FGLBJAKE_02525",48.3354881593224,-0.0217949803847972,0.260071776906912,-0.0838037123597549,0.9332124963693,0.941731992473795
"FGLBJAKE_00008",109.305750281118,-0.0147269668336407,0.183757300216446,-0.0801435742487177,0.936123066944087,0.944337555071009
"FGLBJAKE_02321",406.642894979111,-0.0078969877064504,0.100580590246415,-0.0785140322511867,0.937419168557312,0.945313224713584
"FGLBJAKE_02269",1386.8131986737,0.00576445962380429,0.0796818102911555,0.072343482191746,0.942328561541898,0.949930650954547
"FGLBJAKE_02534",41.2938907741832,0.019064921663833,0.287915379280436,0.0662171007032708,0.947204982261975,0.954511612559928
"FGLBJAKE_00567",23.9046678991093,-0.0213811111165459,0.363886498612801,-0.0587576378844899,0.953145150201864,0.960160939950984
"FGLBJAKE_02261",322.18651205685,0.00591760712996181,0.114001773661334,0.0519080268658038,0.958601978386313,0.965319581598551
"FGLBJAKE_01096",8062.28217945248,-0.00343111112065641,0.071955211625094,-0.0476839834553392,0.961968098932929,0.968369988207789
"FGLBJAKE_01586",3.2393703668863,0.0436101296905691,1.0295398777059,0.0423588543143607,0.966212628390126,0.971961880991677
"FGLBJAKE_02154",682.302999740833,0.00356441196797673,0.0840662366583787,0.0424000420342532,0.966179794842389,0.971961880991677
"FGLBJAKE_00729",9.28620635898182,-0.0228700943737513,0.577990537001627,-0.0395682851355869,0.968437312423726,0.97385893488656
"FGLBJAKE_00931",764.99487634194,-0.00310546041280795,0.0827245325471275,-0.0375397758946392,0.970054625906551,0.975144104531454
"FGLBJAKE_00304",11705.536499309,0.00213082646388943,0.0609269707059571,0.0349734516454646,0.972100910436192,0.976281473145687
"FGLBJAKE_01075",22.4948790363564,-0.0138206889273267,0.394175325374172,-0.035062288371824,0.972030072429735,0.976281473145687
"FGLBJAKE_02291",91.7945487938649,-0.0066177994835444,0.189933394014149,-0.0348427379918847,0.972205141316268,0.976281473145687
"FGLBJAKE_02615",117.608573232509,0.00512687149793734,0.170647852371087,0.0300435746872956,0.976032301266152,0.979782338050619
"FGLBJAKE_01233",82.6571802756299,-0.00562684642555281,0.203663221679148,-0.027628191183273,0.977958696930988,0.981373357185635
"FGLBJAKE_01322",65.1084486502031,0.00468055721546214,0.240824638972869,0.0194355412943833,0.984493657904807,0.987586308139063
"FGLBJAKE_01323",62.4299218278298,0.00392508982131252,0.233007988185148,0.0168453015361587,0.986560029615607,0.988623962731958
"FGLBJAKE_01556",10.3350970974331,-0.00978664875023713,0.563569302235899,-0.0173654752155763,0.986145051787059,0.988623962731958
"FGLBJAKE_01557",41.7397440347388,-0.00479016620063007,0.282582182821706,-0.0169514091539607,0.986475380072507,0.988623962731958
"FGLBJAKE_01461",187.844268717682,-0.00136298534545341,0.137830720412594,-0.00988883567736808,0.992109979281887,0.993838996324902
"FGLBJAKE_01831",37494.2561035729,-0.000444487257060944,0.0513720629687848,-0.00865231472855252,0.993096537798119,0.994480644471008
"FGLBJAKE_01512",260.915088300437,0.000879197597350028,0.123152075530708,0.00713912123333073,0.99430385377623,0.995342833769727
"FGLBJAKE_00437",24.3591357126969,-0.00206934761360479,0.362187228347121,-0.0057134748319218,0.995441331445127,0.996134535714936
"FGLBJAKE_00538",15.5345193443532,0.000678599856564556,0.458630622701292,0.00147962177616415,0.998819433059736,0.999167090363273
"FGLBJAKE_00842",32.286142853554,-0.000308631491772117,0.313542400229146,-0.000984337338575455,0.999214612561758,0.999214612561758
