"","baseMean","log2FoldChange","lfcSE","stat","pvalue","padj"
"FGLBJAKE_00099",163830.684268466,1.99587548853671,0.0501979726150812,39.7600816240352,0,0
"FGLBJAKE_00154",24795.5461010658,2.44199578069777,0.051861651141749,47.086734165545,0,0
"FGLBJAKE_00157",16162.4282926858,-4.16609782959263,0.0678527056692414,-61.3991408080457,0,0
"FGLBJAKE_00158",21784.930075874,-4.38657425370947,0.0626336356093033,-70.035440399342,0,0
"FGLBJAKE_00219",2538.48200372752,2.85677020827967,0.0739680318722576,38.6216874502392,0,0
"FGLBJAKE_00227",4108.7747010755,-3.49649989836964,0.070762500017202,-49.4117632576529,0,0
"FGLBJAKE_00228",4858.15692540732,-2.44037199099435,0.0620747401463317,-39.3134467456737,0,0
"FGLBJAKE_00285",30486.943912027,-2.63074927500738,0.056554856538803,-46.5167703714781,0,0
"FGLBJAKE_00286",25881.4801814215,-2.55994400742418,0.0577950305137763,-44.2934969437204,0,0
"FGLBJAKE_00287",110144.132323911,-2.88465484436408,0.0739323348862576,-39.0174995663537,0,0
"FGLBJAKE_00288",50321.6340357568,-3.09950536436471,0.0502149828991373,-61.7247121360259,0,0
"FGLBJAKE_00328",1816.09297677194,3.88694776888148,0.0895287845282781,43.4156209018315,0,0
"FGLBJAKE_00329",1335.01586055275,5.45101384170964,0.126109468040008,43.2244614653381,0,0
"FGLBJAKE_00331",3246.77610558972,5.18371688554781,0.085960501030926,60.3034745421373,0,0
"FGLBJAKE_00341",1371.20986475849,4.51971890585156,0.101620459235699,44.4764660565889,0,0
"FGLBJAKE_00342",2800.37490441738,4.58731720037897,0.0840250085734526,54.5946650677083,0,0
"FGLBJAKE_00378",950.046098239481,4.52711990977568,0.116962841483257,38.7056252427292,0,0
"FGLBJAKE_00431",11450.3765372605,-2.26790328151229,0.0551190612350805,-41.1455353319567,0,0
"FGLBJAKE_00458",22463.1223486107,4.34986076128467,0.0752920536894894,57.77317191033,0,0
"FGLBJAKE_00467",10145.8650226806,-4.47345259372673,0.069424223798218,-64.4364797902365,0,0
"FGLBJAKE_00468",18570.1735681271,-4.47960063357246,0.0707709658491218,-63.2971527211119,0,0
"FGLBJAKE_00469",11877.5539166387,-5.7051094087821,0.0866737719979585,-65.8227890314556,0,0
"FGLBJAKE_00470",16787.4995840496,-5.64686672316455,0.0748933190567338,-75.3988045166871,0,0
"FGLBJAKE_00471",18129.6297137635,-5.49638701341457,0.0691774856146778,-79.4534083535464,0,0
"FGLBJAKE_00472",19620.1624841164,-5.25445339215136,0.0761620215277627,-68.9904664654418,0,0
"FGLBJAKE_00473",10249.1095048799,-5.23205987535118,0.0889089474682071,-58.8473941525639,0,0
"FGLBJAKE_00474",8100.69531205493,-5.35864858553217,0.0955681330666999,-56.0715001285231,0,0
"FGLBJAKE_00475",27642.5495691943,-5.21721521072759,0.0626754376274397,-83.2417835155804,0,0
"FGLBJAKE_00476",13993.7119481446,-4.86593586340379,0.0716665154008851,-67.8969227983937,0,0
"FGLBJAKE_00477",14590.7128327113,-4.877187076502,0.0759435639430548,-64.2212035263328,0,0
"FGLBJAKE_00478",6749.29133980573,-3.7025762099738,0.0652264199347037,-56.7649767330529,0,0
"FGLBJAKE_00479",9988.06554652466,-2.97057922653835,0.0573756205477495,-51.7742413620809,0,0
"FGLBJAKE_00482",6752.09658984527,-2.41505904153652,0.0586451115287104,-41.1809096885116,0,0
"FGLBJAKE_00483",4467.17623092532,-2.57302056500478,0.0616562534460207,-41.731704753313,0,0
"FGLBJAKE_00484",7862.02919819342,-2.50231292907475,0.0558203702421455,-44.827952917902,0,0
"FGLBJAKE_00485",4490.46475612337,-3.09401738666514,0.0652304078475684,-47.4321330919055,0,0
"FGLBJAKE_00486",8872.49418929471,-2.36075602988657,0.056824861313514,-41.5444222003784,0,0
"FGLBJAKE_00497",14228.592398416,4.29798540394862,0.07128253831671,60.2950667224079,0,0
"FGLBJAKE_00592",21373.8840618413,2.90486396465487,0.072837919650039,39.8812044414741,0,0
"FGLBJAKE_00641",4270.10538632795,4.92949159447969,0.0798439476464195,61.7390765335079,0,0
"FGLBJAKE_00642",1715.19265801133,5.1054728596949,0.10477241359791,48.7291710133585,0,0
"FGLBJAKE_00646",6907.59054018722,-2.32709330919467,0.0595146818340267,-39.1011635697629,0,0
"FGLBJAKE_00711",3123.86627019331,5.63726888462447,0.102927380623556,54.7693806106082,0,0
"FGLBJAKE_00712",9744.84066483125,3.47036241523935,0.0588856153985675,58.9339585185651,0,0
"FGLBJAKE_00713",28505.7018301928,3.73169150529405,0.0593010843690605,62.9278797343714,0,0
"FGLBJAKE_00721",7769.28027750006,8.05111195038616,0.202945744522528,39.6712528726732,0,0
"FGLBJAKE_00724",32792.5072404178,5.81691575216216,0.0835800401232633,69.5969485487613,0,0
"FGLBJAKE_00776",14238.8247945465,7.73337765661243,0.0993956175163912,77.8040103763844,0,0
"FGLBJAKE_00790",3413.28830074896,-2.84067418736758,0.0666776832221084,-42.6030727238239,0,0
"FGLBJAKE_00803",7042.81548464853,-3.65636764896452,0.0749128048864766,-48.8083132717485,0,0
"FGLBJAKE_00804",4407.41153837748,-3.26394909784222,0.0687743907677015,-47.4587860598696,0,0
"FGLBJAKE_00809",16846.460146304,2.85156813894518,0.0546267256470288,52.2009713225468,0,0
"FGLBJAKE_00817",2031.37329016302,3.50914703187979,0.0818260208764857,42.8854659470336,0,0
"FGLBJAKE_00848",14177.2969520347,-2.1014185697816,0.0522773445097613,-40.1975002649421,0,0
"FGLBJAKE_00854",12682.9245529289,3.65879490305796,0.0656621921877913,55.7214857005375,0,0
"FGLBJAKE_00877",4853.47624196855,3.04822765459023,0.061122390018982,49.8708845260073,0,0
"FGLBJAKE_00894",2343.39847406447,4.7905996925363,0.104309252125475,45.9268913823066,0,0
"FGLBJAKE_00909",11631.5226098013,5.61244641612786,0.0755455764984608,74.2921912342838,0,0
"FGLBJAKE_00928",2987.85257459421,-3.20867834490748,0.0706781022609776,-45.3984790516799,0,0
"FGLBJAKE_00929",1913.81868507117,-3.08708020195157,0.0778072820873733,-39.675980436959,0,0
"FGLBJAKE_00955",2974.62186246894,-4.95642502810113,0.0959193984638667,-51.6728118344929,0,0
"FGLBJAKE_00956",9626.34693701083,-4.58520556249919,0.0709895501272546,-64.5898664561169,0,0
"FGLBJAKE_00967",2821.06502106592,-3.03126851062649,0.0717730699596849,-42.23406512121,0,0
"FGLBJAKE_00974",6319.28423942681,3.14129561102937,0.0708579062449087,44.3323233426062,0,0
"FGLBJAKE_00976",7522.29663688442,3.16373329424594,0.0766096367890328,41.2968058177617,0,0
"FGLBJAKE_00981",1584.5067184315,3.5724425409393,0.0878168086940976,40.6806236079883,0,0
"FGLBJAKE_00982",14915.2037831684,4.2712582612563,0.0775891719642659,55.0496693433389,0,0
"FGLBJAKE_00986",3549.12567785565,6.97691054241856,0.131862540755259,52.910481645943,0,0
"FGLBJAKE_00988",2400.89920079924,7.00263544765203,0.148984121350075,47.0025623146618,0,0
"FGLBJAKE_00989",3772.37585543339,7.34233332786142,0.134642016194414,54.5322592114159,0,0
"FGLBJAKE_00991",1244.33574806324,5.00150942499367,0.120313601679463,41.5706067741086,0,0
"FGLBJAKE_01031",5031.37807733579,4.65436328341046,0.0735440486296354,63.2867427091162,0,0
"FGLBJAKE_01102",8301.30433508806,-5.50190544047527,0.0716665335014526,-76.7709162375456,0,0
"FGLBJAKE_01103",8978.33313580227,-6.02507442838746,0.101373952730203,-59.4341471958047,0,0
"FGLBJAKE_01104",5529.34176255072,-5.41367758336564,0.0841471755416258,-64.3358205254032,0,0
"FGLBJAKE_01107",2952.50811511286,2.97411600474581,0.0730484195239143,40.7143100991002,0,0
"FGLBJAKE_01110",25892.3384902512,-2.11629419197547,0.0506965043469433,-41.7443809832043,0,0
"FGLBJAKE_01151",2689.37600686831,3.13132102572791,0.073383097278835,42.670875744448,0,0
"FGLBJAKE_01152",3469.05022024993,2.59965944858156,0.0669815376502212,38.811582113224,0,0
"FGLBJAKE_01172",28759.1695815342,-2.78362141281962,0.0608686171775574,-45.7316354780926,0,0
"FGLBJAKE_01177",64965.1868224291,3.08992727862864,0.0537669765413057,57.4688680189194,0,0
"FGLBJAKE_01200",3923.08678316306,3.82045283128756,0.0673245094987482,56.7468349896941,0,0
"FGLBJAKE_01299",1766.36426483106,4.43937069078988,0.10985014922351,40.4129691417823,0,0
"FGLBJAKE_01403",20227.6992467003,2.71451300860086,0.0556196413720746,48.8049354802879,0,0
"FGLBJAKE_01404",87743.750076677,2.68689053213709,0.0635035976449055,42.310839571034,0,0
"FGLBJAKE_01453",8971.13018107994,3.08273401706261,0.0612065051375609,50.3661172964246,0,0
"FGLBJAKE_01466",19510.4857616921,5.35929666148665,0.0681523546809032,78.6369992141793,0,0
"FGLBJAKE_01467",5966.36660195872,4.48132882150021,0.0767003685141589,58.4264314280701,0,0
"FGLBJAKE_01468",1644.79278786123,4.0640163612688,0.094699622609805,42.9148105269008,0,0
"FGLBJAKE_01561",4585.69508922537,-2.84602522626649,0.0631736995310856,-45.0507924562191,0,0
"FGLBJAKE_01562",2429.20221614836,-4.42337861318585,0.0924955633575372,-47.8226030808363,0,0
"FGLBJAKE_01669",18664.7691431631,-3.00985534865289,0.0648433431346408,-46.4173375885821,0,0
"FGLBJAKE_01670",29533.8274062124,-4.02021760237475,0.060970693756156,-65.9368846687733,0,0
"FGLBJAKE_01783",35002.4638022009,-2.31896002780243,0.0522726233955769,-44.3628017337782,0,0
"FGLBJAKE_01792",15668.0353848056,-2.62140635091925,0.0574982195187263,-45.5910873912452,0,0
"FGLBJAKE_01793",15942.0233943256,-2.4535180861665,0.0619913745845138,-39.5783784858905,0,0
"FGLBJAKE_01797",32380.2738586956,-2.57337359523079,0.060658204121062,-42.4241639283425,0,0
"FGLBJAKE_01798",18012.9219935171,-2.60090172893682,0.0550932655301821,-47.2090681847848,0,0
"FGLBJAKE_01799",37511.4730877314,-2.54601342642213,0.0638960558024843,-39.84617507992,0,0
"FGLBJAKE_01800",20908.8302877445,-2.61676321588548,0.057617721546232,-45.4159440127429,0,0
"FGLBJAKE_01801",12810.2852680283,-2.76335664673541,0.0683186087795785,-40.4480813661039,0,0
"FGLBJAKE_01803",25954.1286396117,-2.34229259433389,0.0525747335614162,-44.5516778814998,0,0
"FGLBJAKE_01804",24400.83158042,-2.63262475893407,0.0579447030194109,-45.4333980804453,0,0
"FGLBJAKE_01805",33852.6750005101,-2.49276457482759,0.0591657476425165,-42.1318866768835,0,0
"FGLBJAKE_01806",7184.16699083981,-2.62446846284408,0.0578001340342464,-45.4059234756981,0,0
"FGLBJAKE_01808",84570.6241940464,-2.73187470575579,0.0568409697700244,-48.06171880615,0,0
"FGLBJAKE_01809",26170.0820782158,-2.9572067535568,0.0543500298938905,-54.4103979212203,0,0
"FGLBJAKE_01812",16315.6551915771,-2.35086205900925,0.0546880998416631,-42.986720434896,0,0
"FGLBJAKE_01813",13066.9542645832,-2.55702325810276,0.0608343492919965,-42.0325570645854,0,0
"FGLBJAKE_01815",56887.776004681,-2.28547934184469,0.0581802417625598,-39.2827405422615,0,0
"FGLBJAKE_01840",32103.9852047116,2.1301110191583,0.0529306094726331,40.2434629108066,0,0
"FGLBJAKE_01847",2523.45148423441,5.93441557041059,0.109447122272982,54.2217597609282,0,0
"FGLBJAKE_01848",4848.80053774534,5.8175681292136,0.0955654953166533,60.8751946498814,0,0
"FGLBJAKE_01849",3061.5511439078,5.52679137504191,0.101432895348655,54.4871696311603,0,0
"FGLBJAKE_01850",9938.14741892778,5.94376520904578,0.0845641179375053,70.2870833872866,0,0
"FGLBJAKE_01868",15451.3267211034,5.91464213804506,0.0714100438876264,82.8264739250485,0,0
"FGLBJAKE_01887",8155.19197149829,2.53146580951878,0.0579446255042408,43.6876722817634,0,0
"FGLBJAKE_01941",53646.6459443194,5.08083429106778,0.0624375899800828,81.3746061096934,0,0
"FGLBJAKE_02066",5243.16712006636,-4.78121773257444,0.0720953368737533,-66.317988650873,0,0
"FGLBJAKE_02067",1800.49151353798,-4.1312201229206,0.0901429134529609,-45.8296716255614,0,0
"FGLBJAKE_02084",1589.2392989746,-3.38294888372626,0.083604056486917,-40.4639323243323,0,0
"FGLBJAKE_02112",2769.16213636394,-2.74763836522596,0.067979670586605,-40.418530150503,0,0
"FGLBJAKE_02123",1460.19763019774,3.5215769603955,0.0900923929512888,39.0885050894313,0,0
"FGLBJAKE_02130",3750.55967546154,3.51291570536564,0.0751650201249782,46.7360442334035,0,0
"FGLBJAKE_02131",2775.13978332926,3.20656570278244,0.0753641735679211,42.5476131559056,0,0
"FGLBJAKE_02167",1985.4442185465,4.20431495614562,0.0959703115588719,43.8084954383682,0,0
"FGLBJAKE_02168",1525.45718097072,4.33089392764747,0.103266717408072,41.9389134887807,0,0
"FGLBJAKE_02207",1450.16075426428,4.82290105894631,0.106703226596212,45.1992054298152,0,0
"FGLBJAKE_02208",1842.83561922621,4.9491792079708,0.104183459562105,47.5044621168539,0,0
"FGLBJAKE_02246",8239.48600645486,-2.62215594693109,0.0620583151127137,-42.2530960141052,0,0
"FGLBJAKE_02265",1886.58191636942,-4.88750099706318,0.105209651731877,-46.4548728810434,0,0
"FGLBJAKE_02266",2635.9096600775,-4.17650874021349,0.0786319795977795,-53.1146330230688,0,0
"FGLBJAKE_02267",3311.22081460577,-3.71915771429396,0.073462559519966,-50.6265741160727,0,0
"FGLBJAKE_02285",1472.13435150384,4.12921824788098,0.0965349738345471,42.7743239974159,0,0
"FGLBJAKE_02335",2591.80991989904,5.02530239929381,0.100006121960084,50.2499477111968,0,0
"FGLBJAKE_02396",2686.41892013094,-2.95023847286031,0.0755076881681483,-39.0720275568551,0,0
"FGLBJAKE_02398",37649.9231500104,-2.43767501029176,0.0603173148015861,-40.41418319616,0,0
"FGLBJAKE_02435",7983.44504651739,-2.20348884957026,0.0557308224622792,-39.5380644357378,0,0
"FGLBJAKE_02443",1658.26005330434,5.46045735564836,0.129578020280627,42.1403054609311,0,0
"FGLBJAKE_02459",1144.4811461629,4.30868176553219,0.10512421107369,40.9865788434969,0,0
"FGLBJAKE_02591",2528.52289113445,3.45907192149511,0.0751335091790286,46.0390038917631,0,0
"FGLBJAKE_02593",73934.736631789,7.30605013352675,0.0840593001348636,86.9154290102942,0,0
"FGLBJAKE_02594",3955.30508524258,6.46727304849947,0.106101665568384,60.9535487860107,0,0
"FGLBJAKE_02595",6846.21218278866,6.97525326579929,0.100520657172152,69.3912421787438,0,0
"FGLBJAKE_02596",6021.11118300811,6.37122226314951,0.092976708502568,68.5249280788805,0,0
"FGLBJAKE_02597",12179.1271896648,6.00742957764009,0.0726420401385543,82.6990757167858,0,0
"FGLBJAKE_02598",10530.0448119829,5.87035934634232,0.0775552768709933,75.6925844789023,0,0
"FGLBJAKE_02599",14662.1596884947,5.78854427918295,0.0717086171285014,80.7231335783525,0,0
"FGLBJAKE_02608",9934.27831396073,5.65380213716722,0.0869456900891879,65.0268245771311,0,0
"FGLBJAKE_02611",93568.0666136256,3.88405434061403,0.0667447970500486,58.1926159383115,0,0
"FGLBJAKE_02655",6333.60255412919,2.4729195748364,0.063393754511089,39.0088833499179,0,0
"FGLBJAKE_02664",6904.2626991661,2.67029418903158,0.0619544174665007,43.1009490239407,0,0
"FGLBJAKE_02828",25343.9880534293,2.46005183479282,0.0583649763941427,42.1494530928946,0,0
"FGLBJAKE_02881",1564.99737278342,-3.27355967830151,0.0816151558106352,-40.1097032259164,0,0
"FGLBJAKE_03090",4322.06249921176,3.16533847468608,0.0694626320754907,45.5689394442474,0,0
"FGLBJAKE_01787",6353.41310457233,-2.59597976956382,0.0679185954000257,-38.2219295654462,1.217476564482e-319,2.24296415964655e-318
"FGLBJAKE_00990",942.062274013414,4.35659252987779,0.114232279523956,38.1380162247762,3.00485785144188e-318,5.50061218098004e-317
"FGLBJAKE_01861",9744.4249259546,-2.28598768060169,0.0600367804315571,-38.0764535368074,3.14320018480259e-317,5.71744133818001e-316
"FGLBJAKE_02352",4316.23120226143,-2.3256530944695,0.0612202199672951,-37.9883165351563,8.9982583209424e-316,1.62647763609709e-314
"FGLBJAKE_00919",3833.1825208569,-2.50294855197456,0.0659354463987196,-37.9605915889144,2.58058142864131e-315,4.63536939124636e-314
"FGLBJAKE_01807",26276.148975733,-2.7743614890805,0.073227233244266,-37.887017796043,4.21043153756836e-314,7.51601257077039e-313
"FGLBJAKE_01964",12539.745181471,-2.27200639880607,0.0600800930535202,-37.8162929405275,6.13431725700632e-313,1.08827332077999e-311
"FGLBJAKE_00415",11898.0664630108,-2.01765170783236,0.0534387779998516,-37.7563219697494,5.92381179560066e-312,1.04448068101574e-310
"FGLBJAKE_02166",5715.11415353741,3.16365832273883,0.0842108812336674,37.5682842453619,7.08616537376515e-309,1.24180727342689e-307
"FGLBJAKE_00984",2652.23014499814,3.47565007789244,0.0925451741974183,37.5562541000587,1.11377887680674e-308,1.928313549363e-307
"FGLBJAKE_02336",917.231072098165,4.73364158273039,0.12604113592434,37.55632276729,1.1109082398708e-308,1.928313549363e-307
"FGLBJAKE_00716",3641.5101253616,9.33793524573371,0.248726692064039,37.5429559579778,1.83574842218376e-308,3.1592460870396e-307
"FGLBJAKE_01963",7080.14908505987,-2.10086028135094,0.0561150778619631,-37.4384276275767,9.26728768630415e-307,1.58536814347846e-305
"FGLBJAKE_02125",1031.96680903365,3.65503904405278,0.0977570729679698,37.388998392478,5.89766282881785e-306,1.00295165503092e-304
"FGLBJAKE_02032",2416.82260631993,-2.69667707314223,0.0722528521829843,-37.3227767716733,7.01119854076512e-305,1.18530497683288e-303
"FGLBJAKE_00334",1003.55174174678,4.89962550825236,0.131444207572178,37.2753246320261,4.12107362253766e-304,6.92629566735277e-303
"FGLBJAKE_00772",1074.06027219895,3.46597281672793,0.0932896343991343,37.152818092297,3.94795550203503e-302,6.59675820514458e-301
"FGLBJAKE_01171",34006.2608805119,-2.17143092013534,0.0585044648735516,-37.1156445038606,1.57149123841815e-301,2.6106738839386e-300
"FGLBJAKE_00918",2336.58454728328,-2.71211341016742,0.0732390890525893,-37.0309549893499,3.63802421050035e-300,6.00901240286093e-299
"FGLBJAKE_01252",3333.67720556224,2.33239819829904,0.0629933217912169,37.0261185150621,4.35210103842899e-300,7.14739336253996e-299
"FGLBJAKE_00589",6884.76985838978,2.38742246312195,0.0644909374636119,37.0195031583936,5.56087932579111e-300,9.0806631717748e-299
"FGLBJAKE_01274",4070.58329491162,3.35248883800564,0.0908652595426248,36.8951660390404,5.52406510726761e-298,8.96958368264808e-297
"FGLBJAKE_01746",6507.14906907877,-2.04634308548333,0.0557015047399821,-36.7376625646971,1.83005075764432e-295,2.95481229071336e-294
"FGLBJAKE_01802",19778.7982132615,-2.72249740589018,0.0741642356699775,-36.7090334215132,5.2408312886011e-295,8.41460844884892e-294
"FGLBJAKE_01784",35189.5110911357,-2.02410476747337,0.0552272010513367,-36.6505042613305,4.49211850690735e-294,7.17241588269541e-293
"FGLBJAKE_01791",32401.0057443096,-2.21383261723478,0.0604741694113413,-36.6079044786285,2.14105081900939e-293,3.39965748830552e-292
"FGLBJAKE_01156",2436.71797467127,2.57471902752023,0.0705871007835293,36.4757724703295,2.68608188230903e-291,4.2416479833825e-290
"FGLBJAKE_01918",17502.1469980096,-1.91291392672191,0.0524945741655781,-36.4402218158434,9.82728689153965e-291,1.54336735116311e-289
"FGLBJAKE_02353",119531.64570034,-2.24026529330088,0.0615461616245439,-36.3997564456966,4.29493124871465e-290,6.70849587435103e-289
"FGLBJAKE_00311",2226.35018094342,-2.66971294888753,0.0736244881428014,-36.2612089568539,6.61652487939319e-288,1.02788608126357e-286
"FGLBJAKE_00939",4182.42021248826,-2.35627913025999,0.0649876302290423,-36.2573480823278,7.61156752148634e-288,1.17610994928773e-286
"FGLBJAKE_02275",3046.99214218818,2.52281166408591,0.0695832549516734,36.2560168511525,7.9882508600528e-288,1.22771299314394e-286
"FGLBJAKE_00557",2581.6333027642,3.07765602030184,0.0851773965351813,36.1323091042194,7.05483138526475e-286,1.07848858517292e-284
"FGLBJAKE_00340",871.817362427031,4.42559808501398,0.123080980734684,35.9567990001143,3.96300524239532e-283,6.02628416224559e-282
"FGLBJAKE_00253",16099.9966040267,2.19164154340852,0.0611067663908237,35.865775148227,1.0440912593377e-281,1.57932541017714e-280
"FGLBJAKE_01053",6999.30163758402,2.53054392820408,0.0708262370746734,35.7289054554187,1.40686693974945e-279,2.11692962557064e-278
"FGLBJAKE_01825",775.026322625675,4.98545627776307,0.139723666570445,35.6808291689764,7.8402209698741e-279,1.17358307642803e-277
"FGLBJAKE_02855",1966.45540417424,-2.68217212343154,0.0752020930378755,-35.6661897971466,1.3222428509758e-278,1.9689771780852e-277
"FGLBJAKE_01905",6335.32261617183,2.19600888390434,0.0616265992809264,35.6341078288902,4.15351460021957e-278,6.15319637166549e-277
"FGLBJAKE_02083",933.078372120281,-4.20934556044151,0.118342347288937,-35.5692248537563,4.1918049323343e-277,6.17807557719425e-276
"FGLBJAKE_02918",6731.46608658028,2.70920968988318,0.0764260613560915,35.4487676299341,3.03030501610592e-275,4.44341664096348e-274
"FGLBJAKE_00330",2845.98900627711,2.3433073943817,0.0662345766148903,35.3789140678964,3.6032293187588e-274,5.25669089447349e-273
"FGLBJAKE_02629",9825.41229895333,2.86726974675529,0.0813717279399361,35.2366825597183,5.48799837721473e-272,7.96591279601774e-271
"FGLBJAKE_03059",4339.67797982177,2.6022276009997,0.0741324641763257,35.1024025696791,6.19517749422846e-270,8.94720608965457e-269
"FGLBJAKE_01106",780.219847585468,5.04443151903977,0.144089320765442,35.0090589104201,1.63802225590315e-268,2.35383798173283e-267
"FGLBJAKE_00985",9967.24941896425,7.2600028519386,0.207480900761338,34.9911862985868,3.06345386031304e-268,4.3802817883282e-267
"FGLBJAKE_01094",3008.42844389063,-2.33529396367666,0.0670696964983283,-34.8189135421967,1.25847954735492e-265,1.79052981143468e-264
"FGLBJAKE_00779",2940.51475075511,2.61887149934962,0.0755872033800257,34.6470220122163,4.95292273341934e-263,7.01216745608236e-262
"FGLBJAKE_01142",4029.62885634592,-2.16891273520076,0.0627868062351017,-34.5440844224404,1.74885456724001e-261,2.46382746384695e-260
"FGLBJAKE_02399",13214.7641616622,-2.167566273291,0.0627647956075939,-34.5347459879046,2.41518291978503e-261,3.38596863973765e-260
"FGLBJAKE_00878",1661.30089430763,2.57670130811978,0.0747453452668908,34.4730671711962,2.03223193289095e-260,2.8352595024896e-259
"FGLBJAKE_01066",19921.0786619098,-1.84568388313562,0.0537362472054537,-34.3470930539472,1.55643625471544e-258,2.16096511886579e-257
"FGLBJAKE_00481",6739.48504861076,-2.64942724253023,0.0773367372286358,-34.2583271220448,3.27824768015212e-257,4.52965568882557e-256
"FGLBJAKE_00413",3133.21906096823,-2.11603326883196,0.0622832658635642,-33.9743467124425,5.33159095662909e-253,7.33157531547943e-252
"FGLBJAKE_00720",23448.9822722203,8.37700567397603,0.24731884480447,33.8712793220383,1.76446644531647e-251,2.41479836373311e-250
"FGLBJAKE_00714",1177.08507322838,2.98138271688461,0.088126460442841,33.8307325847762,6.96983750168407e-251,9.49351326058769e-250
"FGLBJAKE_02910",1590.53188696436,3.03377544730036,0.0897035530037497,33.8200143217688,1.00187413956295e-250,1.35820107410563e-249
"FGLBJAKE_00231",8253.00608771035,2.36591283829259,0.070032648607834,33.7829981490652,3.50492097449267e-250,4.72917506135771e-249
"FGLBJAKE_02337",940.844152287457,3.80177941303366,0.113122368928572,33.6076714892189,1.29601915609272e-247,1.74054161430396e-246
"FGLBJAKE_02132",2021.33090259264,2.77352460796091,0.0825716223693009,33.5893195310654,2.40233411490541e-247,3.211306161041e-246
"FGLBJAKE_01869",29330.3164854215,-2.28257651961608,0.0680604787203743,-33.5374737664426,1.37096882796862e-246,1.82415019054713e-245
"FGLBJAKE_00816",4117.31181046796,-2.29938402249464,0.0686872011741608,-33.4761641643311,1.07148852833496e-245,1.41910508314962e-244
"FGLBJAKE_02190",6130.65744932572,-2.42337880563297,0.0725162298446878,-33.4184335123774,7.40167365712132e-245,9.75798628007646e-244
"FGLBJAKE_00480",1339.26670359926,-2.77715834262243,0.0831636842486852,-33.3938830116985,1.68201513690923e-244,2.2073568509028e-243
"FGLBJAKE_02882",7412.55200122756,-2.02361891104612,0.0606409285895476,-33.3705132509286,3.67232641185241e-244,4.79739368530174e-243
"FGLBJAKE_00759",2969.86343086148,-2.23394230642863,0.0671604171879782,-33.2627818581881,1.33393307886694e-242,1.73471659215547e-241
"FGLBJAKE_01789",18159.0218339133,-2.16833195863777,0.0652393337818325,-33.2365742097998,3.190936474911e-242,4.13096911211451e-241
"FGLBJAKE_01693",6687.34322774724,-1.92849513259878,0.0581283895277085,-33.1764762152839,2.3518011329616e-241,3.0309759892967e-240
"FGLBJAKE_01302",1830.27954783372,-2.63553487844859,0.0795488855095638,-33.1310094612417,1.06327988270382e-240,1.36422606379052e-239
"FGLBJAKE_00505",13567.1884908649,-1.96638365185763,0.0593895626333534,-33.1099197345041,2.13933602055097e-240,2.73264521025044e-239
"FGLBJAKE_00149",2956.50639333748,-2.20095191550151,0.0667944799175457,-32.9511049149342,4.07903132199012e-238,5.18722832716797e-237
"FGLBJAKE_02147",847.213805804879,-5.41505386346209,0.164712135309892,-32.8758646305818,4.86455966685129e-237,6.15891827424256e-236
"FGLBJAKE_00414",4305.6067737097,-2.04738041616465,0.0623246488561188,-32.8502519266684,1.12961947659545e-236,1.4239150770769e-235
"FGLBJAKE_00292",1477.26420422424,-2.50683794092628,0.0764115865131771,-32.8070395514427,4.67298688439838e-236,5.86470057020128e-235
"FGLBJAKE_01795",21933.5930947983,-2.38127297062232,0.0726160108168786,-32.792671255756,7.48958753371332e-236,9.35872807473568e-235
"FGLBJAKE_02284",2039.538523099,2.4165378630215,0.0740254517040446,32.6446891899137,9.53182205341811e-234,1.18590721132137e-232
"FGLBJAKE_00826",2789.52439118144,2.52865882106164,0.0776931476910016,32.5467418454782,2.32827759971218e-232,2.88425423343655e-231
"FGLBJAKE_01811",10962.113015707,-2.47277732741157,0.076168878044076,-32.4644052913667,3.39216655157065e-231,4.1841573687614e-230
"FGLBJAKE_02361",1644.76303329408,2.73792601759014,0.0843900032695277,32.4437245113696,6.64111733258661e-231,8.15665436489483e-230
"FGLBJAKE_00879",2667.8337133649,2.35663474941786,0.0729533872869045,32.303294433059,6.28806934384595e-229,7.69017501881415e-228
"FGLBJAKE_01141",3930.3461116435,-2.13108506885517,0.066110895872962,-32.2350051487767,5.70771249622663e-228,6.95083292972684e-227
"FGLBJAKE_00327",782.010638215485,5.74192463339609,0.17899154282248,32.079306892677,8.57022287840623e-226,1.03927512879914e-224
"FGLBJAKE_01814",43981.8273634533,-2.36027166455619,0.0736719070805188,-32.0376077950115,3.26681528613643e-225,3.94488534972945e-224
"FGLBJAKE_02909",3509.28821897822,-2.06044675399507,0.0644126685998781,-31.9882221740301,1.59002202285138e-224,1.91201811450832e-223
"FGLBJAKE_01560",1599.02684508821,-2.57798589139981,0.0807506383803912,-31.9252694852481,1.19111750273255e-223,1.42636320952223e-222
"FGLBJAKE_01794",47962.3471379413,-2.34127684227182,0.0734621273601097,-31.8705287527944,6.83953039054282e-223,8.15635283917845e-222
"FGLBJAKE_01674",978.236050012054,3.50582516517436,0.110091743291397,31.8445785338773,1.56464262639688e-222,1.85817475548126e-221
"FGLBJAKE_02367",6216.13785250902,1.79752009244743,0.0564536490214469,31.8406360546251,1.77414715462735e-222,2.09831231374444e-221
"FGLBJAKE_02135",2718.66476650289,2.44606448706186,0.0770871347401668,31.7311636410754,5.77680745398293e-221,6.80432156669956e-220
"FGLBJAKE_01790",9540.9548295337,-1.96624707926032,0.0620191515607878,-31.7038693657896,1.37414478164967e-220,1.61195596018822e-219
"FGLBJAKE_00492",10514.5369155216,-1.84122782361543,0.0581980871442967,-31.6372567203159,1.13542335525478e-219,1.32650679796839e-218
"FGLBJAKE_00815",10621.4697230197,-1.89448998274701,0.0599075308561387,-31.6235697861829,1.75130428851843e-219,2.03775243935302e-218
"FGLBJAKE_01201",1160.47924086148,-2.67468074743826,0.0850468077717263,-31.4495137150516,4.2623700001798e-217,4.93953684698256e-216
"FGLBJAKE_01145",961.206960416108,3.37310275632471,0.10735371569129,31.4204565217334,1.06351045591051e-216,1.22752170694249e-215
"FGLBJAKE_01744",22746.5599051313,1.68906674588785,0.0537790193799698,31.407540809808,1.59634981996943e-216,1.83516375303685e-215
"FGLBJAKE_00664",629.56419499054,3.98959359774315,0.127079432818156,31.3944869698314,2.40617499070999e-216,2.75511829613566e-215
"FGLBJAKE_02133",1505.2912121498,2.63418010289669,0.0839418188921928,31.3810224469855,3.67328954185263e-216,4.18929926320812e-215
"FGLBJAKE_02496",631.85206406801,3.89798149602848,0.124574512984054,31.2903611072309,6.31119895508124e-215,7.16932244936896e-214
"FGLBJAKE_00667",1308.46219108931,-2.70264335395444,0.0864049398652329,-31.278806028565,9.06290849268414e-215,1.025464527873e-213
"FGLBJAKE_00791",8908.93150267923,-1.8307571648095,0.05856146039942,-31.2621500953489,1.52649697633234e-214,1.72045188626633e-213
"FGLBJAKE_00456",5043.03204466078,-1.84381050983995,0.059194025202264,-31.1485914928021,5.29975397151156e-213,5.94980191957977e-212
"FGLBJAKE_00412",1302.46625965393,-2.9092759051899,0.0938133939286081,-31.0113064175448,3.79510246986482e-211,4.24401731454921e-210
"FGLBJAKE_00733",5267.14789963644,-1.87573542991759,0.0605082265905436,-30.9996761698307,5.44494297000429e-211,6.06541321542339e-210
"FGLBJAKE_00914",2127.7248912704,2.20336787810383,0.0712912998838591,30.9065465448567,9.75476933894675e-210,1.08244042780436e-208
"FGLBJAKE_01272",4811.25739032274,2.95374693200619,0.0957306373016737,30.854771421798,4.83409665290239e-209,5.34353606940056e-208
"FGLBJAKE_00447",2273.27499620362,2.28733098134986,0.0742297547864719,30.8142063506685,1.69083965063397e-208,1.86186710954867e-207
"FGLBJAKE_01253",1513.69510082716,2.32102060256168,0.075444707833636,30.764525030434,7.81849263146759e-208,8.57646863467094e-207
"FGLBJAKE_03089",2439.9030748631,2.57753484334815,0.0838949806296345,30.7233498834337,2.77632831125847e-207,3.03390401770222e-206
"FGLBJAKE_01162",9150.73779428354,-1.69500418708553,0.0553667357236084,-30.6141253395725,7.93971187625179e-206,8.6434590652832e-205
"FGLBJAKE_01435",560.828298080727,4.14672305697605,0.135598097690544,30.5809825329519,2.19122684546773e-205,2.37644752976387e-204
"FGLBJAKE_02912",5716.90263880587,1.77747667640744,0.0582795573819621,30.4991450905834,2.67479079675516e-204,2.88998073303546e-203
"FGLBJAKE_02576",4668.85605528643,2.1615221389362,0.0709028214022124,30.4856999508451,4.0320948009249e-204,4.34016496548995e-203
"FGLBJAKE_02177",632.724756371593,3.95657638396893,0.12993501773449,30.4504240115919,1.18251765654985e-203,1.26811781527025e-202
"FGLBJAKE_01155",1104.22191740214,2.50711766263336,0.0824593794993613,30.4042751455919,4.82276243402648e-203,5.15264655590784e-202
"FGLBJAKE_00921",1847.36503222833,-2.76089164061429,0.0912111470326097,-30.2692349612402,2.91333784599761e-201,3.1010862849619e-200
"FGLBJAKE_02276",2176.96705380124,-2.2610623607983,0.0747225360254468,-30.2594435503138,3.91945596236428e-201,4.1566481313044e-200
"FGLBJAKE_01163",3514.91652381558,-2.00825268305239,0.0666563670488661,-30.1284449177995,2.0554138030087e-199,2.17178649626728e-198
"FGLBJAKE_01785",89808.122579624,-1.65437899331442,0.0549560789606217,-30.1036577682307,4.33963181906472e-199,4.56853547545495e-198
"FGLBJAKE_00756",6035.68487297188,-2.41579525930001,0.0805153819223628,-30.0041458119077,8.66447044535542e-198,9.08820732115017e-197
"FGLBJAKE_01810",10511.7843808672,-2.59383296032032,0.0864944657733503,-29.9884268563168,1.38913170398148e-197,1.45176891536101e-196
"FGLBJAKE_02124",598.418737704846,3.54557598620557,0.118557780561712,29.9058903549565,1.64967358856212e-196,1.7178122802636e-195
"FGLBJAKE_01969",627.754752646032,3.83160032158407,0.128205864771348,29.8863108050294,2.96412861735883e-196,3.07541720082645e-195
"FGLBJAKE_00647",4343.2962703707,-1.72763941722074,0.0578302467267372,-29.8743220893433,4.24274323282844e-196,4.38620289609674e-195
"FGLBJAKE_02120",2432.42418701123,-2.07784820237909,0.0695598930019786,-29.8713542057919,4.63653946498966e-196,4.77613420156999e-195
"FGLBJAKE_02851",11528.2861492161,1.77553297809408,0.0595631345087823,29.8092602536269,2.96347340440077e-195,3.04179377294565e-194
"FGLBJAKE_00104",48682.4074562053,-1.7955190283848,0.0603195075719879,-29.7668051457806,1.05111669888863e-194,1.0750567233473e-193
"FGLBJAKE_00362",534.808406501153,4.36040006442331,0.146631392857306,29.7371523208991,2.54232181821986e-194,2.59100457644109e-193
"FGLBJAKE_00300",1134.22551820656,2.69924369487132,0.090820110877747,29.7207707498262,4.13974690643888e-194,4.20411046258139e-193
"FGLBJAKE_00723",38876.1087207473,8.27120514316102,0.278828357567934,29.6641461266931,2.22838378860952e-193,2.25506162269851e-192
"FGLBJAKE_00618",2257.03259783952,-2.23984643281559,0.0756069406331709,-29.6248785370494,7.14681446507424e-193,7.20699816583276e-192
"FGLBJAKE_02464",635.96961470608,3.1608411911634,0.106879345715375,29.5739197317026,3.23538963000211e-192,3.2512272016175e-191
"FGLBJAKE_01257",1103.77173525891,2.88074863477458,0.0974273836590095,29.5681617075651,3.83670683842673e-192,3.84205416503081e-191
"FGLBJAKE_02609",1391.52472681491,2.34628249921266,0.0793752849837131,29.5593584286858,4.97870354201642e-192,4.96833124297055e-191
"FGLBJAKE_01878",1554.81360692812,-2.65788581454879,0.0901101321441652,-29.4959706672775,3.24274053211046e-191,3.22478764335137e-190
"FGLBJAKE_00694",505.988757561561,3.97205846423678,0.134775264426814,29.4717170923728,6.63479755341974e-191,6.5753131615615e-190
"FGLBJAKE_01962",37401.505316036,-1.51861201692971,0.0515527476209121,-29.4574409126876,1.01092736913949e-190,9.98421051170752e-190
"FGLBJAKE_00155",14253.7111228388,-1.55326957174112,0.052961989612986,-29.3280064267122,4.55902405689221e-189,4.48720381490007e-188
"FGLBJAKE_00597",5115.68814592014,-1.78562538773905,0.0608985628966856,-29.3213058371897,5.55017262042718e-189,5.44409423587294e-188
"FGLBJAKE_03037",3376.78187310313,2.13087456885273,0.0727826106727091,29.2772483586073,2.02100807263424e-188,1.97563850365673e-187
"FGLBJAKE_02860",2189.18363954458,1.93782700802807,0.0664679476340222,29.1543078582462,7.36701010745548e-187,7.17721594875493e-186
"FGLBJAKE_01786",231371.235097707,-1.50346030303706,0.0517244180404877,-29.0667417825796,9.45479732205648e-186,9.18009712959133e-185
"FGLBJAKE_00739",16317.3727563266,-1.53463838266382,0.0529099540423379,-29.0047196305598,5.73694422190052e-185,5.55150764099061e-184
"FGLBJAKE_01249",1307.41811503172,2.36560788136908,0.0815689022720538,29.0013450650488,6.32756453729528e-185,6.10249009402236e-184
"FGLBJAKE_00365",477.700675933632,4.74660656303188,0.163995908654438,28.943445004068,3.39338341923249e-184,3.26173376149638e-183
"FGLBJAKE_00630",3235.99385530918,-2.02954947118571,0.0701734998578207,-28.9218789899007,6.33781008996813e-184,6.07162206618947e-183
"FGLBJAKE_02642",3150.25481492795,2.46013087832812,0.0851338904324933,28.8971978824212,1.29475221150254e-183,1.23625177935491e-182
"FGLBJAKE_02444",2865.14647269349,5.54269074482723,0.191825175464199,28.8944906809778,1.40023442762155e-183,1.33254097516037e-182
"FGLBJAKE_00332",532.013873932786,4.93281394542016,0.170805735192961,28.8796739749255,2.14934420460723e-183,2.03868489902349e-182
"FGLBJAKE_00927",1109.47286181585,-2.77127694350489,0.0960224026283204,-28.8607332002703,3.71597575543806e-183,3.51306392142401e-182
"FGLBJAKE_00022",1997.80606617429,-2.17376960354216,0.0753409481280603,-28.8524322768982,4.72309617206444e-183,4.4505502945945e-182
"FGLBJAKE_00241",4621.0525705446,2.05926727736036,0.0721094501107243,28.5575229626401,2.26537102343692e-179,2.1276720004437e-178
"FGLBJAKE_02311",4437.3159003562,-1.68753471381879,0.0591012212333929,-28.5532968456718,2.55630969061046e-179,2.39310555401123e-178
"FGLBJAKE_02861",2159.05585062636,1.85307998816092,0.0649223655570557,28.5430139869499,3.42972696243854e-179,3.20033613313258e-178
"FGLBJAKE_02136",4295.29851115885,2.27400507539463,0.0797023000245003,28.5312352930293,4.80195177032599e-179,4.46628135531291e-178
"FGLBJAKE_02191",4329.35760346022,-2.45791538365839,0.0863173478873985,-28.4753348407409,2.36727684385158e-178,2.19469472555789e-177
"FGLBJAKE_02137",2264.4119456691,2.29162539606125,0.0805552771797317,28.4478618445849,5.17908584149165e-178,4.7860748258672e-177
"FGLBJAKE_01923",2147.85905038063,2.13629866946677,0.0751470207136252,28.4282550283384,9.05118882295104e-178,8.33753739652606e-177
"FGLBJAKE_02786",1733.88214196044,2.13079158375755,0.0749832953962677,28.4168836871847,1.25096199002917e-177,1.14864688796927e-176
"FGLBJAKE_00417",4355.53407237016,-1.71849823234855,0.0604824731306376,-28.4131607620727,1.39073244083317e-177,1.27291880094093e-176
"FGLBJAKE_00029",781.737951429973,2.87513713594724,0.10121304831134,28.4067833536944,1.66735153945103e-177,1.52125978551818e-176
"FGLBJAKE_00634",1698.90219066597,2.20377716119078,0.0778551389462566,28.306123282524,2.90535335458317e-176,2.64240048768102e-175
"FGLBJAKE_01237",1254.18409850163,2.26880518765201,0.0802432988824498,28.2740767048428,7.20147508303345e-176,6.52903450745683e-175
"FGLBJAKE_02821",3481.51906487807,2.46113687344716,0.0874564007434635,28.1413007227045,3.06214178181759e-174,2.76748285564269e-173
"FGLBJAKE_00808",1704.45337263576,-2.12223212791793,0.0756065311205331,-28.0694286123858,2.31421880681991e-173,2.08497330746095e-172
"FGLBJAKE_00823",9007.91417691395,1.77533805581421,0.0635205424083716,27.9490380356108,6.77217433956778e-172,6.08225907872431e-171
"FGLBJAKE_02221",1262.57815675964,-2.36627907155474,0.0846655105716319,-27.9485596387296,6.86344772751708e-172,6.14503076912277e-171
"FGLBJAKE_00973",706.681998126881,3.08862415001149,0.110538363192876,27.9416490419913,8.32758842218558e-172,7.43276059793831e-171
"FGLBJAKE_00648",1506.21100076273,-2.08099180068981,0.0745234607723438,-27.9239823154064,1.36492720106917e-171,1.21448940429498e-170
"FGLBJAKE_01770",5986.76578945974,-2.0025067930924,0.0717256810724151,-27.9189651900363,1.57045574070991e-171,1.39305240703712e-170
"FGLBJAKE_00930",470.421464763784,-4.09678879024225,0.146751887432823,-27.9164299819829,1.68578883943283e-171,1.49075603831691e-170
"FGLBJAKE_00033",906.06931792333,-2.55019788087031,0.0916119692742332,-27.8369507944589,1.54977386620728e-170,1.36627303419623e-169
"FGLBJAKE_00722",33153.8751398602,8.30105068205836,0.298601672498934,27.7997461051997,4.36848391452204e-170,3.83945650469001e-169
"FGLBJAKE_00150",3802.45237177109,-1.76037322777762,0.0633450797936764,-27.790212491821,5.6958891934516e-170,4.99084925060363e-169
"FGLBJAKE_01979",5424.52408190208,1.76081328388007,0.063368674264119,27.7868095605258,6.26155938683457e-170,5.46982421816491e-169
"FGLBJAKE_02356",16250.494335316,-2.11354076909672,0.0761654583365796,-27.7493343472951,1.77500756211958e-169,1.54587022228233e-168
"FGLBJAKE_01182",2919.66657038615,-1.87656898962362,0.06767579664077,-27.728805315505,3.13929764471057e-169,2.72578290963691e-168
"FGLBJAKE_00213",3124.63992178792,1.86756720263224,0.0677018759514282,27.5851618051485,1.67657896111387e-167,1.45135178742207e-166
"FGLBJAKE_02127",5874.28722484997,-1.89232647608564,0.0687950648972737,-27.5067183803272,1.4590834258963e-166,1.2592810108186e-165
"FGLBJAKE_01203",1208.4365675597,2.83643551961966,0.103142930269594,27.5000478676127,1.75332154052452e-166,1.50869643936152e-165
"FGLBJAKE_00913",2676.90846116049,1.86722461391095,0.0681577038770439,27.3956502008843,3.09012573350841e-165,2.65105115167259e-164
"FGLBJAKE_02303",1500.74942824225,-1.97819989271068,0.072456143460319,-27.302031245895,4.01248451176845e-164,3.4321072877448e-163
"FGLBJAKE_00770",938.769266616109,2.82982192953597,0.103694499548532,27.2899907117208,5.5762087775373e-164,4.75549674381074e-163
"FGLBJAKE_02973",2091.82521464781,-2.64607513690193,0.0970434100928761,-27.2669224460423,1.04711012370937e-163,8.90353401047557e-163
"FGLBJAKE_01437",507.499307396781,4.02584147085958,0.147892043514409,27.2214878852988,3.61656910663372e-163,3.06608248155319e-162
"FGLBJAKE_00430",6791.3429918072,-1.50671334011208,0.0553992669013667,-27.1973515966312,6.98067000417615e-163,5.90071929176537e-162
"FGLBJAKE_00038",10732.8562133365,-1.45098542911708,0.0533667150930762,-27.1889590091208,8.77295449680758e-163,7.39397983103372e-162
"FGLBJAKE_01738",8083.40421238413,-1.70189882200139,0.0627924197098275,-27.1035712569464,8.93685820097088e-162,7.51009662853518e-161
"FGLBJAKE_00719",25141.0080335514,8.76885948483617,0.323661520655958,27.0926845646171,1.20082479264907e-161,1.00617214404473e-160
"FGLBJAKE_02100",649.503389892362,-2.95996444517725,0.109312236789027,-27.0780704166724,1.78492511015573e-161,1.49124266470569e-160
"FGLBJAKE_01958",1420.59809131449,-2.22363260760912,0.082361447682293,-26.998464332326,1.54054794597485e-160,1.28334341934253e-159
"FGLBJAKE_00911",2998.67610293913,1.72566034770238,0.0639630864224966,26.9790037382474,2.6066713359962e-160,2.16519462995754e-159
"FGLBJAKE_02445",3793.55016189658,5.45464649822464,0.202467595676086,26.9408370263416,7.30425741823245e-160,6.04969331988474e-159
"FGLBJAKE_01703",2860.08458591571,-2.0826057948527,0.0774756249344594,-26.8807873007089,3.68431454266323e-159,3.0427356309236e-158
"FGLBJAKE_00587",5421.22490008801,-1.89852937434668,0.070755345060222,-26.8323103043422,1.35692930830253e-158,1.11742545331274e-157
"FGLBJAKE_00242",4752.85426366235,-1.85512446249958,0.0692372424961251,-26.793736948773,3.82258620517421e-158,3.13888935819162e-157
"FGLBJAKE_00629",861.526962460039,-2.38798763584622,0.0891912542698483,-26.7737869076419,6.52738991258926e-158,5.34464917629103e-157
"FGLBJAKE_00369",484.441255602513,5.93190904916887,0.221689999512052,26.7576754126268,1.00527213253393e-157,8.20781849120032e-157
"FGLBJAKE_02383",1594.46841032982,-2.03253683220207,0.0760721043974335,-26.7185566680687,2.86531640912773e-157,2.33283834556178e-156
"FGLBJAKE_00943",582.997673743372,3.94436705030191,0.147806476841894,26.6860230659656,6.83882166853589e-157,5.55219589699778e-156
"FGLBJAKE_02101",1597.69846506475,-2.29736483957596,0.0864462623468639,-26.5756410654035,1.29841342079332e-155,1.05116624545352e-154
"FGLBJAKE_02403",23741.4091154033,1.59640058468818,0.0603825767801509,26.4380996938996,5.00042809239285e-154,4.03686245436434e-153
"FGLBJAKE_01796",7407.36176525277,-2.56778861559998,0.0971477435300633,-26.431788555185,5.90970662860882e-154,4.7575621430313e-153
"FGLBJAKE_02215",729.89468689491,-2.67128933838102,0.101068051823219,-26.4306008693374,6.09843971189499e-154,4.89578651731458e-153
"FGLBJAKE_00056",3937.60615030974,-1.60614808597907,0.0608486074241422,-26.3958068059551,1.53079023834297e-153,1.2254849986066e-152
"FGLBJAKE_02400",39891.028357215,-1.75742582795904,0.0669131796719256,-26.2642701568761,4.91133316590699e-152,3.92088097744908e-151
"FGLBJAKE_00771",409.454749927393,3.60698299855589,0.137433890827739,26.2452221706865,8.10409009599482e-152,6.45184347254546e-151
"FGLBJAKE_02580",1329.66683544097,2.14215997792504,0.0818618790575485,26.1679795600479,6.15330285614991e-151,4.88524652170576e-150
"FGLBJAKE_02463",685.930003094936,2.61041710558764,0.0997636865359838,26.1660048483282,6.48010361709313e-151,5.13052831832663e-150
"FGLBJAKE_00037",1227.93736939413,2.18578845005353,0.0837917619985322,26.085958785445,5.26187975037499e-150,4.15457208862025e-149
"FGLBJAKE_00214",2355.37799901217,1.90765698533857,0.0732209313599885,26.0534378613628,1.2299305858196e-149,9.68443973601517e-149
"FGLBJAKE_00766",5167.16862651001,1.6276200922686,0.0625188360911351,26.0340753928301,2.03800305662027e-149,1.60033354773953e-148
"FGLBJAKE_01140",24484.393961475,-1.39325369126893,0.0535655220514692,-26.0102700003596,3.78994155573659e-149,2.96792698397465e-148
"FGLBJAKE_00280",3332.80108913508,-1.60981762473347,0.0620950762467048,-25.9250446579312,3.47689729348522e-148,2.71538120148819e-147
"FGLBJAKE_00709",5582.28436796299,1.49436707547341,0.0578099216455488,25.8496644336565,2.45432811470525e-147,1.91158238527449e-146
"FGLBJAKE_00792",2823.28295961031,-1.72325565674691,0.0667860516460868,-25.8026281577297,8.28490042672873e-147,6.43535238551848e-146
"FGLBJAKE_00620",7778.82624638925,-1.56903902731792,0.0611935157661651,-25.6406092650991,5.38131455998675e-145,4.16870567261508e-144
"FGLBJAKE_01033",1305.8483266356,2.03707690253791,0.0797421903365809,25.5457856617643,6.11583069813467e-144,4.72497242646211e-143
"FGLBJAKE_01419",2098.26945433651,1.83438154491516,0.0720155004755674,25.4720377252327,4.02452689590466e-143,3.10093573695174e-142
"FGLBJAKE_02289",1717.52315595701,1.83903393175211,0.0722950643592987,25.4378905123082,9.61150490996491e-143,7.38595323829924e-142
"FGLBJAKE_02302",984.227522022664,-2.17182900592728,0.0854623003804549,-25.4127141003564,1.82481894117186e-142,1.39854123651411e-141
"FGLBJAKE_03039",1099.47142878417,1.99034334989745,0.0783966275938031,25.3881246041607,3.41108145544647e-142,2.60730002738116e-141
"FGLBJAKE_01980",5600.91306883847,-1.4594403637975,0.0575434987342487,-25.3623849070699,6.56132123277373e-142,5.00191968779621e-141
"FGLBJAKE_01250",1130.12956805287,2.08436911966503,0.0823560578443508,25.3092386185409,2.527428667747e-141,1.92164814579494e-140
"FGLBJAKE_01725",5932.41998662257,-1.39571320889188,0.0552395321788219,-25.2665646112583,7.44856083131344e-141,5.64832818712265e-140
"FGLBJAKE_00367",382.114317184293,3.68109171298196,0.146071357213777,25.2006401747513,3.94145989716674e-140,2.98098835380453e-139
"FGLBJAKE_02138",3665.37918805457,1.93038381707635,0.0766453938153244,25.1859077367072,5.71613274357828e-140,4.31185446326613e-139
"FGLBJAKE_00649",2177.15179150706,-2.1447924586674,0.0853910988215267,-25.1172837481593,3.22015683891315e-139,2.42270438613518e-138
"FGLBJAKE_01189",3497.4096545246,2.406324126589,0.0961068026961335,25.0380208172902,2.35778807231278e-138,1.7692644699287e-137
"FGLBJAKE_01788",33098.719125961,-2.13198996192165,0.0851941432148497,-25.0250766246339,3.26171323236565e-138,2.44118849734867e-137
"FGLBJAKE_01022",854.83393998674,-2.45560927347646,0.09824648454439,-24.9943729270736,7.03830511407815e-138,5.25404906437938e-137
"FGLBJAKE_00910",886.17640304027,2.11260641126711,0.0847502501186839,24.9274357103209,3.75192448370885e-137,2.7935313383884e-136
"FGLBJAKE_01202",1010.59487793667,-2.89852121909463,0.116380345338096,-24.9055904643876,6.47177358918564e-137,4.80616984375182e-136
"FGLBJAKE_01251",967.750685137201,2.20244330313819,0.0885287430389208,24.8782850352897,1.27844384299266e-136,9.46971032154869e-136
"FGLBJAKE_01301",1292.54234882541,-1.89908679995406,0.0765180981505729,-24.8187924929475,5.62000666655125e-136,4.15215916700985e-135
"FGLBJAKE_02366",4229.91115322293,1.57561741277204,0.0635476642141699,24.7942616342571,1.03381812526215e-135,7.61844433847028e-135
"FGLBJAKE_00663",364.101799334106,3.93325279238247,0.158668796743248,24.789075565671,1.17590571357452e-135,8.64335810949661e-135
"FGLBJAKE_00034",683.542560267948,-2.50384097177196,0.10115097246675,-24.7535037055132,2.84234919235724e-135,2.08390601500885e-134
"FGLBJAKE_01378",5197.6784610956,1.58052608984695,0.0640303630349306,24.6840095063138,1.58829047123306e-134,1.16151318430631e-133
"FGLBJAKE_00240",2339.76247281477,1.63341711428376,0.0662151213984793,24.6683397958895,2.33955260964093e-134,1.70656705586498e-133
"FGLBJAKE_00883",3989.92394200132,-1.70688871087247,0.0692528059096228,-24.6472137619956,3.94218335515356e-134,2.86831264878768e-133
"FGLBJAKE_00166",506.464042940373,3.98204302320551,0.161631541244902,24.636546756502,5.12956705026016e-134,3.72282214708276e-133
"FGLBJAKE_00357",385.42393938497,3.3477094804376,0.135981713371815,24.6188211446045,7.94290769749682e-134,5.7501049679108e-133
"FGLBJAKE_03041",533.203541212603,2.62778870866989,0.106864217927681,24.5899774464096,1.61695483478076e-133,1.16762014953767e-132
"FGLBJAKE_01264",8906.22167725192,1.39541393259394,0.0569279368574149,24.5119357845161,1.10199846207919e-132,7.93770320805912e-132
"FGLBJAKE_01904",1884.33336667918,1.70424312001814,0.0695390511516793,24.5077131740097,1.22237106807508e-132,8.78273612411946e-132
"FGLBJAKE_01373",8324.661728679,1.57333449452251,0.0642741799161486,24.4784841529688,2.50400432151994e-132,1.7946405037527e-131
"FGLBJAKE_00964",2364.61218486815,-1.67521947269253,0.0685605846702531,-24.4341479984398,7.41864961275872e-132,5.30378084255437e-131
"FGLBJAKE_01193",4263.77173963076,-1.96103610536658,0.0803913405839957,-24.3936236306151,1.99855338312454e-131,1.42527107272951e-130
"FGLBJAKE_00338",330.872855745202,4.83082801675045,0.198258916104811,24.366258585801,3.89892349079379e-131,2.77364012686667e-130
"FGLBJAKE_02286",1406.07723646169,1.96672297356276,0.0808059500134173,24.3388385785477,7.61081103275156e-131,5.40085701435259e-130
"FGLBJAKE_01157",617.95261336623,2.38149449483576,0.097915686383044,24.3218894010445,1.15034120503381e-130,8.14305572233295e-130
"FGLBJAKE_01729",4194.43502827417,-1.51604863566766,0.0623505255703129,-24.3149295342829,1.36287539080082e-130,9.6238424402004e-130
"FGLBJAKE_02714",12765.3851317898,1.57948801621268,0.0650558127612984,24.278968306923,3.27009792105101e-130,2.30349544732858e-129
"FGLBJAKE_02128",4523.15845989173,-1.79759729745562,0.0740717983370799,-24.2683090975496,4.23759281546219e-130,2.97771191971597e-129
"FGLBJAKE_00734",3380.38733621317,-1.57721901560039,0.0650354610930976,-24.251677301751,6.34816556277741e-130,4.44990922620055e-129
"FGLBJAKE_00432",3122.80213369201,-1.67663547179084,0.069587499004937,-24.0939176686302,2.89501867787425e-128,2.02439992219236e-127
"FGLBJAKE_01183",1174.09744796323,-2.15805544421733,0.0895780127204901,-24.0913520927407,3.07993708590083e-128,2.14848038467937e-127
"FGLBJAKE_00411",4431.32910484914,-1.49339336845622,0.0621578625770433,-24.0258159875621,1.49442969996961e-127,1.03994938443406e-126
"FGLBJAKE_02573",1664.15699350353,-1.85852934672566,0.0776309311281025,-23.9405778047259,1.15833719325769e-126,8.041210370586e-126
"FGLBJAKE_00617",5007.45911553345,-1.48343405378812,0.0620418690801549,-23.9102089569803,2.39848447582834e-126,1.66102274301943e-125
"FGLBJAKE_02659",488.171600601578,2.82578473667172,0.11829846431046,23.8869097172368,4.18969052572704e-126,2.89451215647584e-125
"FGLBJAKE_00312",6704.68217765406,-1.86640202474299,0.078255576645729,-23.8500833390108,1.01062563129478e-125,6.96531909913959e-125
"FGLBJAKE_00983",309.342212684737,4.06178647568774,0.170483132888043,23.8251515377485,1.83294977662086e-125,1.26026259760966e-124
"FGLBJAKE_00502",40839.9142628269,-1.41233978529568,0.0593625932843205,-23.7917467407665,4.06592445991309e-125,2.78889424768263e-124
"FGLBJAKE_00585",3498.97348774482,-1.40817031407383,0.0592135387109123,-23.7812220774152,5.22485366572926e-125,3.57529272269188e-124
"FGLBJAKE_02578",1009.89424495062,2.17938582132007,0.0918657094924555,23.7236051771749,2.05813318237072e-124,1.40500588269203e-123
"FGLBJAKE_02134",1622.59787136428,2.2827405314392,0.0962947586929686,23.7057609616907,3.14470179377555e-124,2.14167605576089e-123
"FGLBJAKE_02277",3377.83891377514,-1.65428283133423,0.069913332765654,-23.6619077634204,8.90111024963686e-124,6.04770469443412e-123
"FGLBJAKE_00896",2046.71220802544,-1.76542768156944,0.0748431619635076,-23.5883631216734,5.07433242651306e-123,3.43953570608456e-122
"FGLBJAKE_00018",1613.00279509079,1.66459075020116,0.070684001180927,23.5497527359886,1.26270044060519e-122,8.53882603835135e-122
"FGLBJAKE_03060",5886.98789445122,1.94635800535927,0.0826796152043984,23.5409659387932,1.5535036251975e-122,1.04806793868958e-121
"FGLBJAKE_02775",3629.54750560191,1.67930647469957,0.071511570428299,23.4830037243179,6.08469056435233e-122,4.09540999577251e-121
"FGLBJAKE_01938",1127.53982916242,-2.05831639453851,0.0876582858108843,-23.4811390103973,6.35754529516725e-122,4.26906195754922e-121
"FGLBJAKE_02787",4627.81302264509,-1.65896498232897,0.0706563824760452,-23.4793365325689,6.63289553219795e-122,4.44357616772422e-121
"FGLBJAKE_01343",376.662421360189,-3.39532671104462,0.144615080041366,-23.4783724496325,6.78502459239389e-122,4.53492108803256e-121
"FGLBJAKE_02365",4899.85733125335,1.42963066406615,0.0609116501645505,23.4705620386913,8.15307108282218e-122,5.43664183109766e-121
"FGLBJAKE_00679",965.818847590545,2.00844282882584,0.0857658343848134,23.4177495413194,2.81848236084079e-121,1.87507368172603e-120
"FGLBJAKE_00805",2038.70159951223,-2.05850758395895,0.0879225068490564,-23.412748996033,3.1692671299206e-121,2.1035736100212e-120
"FGLBJAKE_01065",408.804260320851,-3.07144910170513,0.131218984660877,-23.4070482228086,3.62262004759137e-121,2.39894240017917e-120
"FGLBJAKE_00232",553.050297637467,2.5040069401624,0.107569582286523,23.2780204862442,7.40351067367314e-120,4.89142291405439e-119
"FGLBJAKE_00820",52011.4315840023,1.47553993247823,0.0635070071054511,23.2342854707064,2.05104846753921e-119,1.35199846231828e-118
"FGLBJAKE_00601",5443.53819992614,-1.35029551461227,0.0582420263094953,-23.1842125038175,6.57093796616933e-119,4.32148185692692e-118
"FGLBJAKE_03003",5206.49802983599,1.32134745177194,0.0570229156958932,23.1722183204164,8.68134023487596e-119,5.69638626370628e-118
"FGLBJAKE_01438",485.92253666585,2.72138277552106,0.118194938970061,23.0245287931523,2.64789190998489e-117,1.73349461259603e-116
"FGLBJAKE_02258",2297.73749401927,2.04614806349868,0.088899198880145,23.016496090784,3.18683536139563e-117,2.08158291560251e-116
"FGLBJAKE_00321",1896.9204094175,-1.72904910817175,0.0752268182462769,-22.984477457377,6.66492966258018e-117,4.34353919506926e-116
"FGLBJAKE_01240",910.050222192695,1.94700677843203,0.0847577088784027,22.9714418215963,8.99759117876348e-117,5.8504699203091e-116
"FGLBJAKE_00081",5225.01575195399,1.3708975888521,0.0597256040573669,22.953264525133,1.36691167209784e-116,8.86795518196205e-116
"FGLBJAKE_00715",18838.0733077077,8.98216321819644,0.391975919281143,22.9150893622984,3.28618778280534e-116,2.12714047022129e-115
"FGLBJAKE_00424",3065.71412740611,-1.4517557674829,0.0634877556481992,-22.8667048104115,9.968196489361e-116,6.43788690121877e-115
"FGLBJAKE_02163",1805.24771685273,1.62156358238818,0.071087390043245,22.8108470630547,3.57860697290455e-115,2.30603507626181e-114
"FGLBJAKE_02854",14049.0415729802,1.17571636864927,0.0515964798303467,22.7867554630687,6.20456858085908e-115,3.98924610769329e-114
"FGLBJAKE_02790",43321.0071141473,-1.43992810448026,0.0633197526000034,-22.7405832359519,1.77850065924841e-114,1.1409399318482e-113
"FGLBJAKE_00264",1161.34443042383,-1.75305753768976,0.0771050930619814,-22.7359499622231,1.97649738583503e-114,1.2651344068797e-113
"FGLBJAKE_00420",2696.98936456714,-1.54770920433929,0.0681448936679851,-22.712034916072,3.40695859560673e-114,2.1759108897275e-113
"FGLBJAKE_02712",4625.17608078091,1.52272454021917,0.0671263897047336,22.6844397101814,6.38143877981044e-114,4.06657539981712e-113
"FGLBJAKE_00421",3038.77077668019,-1.44144648688693,0.0635565397737563,-22.6797508488989,7.09899134076202e-114,4.5138276799447e-113
"FGLBJAKE_02070",1662.33277501246,-1.74454862736685,0.077248512505943,-22.5835886125656,6.28340591108764e-113,3.98642573696819e-112
"FGLBJAKE_00234",572.524841835038,-2.42180150945468,0.107372738923559,-22.5550873874869,1.19702436865643e-112,7.57763884475458e-112
"FGLBJAKE_01087",1242.8590634847,-1.69310783068051,0.0752802784112689,-22.4907222238311,5.11601516241549e-112,3.23152254434772e-111
"FGLBJAKE_00590",1941.69304111298,-1.75309299433052,0.0781649592691672,-22.4281188235972,2.09301017515971e-111,1.31914720250198e-110
"FGLBJAKE_00333",275.121692340729,4.98492015510816,0.222839266327052,22.3700258813095,7.70920160546378e-111,4.84819374488028e-110
"FGLBJAKE_01256",801.01119917066,1.90420148357439,0.0851372931399198,22.3662441375122,8.3911164781683e-111,5.2655171961257e-110
"FGLBJAKE_02038",742.687695474919,2.0914496552751,0.0936181157830075,22.3402237674037,1.50288613945494e-110,9.41022824573746e-110
"FGLBJAKE_01185",764.498178696668,-2.14891674590566,0.0961969230131788,-22.3387264227906,1.55411150973737e-110,9.70981843257655e-110
"FGLBJAKE_01925",3330.53952913381,-1.60435121740126,0.0719873031340626,-22.2865859332646,4.98595191188487e-110,3.10837869734428e-109
"FGLBJAKE_02865",573.644135647717,2.24181955061672,0.100730908883614,22.2555278758276,9.97128124583568e-110,6.20291391786401e-109
"FGLBJAKE_02964",4410.96377178057,1.38476966222119,0.0622255487380971,22.2540369720095,1.0308363443877e-109,6.39875519172838e-109
"FGLBJAKE_02972",11853.3989487439,-2.07266250717538,0.0932026093136358,-22.2382455001949,1.46576425463104e-109,9.07889324958965e-109
"FGLBJAKE_00661",357.90473308371,3.06123531518465,0.138171409976703,22.1553454198724,9.26471113130851e-109,5.72618920244746e-108
"FGLBJAKE_02711",2071.86754781356,-1.51813324214278,0.0687522442530544,-22.0812172553238,4.79010853264905e-108,2.95424290189558e-107
"FGLBJAKE_01908",3619.13862615028,-1.50148489518152,0.0680404772508106,-22.0675244479363,6.48460535439822e-108,3.99073999754614e-107
"FGLBJAKE_00317",3849.37077540543,-1.35476990024539,0.0614813394290771,-22.0354649528775,1.31686456460346e-107,8.08689905698794e-107
"FGLBJAKE_02106",318.825626028218,3.80824497174158,0.17296841001674,22.0169970422518,1.97954511053537e-107,1.21305173724492e-106
"FGLBJAKE_01564",526.264692038207,-2.37180848570748,0.108210866085266,-21.9183948110958,1.73466779129626e-106,1.06073090046499e-105
"FGLBJAKE_01959",1322.8628480386,-1.74611156332773,0.0797810783238099,-21.8862868240604,3.50964856286234e-106,2.14155625682938e-105
"FGLBJAKE_00693",271.930344900481,3.64516338945953,0.166754919158929,21.8594054546927,6.32627669398672e-106,3.85205915646564e-105
"FGLBJAKE_02202",1991.22270073174,-1.44779312951725,0.0662367052714172,-21.8578675310713,6.54302006637646e-106,3.975610924052e-105
"FGLBJAKE_02102",4343.4464464867,-1.43020087236327,0.0655038635240775,-21.8338399510979,1.10717536420329e-105,6.71312657535919e-105
"FGLBJAKE_02641",1162.95891788472,-1.775947194047,0.0815077249656376,-21.7886978785841,2.96975362629507e-105,1.79685724673095e-104
"FGLBJAKE_02572",946.199014264385,-1.8754693602158,0.0861788026597069,-21.762536753051,5.25589358322535e-105,3.17341137777094e-104
"FGLBJAKE_02037",1042.36537448731,1.74843526316145,0.0803623732766817,21.7568893484731,5.94466624053197e-105,3.58175487951549e-104
"FGLBJAKE_02160",834.619722437043,-1.86578736823236,0.0857746976985005,-21.7521882127832,6.58622680878844e-105,3.96000331557698e-104
"FGLBJAKE_01846",1330.21350547891,1.83903245639317,0.0848060709776365,21.6851510179988,2.83325968715623e-104,1.69995581229374e-103
"FGLBJAKE_01133",5564.25190231075,-1.23820790846736,0.0571662709449376,-21.6597634934067,4.91752033508363e-104,2.94436530063132e-103
"FGLBJAKE_01957",1017.6551406618,-1.76720830118726,0.0816675453345591,-21.6390525017951,7.70706721971288e-104,4.60501272130038e-103
"FGLBJAKE_01420",2051.27782021014,1.61587622411254,0.0747294647134958,21.6230134968533,1.09114895262138e-103,6.50614541459307e-103
"FGLBJAKE_00429",520.718252642797,-2.46382188246896,0.114256278784214,-21.5639955080471,3.91320985310335e-103,2.3284813908528e-102
"FGLBJAKE_00147",956.050331334921,-1.92359427828987,0.0893316813201947,-21.5331699780178,7.61430620445619e-103,4.52138760983618e-102
"FGLBJAKE_00433",2987.28108349261,-1.36191402957346,0.0632766449544909,-21.5231706825317,9.44757317261157e-103,5.59841758723415e-102
"FGLBJAKE_00361",244.503906177587,4.37545222298238,0.203342738964217,21.5176221451032,1.06485246463835e-102,6.29709050076256e-102
"FGLBJAKE_00666",5373.68227160504,1.49386060556359,0.0694276453802005,21.5167977738967,1.0839508660681e-102,6.39686815006101e-102
"FGLBJAKE_01780",44388.6133028746,-1.63998053663343,0.0762449329851818,-21.5093708188079,1.27218136848653e-102,7.49231404309488e-102
"FGLBJAKE_01723",2422.18284136506,-1.38321689203481,0.0643352866020654,-21.5001279249824,1.55259406646172e-102,9.12506205932717e-102
"FGLBJAKE_01867",1894.74345875211,1.50935969471925,0.0703365705449634,21.4591027544394,3.75479531445885e-102,2.20230239464382e-101
"FGLBJAKE_02713",8330.78465556657,1.52599296424143,0.071135192321807,21.4520115070193,4.37326349606805e-102,2.5598287754989e-101
"FGLBJAKE_00163",457.39956025028,-2.43573884973965,0.113677574877303,-21.4267312824772,7.52834870773257e-102,4.3976573548828e-101
"FGLBJAKE_00039",363.685481685501,-2.71895513867553,0.127380668909799,-21.345115879403,4.32889023552904e-101,2.52357617381551e-100
"FGLBJAKE_01726",2886.37816065856,-1.63010145676109,0.0763706997864225,-21.3445923805834,4.37763943674736e-101,2.54682909741132e-100
"FGLBJAKE_00380",241.26402963786,4.58264274436275,0.215914265141813,21.2243630190569,5.68918921187949e-100,3.30317773635185e-99
"FGLBJAKE_00718",55807.8307050316,8.89803579413645,0.419339967232939,21.2191455368567,6.35687335203083e-100,3.68339798664045e-99
"FGLBJAKE_00406",5221.22436412822,-1.33961039416338,0.0631520810338036,-21.2124505199808,7.32938017036318e-100,4.2383578691396e-99
"FGLBJAKE_00588",461.826436035335,2.54987345383706,0.120377704635281,21.1822734248226,1.39152188010472e-99,8.03059012735132e-99
"FGLBJAKE_02450",967.227350687198,2.54994607695367,0.120384999403061,21.181593135339,1.41176380382179e-99,8.13108050537843e-99
"FGLBJAKE_01718",23886.7076398851,1.19047183687524,0.0562956822266247,21.1467698727384,2.95495617089952e-99,1.69850880703304e-98
"FGLBJAKE_02467",319.901536389185,2.89123550674236,0.137305083382879,21.0570172313291,1.97207013773911e-98,1.13128334847549e-97
"FGLBJAKE_00949",506.93743552198,-2.31683730741195,0.110081089805192,-21.0466421754364,2.45466026490704e-98,1.4053174504667e-97
"FGLBJAKE_00915",3519.07659423093,1.26589385087005,0.0602212185610227,21.0207279281024,4.23882882893255e-98,2.42194712810182e-97
"FGLBJAKE_01049",4430.19621173157,1.34829006543525,0.0641863354431109,21.0058738534817,5.79574410969223e-98,3.30495408159831e-97
"FGLBJAKE_01179",2398.23044249395,-1.66298094694419,0.0792958169716966,-20.9718622047587,1.1853261567528e-97,6.74579678120306e-97
"FGLBJAKE_00895",2721.53614708152,-1.37878483585937,0.0658910176813104,-20.9252320631626,3.1552495840268e-97,1.79213187835831e-96
"FGLBJAKE_01824",309.000088463836,2.99018492084442,0.142926042929178,20.9212041386055,3.43334973769492e-97,1.94624204065783e-96
"FGLBJAKE_01178",614.803433345179,-2.25889411782379,0.108033561879368,-20.9091885755475,4.41680302914545e-97,2.49879761924488e-96
"FGLBJAKE_01050",6603.16950986836,1.14487952824495,0.0547999266225271,20.8919901687299,6.33248110249254e-97,3.57555023350954e-96
"FGLBJAKE_00230",1165.11006668854,1.94925586978727,0.0934033181411978,20.869235789253,1.01950499649039e-96,5.74521050963406e-96
"FGLBJAKE_00584",3494.09235834562,-1.23611377657594,0.059285782649994,-20.8500878511396,1.52142971546072e-96,8.55692564037984e-96
"FGLBJAKE_02570",1502.79444077907,-1.59792057208213,0.0766484605458591,-20.8473928987275,1.60956753690952e-96,9.03495527554288e-96
"FGLBJAKE_00422",2347.05946084591,-1.44530209567525,0.0695083880204167,-20.7932040554691,4.98674925399471e-96,2.7937460732906e-95
"FGLBJAKE_01856",2634.18938374776,1.33633344520767,0.0643467711779639,20.7676845433591,8.48511521037667e-96,4.74440099506275e-95
"FGLBJAKE_01204",11632.7742384382,-1.16079227892165,0.055938169455092,-20.7513454628427,1.19208422483871e-95,6.65252439259506e-95
"FGLBJAKE_01153",977.211328505796,-1.83133916220273,0.0884019127101345,-20.7160581265657,2.48192491935935e-95,1.38237446089899e-94
"FGLBJAKE_02164",2543.52413134468,1.44783533698195,0.0699797185829929,20.6893563778037,4.31940104467957e-95,2.4011525343151e-94
"FGLBJAKE_01428",767.679085868904,1.91975376105193,0.0928151226140065,20.6836311474335,4.86383475514951e-95,2.69858322129338e-94
"FGLBJAKE_01870",715.106536293101,-1.92894224045927,0.0933479622174455,-20.6639994557779,7.30555003576647e-95,4.04550111807184e-94
"FGLBJAKE_02610",434.130736094439,2.27157260477954,0.110527651510426,20.5520751932857,7.37425185750925e-94,4.07569227663107e-93
"FGLBJAKE_00116",26797.6150490619,-1.09570266552332,0.0533594461553888,-20.5343710339967,1.0618021640867e-93,5.85723497041299e-93
"FGLBJAKE_01836",4526.92462890962,1.55067055111372,0.0755485805941717,20.5254756465054,1.27509476251131e-93,7.02034932463125e-93
"FGLBJAKE_00299",285.948094217327,2.98975381115556,0.145784844994936,20.5079877216278,1.82697927401952e-93,1.00396528365815e-92
"FGLBJAKE_02759",4810.23464626989,1.14304899296044,0.0558936410758108,20.4504299766423,5.95480415580913e-93,3.26605098164035e-92
"FGLBJAKE_00074",1126.12510542851,-1.70957795769298,0.0837363700682678,-20.4161937793484,1.20062192880305e-92,6.57254747310468e-92
"FGLBJAKE_01044",1456.94660479001,-1.63169182979434,0.0799231218608472,-20.415766949585,1.21115524507606e-92,6.61760489419885e-92
"FGLBJAKE_00254",8415.80992905326,1.33258702135675,0.0653395626150607,20.3947955575937,1.8599036197616e-92,1.01430038011287e-91
"FGLBJAKE_02402",8635.72285336007,1.28477640614426,0.0631060951492635,20.3589907299035,3.86462472946164e-92,2.10358550615014e-91
"FGLBJAKE_01059",9547.92913440625,-1.12798301454652,0.0554686334016904,-20.3355111776045,6.23860974141831e-92,3.38936945119778e-91
"FGLBJAKE_00347",217.347226749868,3.90741594440118,0.192433653688356,20.3052629802954,1.15524077399036e-91,6.26445657443074e-91
"FGLBJAKE_00503",46687.0084444875,-1.36964887970661,0.0674703701912076,-20.3000054071897,1.28570741801626e-91,6.95880060146655e-91
"FGLBJAKE_02488",245.656107111815,3.35705906664906,0.165392064748849,20.2975824248087,1.35068449878427e-91,7.29674295019925e-91
"FGLBJAKE_00275",698.340713962127,-1.86362272481256,0.0918511318029152,-20.2896000107144,1.5888250928155e-91,8.56713567870873e-91
"FGLBJAKE_01341",611.516298749064,-2.00114637512333,0.0986660456120078,-20.2820166016645,1.85373481546276e-91,9.97684243378273e-91
"FGLBJAKE_00212",11875.3191688407,1.16411229018532,0.0574560298960554,20.2609246112432,2.84568428396846e-91,1.52869095927577e-90
"FGLBJAKE_02674",420.303474116486,2.46269439715783,0.121579115427528,20.2558999421724,3.15138554720092e-91,1.68975411616706e-90
"FGLBJAKE_02977",10875.5933305103,-1.82141748115575,0.0899596087458293,-20.2470587250103,3.77094037604887e-91,2.01819043589655e-90
"FGLBJAKE_02299",2822.05179416143,-1.27846444461391,0.0632935631542739,-20.1989646482335,9.99713128172872e-91,5.34047496351084e-90
"FGLBJAKE_00277",2902.61137116667,1.39397364425632,0.0690213007909031,20.1962818475314,1.05551781775147e-90,5.62812283528336e-90
"FGLBJAKE_01499",716.841105043495,1.80046213777713,0.0894476326011835,20.1286728940583,4.1393235285824e-90,2.20303996687886e-89
"FGLBJAKE_01748",2268.28507857739,1.41116622256147,0.0701285544667599,20.1225625323611,4.68239302490097e-90,2.48746720028935e-89
"FGLBJAKE_01724",1387.76839813455,-1.53117286654193,0.0764209341113636,-20.0360396578069,2.67201004649926e-89,1.41685551174149e-88
"FGLBJAKE_01977",5421.74544508762,1.21021099117627,0.0604511700629046,20.0196454413858,3.71354275171916e-89,1.96551047300937e-88
"FGLBJAKE_01052",1721.56110695363,1.37293027889487,0.0686266565420612,20.0057870814879,4.90384125304318e-89,2.59074260317024e-88
"FGLBJAKE_00397",6405.35861254898,1.12575102047609,0.0563048306395157,19.9938621196388,6.22833649042209e-89,3.28444753641708e-88
"FGLBJAKE_02542",2756.81486046011,-1.46506804173744,0.0734650835818772,-19.9423722169269,1.74585853309461e-88,9.18973887200352e-88
"FGLBJAKE_00696",3435.52159712873,1.28155501607145,0.0642744741447751,19.9387864797588,1.87559704931633e-88,9.85459948763276e-88
"FGLBJAKE_01880",2130.45765985853,1.29717407835213,0.0651972827442436,19.896137135664,4.39524977119068e-88,2.30509997124124e-87
"FGLBJAKE_02104",12656.4748967924,1.04290312482925,0.0524427019951345,19.8865253915788,5.32384372082858e-88,2.78701764183267e-87
"FGLBJAKE_00114",2107.87297795168,-1.49229572929905,0.0755201789020901,-19.7602250285155,6.55120644881361e-87,3.42330315161642e-86
"FGLBJAKE_00676",772.882869425695,1.83615792504374,0.0929559868946288,19.7529818829758,7.56183542337443e-87,3.94423139868932e-86
"FGLBJAKE_00769",3086.1319675467,1.5525162318432,0.0786470944858012,19.7402871904376,9.72238558197163e-87,5.06198118887436e-86
"FGLBJAKE_02209",411.705773508564,2.20960038066218,0.111976368945885,19.7327382684647,1.12886857067476e-86,5.86685040166233e-86
"FGLBJAKE_01950",959.242244159563,1.73068677394944,0.0877653323190561,19.7194806675809,1.46727277954728e-86,7.61180860725431e-86
"FGLBJAKE_01916",4892.96406467541,-1.17544551658428,0.0596092348410508,-19.7191847826705,1.47588086371353e-86,7.64266955371656e-86
"FGLBJAKE_01507",455.586398786705,2.57890027357975,0.130981805859718,19.6889961674659,2.67946867483892e-86,1.38503470710199e-85
"FGLBJAKE_02334",5919.93732786523,-1.13812542220933,0.058052673080276,-19.6050476544898,1.40021064435274e-85,7.22478526368e-85
"FGLBJAKE_02583",4624.5736566518,-1.21006076645487,0.0617291421227615,-19.6027471765022,1.46497439592019e-85,7.54540575963195e-85
"FGLBJAKE_01161",1753.82744587724,-1.5110669537827,0.0771126431655827,-19.5955798135205,1.68653461776977e-85,8.671020557192e-85
"FGLBJAKE_01168",2169.50226535223,-1.25973479852118,0.064317849420761,-19.5860839543953,2.03234418390442e-85,1.04302806866809e-84
"FGLBJAKE_02672",1750.11417719045,-1.354096976494,0.0694156531874752,-19.5070839834483,9.55811191144193e-85,4.89661562094191e-84
"FGLBJAKE_02391",1111.83786000692,-1.54726744994954,0.0794088898527239,-19.4848140153979,1.47715158873183e-84,7.55397449468911e-84
"FGLBJAKE_02835",2228.23609725191,1.24984142416757,0.064373842051416,19.4153616490579,5.72316759128584e-84,2.92156015228339e-83
"FGLBJAKE_00419",1730.97653251929,-1.37239423810073,0.0707284041870592,-19.4037212330011,7.17823943359628e-84,3.65784754116236e-83
"FGLBJAKE_00560",489.713240318717,2.21559197113776,0.11432515388522,19.3797418664502,1.14419413912091e-83,5.82020169174068e-83
"FGLBJAKE_01571",5136.42017874632,1.17351300733987,0.0607088370654822,19.3301842707692,2.99346920651914e-83,1.5200053886106e-82
"FGLBJAKE_01436",208.89903473078,5.17880618284465,0.26798109920211,19.3252665888157,3.29278490834256e-83,1.66904123925512e-82
"FGLBJAKE_00735",8905.86687452403,-1.17876470313503,0.0612161161976747,-19.2557904086671,1.26233514463458e-82,6.38723803816864e-82
"FGLBJAKE_01139",4379.64588664031,-1.62786426052618,0.0845490629450713,-19.2534867191106,1.31974562721022e-82,6.66599109420415e-82
"FGLBJAKE_02600",3542.11648295065,1.19122614723293,0.0618980448055287,19.2449721307922,1.55547078182116e-82,7.84284741570882e-82
"FGLBJAKE_01686",48075.6883548347,-1.08195804397081,0.0562330228888407,-19.2406167833016,1.69183280310931e-82,8.51545967799679e-82
"FGLBJAKE_00659",5561.35695728239,-1.0794336399371,0.0561103012027239,-19.2377088840988,1.78945002737528e-82,8.99104786481917e-82
"FGLBJAKE_01190",1173.26521233437,1.48441227648012,0.0772020284355057,19.227633088944,2.17322855010383e-82,1.09002772303637e-81
"FGLBJAKE_01885",9579.49038436767,1.50918593027508,0.078561118778182,19.2103416263239,3.03263893116718e-82,1.51843280281785e-81
"FGLBJAKE_02384",1925.00160809269,-1.48037732739865,0.077222217250795,-19.1703551141354,6.54604327821725e-82,3.27188319679937e-81
"FGLBJAKE_02489",192.51900782677,4.62362769930957,0.241302513813761,19.1611252872323,7.8164949999623e-82,3.90010531768952e-81
"FGLBJAKE_01897",1012.40266390696,-1.61165237101183,0.084120766912242,-19.1587931276609,8.17467853286703e-82,4.07175495727207e-81
"FGLBJAKE_00398",675.97301615566,1.74305838581329,0.0911428107210792,19.1244747887741,1.57956357340108e-81,7.85409292379708e-81
"FGLBJAKE_01170",4729.12635968598,-1.37402528063047,0.0718588069488401,-19.1211813690243,1.68253129790653e-81,8.35163203831325e-81
"FGLBJAKE_00057",1149.50324024519,-1.53849103647262,0.0807697995624727,-19.0478501222806,6.84564274106683e-81,3.39213400652174e-80
"FGLBJAKE_02668",1396.95975552852,1.40826882570245,0.0739824777650146,19.0351670861232,8.72139275235336e-81,4.31416226682677e-80
"FGLBJAKE_02850",1273.2574142957,1.36435080339269,0.0716960926397449,19.0296395962359,9.69169375607929e-81,4.78589825686802e-80
"FGLBJAKE_00379",202.820033017389,3.61246659462665,0.189954989358361,19.0174872838508,1.22201326779292e-80,6.02412715546629e-80
"FGLBJAKE_01136",21066.113686373,-1.03216476893456,0.0543097742064468,-19.0051382834149,1.54637957848546e-80,7.61009402151919e-80
"FGLBJAKE_01081",1537.28671504999,-1.46681718516024,0.0772333415613592,-18.9920202273639,1.9854142295112e-80,9.75398375318836e-80
"FGLBJAKE_02081",866.395025263634,1.64308268862877,0.0871720994148532,18.8487222363353,3.01025775406478e-79,1.47636190873416e-78
"FGLBJAKE_01115",13823.120019855,-1.15479204080904,0.0614625910739537,-18.7885349548566,9.37314116322826e-79,4.58916655930461e-78
"FGLBJAKE_00423",1330.71829964516,-1.43591943840847,0.0764960001374304,-18.7711702027392,1.29990364882459e-78,6.35361069170384e-78
"FGLBJAKE_01687",49675.5182764551,-1.03152353358893,0.0549930322665833,-18.7573496327414,1.68599403988077e-78,8.22673492464745e-78
"FGLBJAKE_02916",5156.10293518843,-1.09868524113902,0.0586554981097554,-18.7311552462341,2.75864367333938e-78,1.34378676562328e-77
"FGLBJAKE_01377",4157.3832021638,1.25093520192326,0.0668073250663408,18.7245216101836,3.12465857533843e-78,1.51950401785493e-77
"FGLBJAKE_02837",3295.98415878193,1.15676764558642,0.061802174300175,18.717264541017,3.58073935013914e-78,1.73835217775336e-77
"FGLBJAKE_01730",1096.68448380715,-1.79305413533605,0.0958453180091359,-18.7077905585867,4.27744084899839e-78,2.07308010118404e-77
"FGLBJAKE_02494",180.60406791208,4.26795748058459,0.228470089276884,18.6805961957333,7.12192506913388e-78,3.44586071526781e-77
"FGLBJAKE_02036",1518.98525669716,1.3824960213158,0.0741898393382447,18.6345735972383,1.68491688171864e-77,8.1385733076628e-77
"FGLBJAKE_02093",472.017173073753,-2.04075218619346,0.109638972045285,-18.6133830710356,2.50302368705959e-77,1.20699497929686e-76
"FGLBJAKE_00811",6821.01600632694,1.25430964075176,0.0674108819903792,18.6069311618081,2.82332490317836e-77,1.35916847097732e-76
"FGLBJAKE_00426",5146.09205747396,-1.17889519980209,0.0633695905940253,-18.603484553887,3.0108555833242e-77,1.44702323519628e-76
"FGLBJAKE_00853",2668.60400530209,1.20942303380831,0.0650668407913719,18.5873944254673,4.06448739864748e-77,1.95013969678011e-76
"FGLBJAKE_02836",1520.98165601909,1.48061250488324,0.0799164530819706,18.5270047378676,1.25057274675951e-76,5.99024345697807e-76
"FGLBJAKE_01702",4157.89441508236,-1.25787925609627,0.0679809373682532,-18.5034114678698,1.93808986844154e-76,9.26800379684026e-76
"FGLBJAKE_02129",7522.16503759495,-1.1668147806151,0.0630639305528439,-18.502094150909,1.98604983803748e-76,9.48157347926862e-76
"FGLBJAKE_02788",110465.256560617,-1.31462277570378,0.0711289486680843,-18.4822466846561,2.86978608233799e-76,1.36778859048746e-75
"FGLBJAKE_01150",251.833035107049,2.72876280342345,0.14766347645113,18.4796055802367,3.01376350550642e-76,1.43403250245455e-75
"FGLBJAKE_00409",5249.40105841423,-1.03466264043688,0.0560152014214557,-18.4711045248615,3.52791526602317e-76,1.67590553298357e-75
"FGLBJAKE_02317",4102.65397176904,-1.25649753283948,0.0680476237955946,-18.4649729520876,3.95221165478256e-76,1.87436572538698e-75
"FGLBJAKE_00243",12976.1195521448,-1.07761881859681,0.0586950454329629,-18.3596215088987,2.76527716944082e-75,1.30929268286209e-74
"FGLBJAKE_00020",1880.8031709955,-1.32200462716101,0.0720629362440902,-18.3451396246628,3.6099806289566e-75,1.70642834335876e-74
"FGLBJAKE_01160",2959.88870710285,-1.54399216498286,0.0842766545895599,-18.3205203446,5.67674788932135e-75,2.67897757535461e-74
"FGLBJAKE_00165",230.952587963663,5.98297656326455,0.32701770490749,18.2955738282032,8.97510916726664e-75,4.2286006142171e-74
"FGLBJAKE_03013",4326.22049603085,1.17133445001206,0.0642212879028786,18.2390370586069,2.5287399591069e-74,1.18751611805118e-73
"FGLBJAKE_01255",766.058294398171,2.2308168138039,0.123018022371684,18.1340649995475,1.71592680324174e-73,8.04498145598164e-73
"FGLBJAKE_02213",1181.4697573612,-1.5001637780516,0.0828099319646705,-18.1157470180222,2.39400962929773e-73,1.11876157310596e-72
"FGLBJAKE_00717",15691.251489638,9.14777082827622,0.505417119539776,18.0994479106802,3.21877876137908e-73,1.50174840263043e-72
"FGLBJAKE_01326",1097.75527215062,1.5940336713259,0.088076487065775,18.0982884811866,3.28724575669026e-73,1.53120653237079e-72
"FGLBJAKE_00673",641.393619524079,1.69951599637189,0.0941635062284208,18.0485632326522,8.09697349887254e-73,3.7654857339417e-72
"FGLBJAKE_02320",1378.41606098605,1.37963378584711,0.0765182742142719,18.0301215626448,1.13042873317596e-72,5.24854956243573e-72
"FGLBJAKE_02663",385.515632546163,2.11805519957186,0.117596328017543,18.0112358547106,1.5903782651014e-72,7.37217279661522e-72
"FGLBJAKE_01917",3517.02695930307,-1.18079808053663,0.0656463918867124,-17.9872502752986,2.4522810946391e-72,1.13492042930641e-71
"FGLBJAKE_02035",947.327681410611,1.46963973474327,0.0817295324236908,17.9817465139109,2.70825685941449e-72,1.25137141703493e-71
"FGLBJAKE_02393",1814.05079650068,-1.27239324129783,0.0707694514549867,-17.979413647245,2.82463866925551e-72,1.30305161082509e-71
"FGLBJAKE_01379",1713.87980996931,1.2272872871305,0.0683598167334885,17.9533437299177,4.51861099081074e-72,2.08116794672918e-71
"FGLBJAKE_01084",2009.22809839205,-1.15774230085148,0.0644974973657528,-17.950189513341,4.782689450102e-72,2.1992719167349e-71
"FGLBJAKE_01083",2461.34489222959,-1.34419467918696,0.0749490501124803,-17.9347793890603,6.31136866903621e-72,2.89758363495368e-71
"FGLBJAKE_02485",304.080281307425,2.33545540731785,0.130242280736669,17.931622466285,6.68015538160828e-72,3.06200423711997e-71
"FGLBJAKE_01751",410.334273340911,-2.00339167388108,0.111726041427102,-17.9312866390978,6.72062886733772e-72,3.07565085425615e-71
"FGLBJAKE_02272",675.368143781718,-1.71274620176964,0.0955830728564399,-17.9189280129347,8.39298858229264e-72,3.83488858275184e-71
"FGLBJAKE_00987",233.739740756289,6.28108938003866,0.350736094699409,17.9083062021938,1.01579944118368e-71,4.63398030787602e-71
"FGLBJAKE_00335",696.795001398671,5.2256377291562,0.292561614208451,17.861665629972,2.34534768583076e-71,1.06822967497268e-70
"FGLBJAKE_00920",215.915521288576,-3.11838361523743,0.174598817668966,-17.8602791065275,2.40434006380855e-71,1.09336603534585e-70
"FGLBJAKE_02781",13182.1213917357,-1.16475153706561,0.065225975895598,-17.8571730215265,2.54191831145862e-71,1.15410319543951e-70
"FGLBJAKE_01834",6165.21451143986,-1.32839534967922,0.074412851187029,-17.8516926644892,2.80407230085366e-71,1.27112047202736e-70
"FGLBJAKE_00710",9570.51551659124,1.15063424602397,0.0645248484490553,17.8324207445825,3.95902150384715e-71,1.79184689796169e-70
"FGLBJAKE_02381",4127.15777879501,1.08372301127815,0.0608198029379643,17.8185880079805,5.0700141344963e-71,2.29107242492804e-70
"FGLBJAKE_02590",2466.08452992799,-1.21069843590409,0.0680254321221225,-17.7977323794223,7.35888064996909e-71,3.32016059466423e-70
"FGLBJAKE_02465",203.601083188331,3.15462387087983,0.177809943076998,17.7415492985888,2.00334431555981e-70,9.02446953435561e-70
"FGLBJAKE_02257",2225.62845322995,1.22839422969603,0.0692768331092018,17.7316741335404,2.38815999421005e-70,1.07411139645691e-69
"FGLBJAKE_02222",1375.32106286543,-1.50643118204751,0.085171631376628,-17.687006315355,5.28074519618071e-70,2.36768513164171e-69
"FGLBJAKE_02883",809.147666427266,-1.4924456130193,0.0848235354196552,-17.5947112512534,2.70430549214276e-69,1.21061900068821e-68
"FGLBJAKE_02952",296.02979113611,2.3733752171477,0.134972621109895,17.5841233402091,3.25984103961215e-69,1.45704248022478e-68
"FGLBJAKE_02486",175.860806086673,3.44185958279951,0.195941245989096,17.5657736860112,4.50509999714444e-69,2.01050580617906e-68
"FGLBJAKE_02426",2907.26448417162,-1.15106323604186,0.0655588332606107,-17.5577138700155,5.1924753203925e-69,2.31367039857489e-68
"FGLBJAKE_01740",7878.43311353939,-1.55904040894712,0.0888029738349205,-17.5561734210082,5.33529020719153e-69,2.3736260147784e-68
"FGLBJAKE_02178",470.848976012689,1.84104199920447,0.104870847347683,17.5553268211974,5.41543868656346e-69,2.40555962676714e-68
"FGLBJAKE_02068",203.536806204076,-3.03991367843897,0.173337765886074,-17.5375150527609,7.40973969599509e-69,3.2863567725756e-68
"FGLBJAKE_01498",504.794505000147,1.80230881919309,0.102860899427541,17.5218069181157,9.76733772858728e-69,4.32532028227425e-68
"FGLBJAKE_02692",860.20471118162,1.46080901406948,0.0834929255580471,17.4962010769868,1.53149543414831e-68,6.77156596575728e-68
"FGLBJAKE_00692",207.060212731271,2.93653753289529,0.168018770736005,17.4774373126991,2.12852518158801e-68,9.39689918876182e-68
"FGLBJAKE_02108",1303.26962682565,-1.25061998940972,0.0715611942458693,-17.4762313931326,2.17401035072978e-68,9.58298427606962e-68
"FGLBJAKE_01132",6056.34580000982,-1.07919665128581,0.06177008047289,-17.4711873940241,2.37500068531405e-68,1.04529126640009e-67
"FGLBJAKE_02461",199.67161683585,3.31418417432905,0.190338133077534,17.4120872194276,6.68033457979642e-68,2.93566996671788e-67
"FGLBJAKE_00797",873.132034502428,-1.54654154245257,0.0888737999355587,-17.4015462776876,8.03055744287703e-68,3.52363696043184e-67
"FGLBJAKE_01937",11367.3439665013,1.07245030640102,0.0617099519516478,17.3788873995774,1.19244538683862e-67,5.2242195758753e-67
"FGLBJAKE_02329",335.371551026981,-2.22545870503842,0.128211058532421,-17.3577749884631,1.72271431099495e-67,7.53589182617881e-67
"FGLBJAKE_01915",1280.62061886075,1.36022216061607,0.078494935045606,17.3287889190018,2.85272618141615e-67,1.24600836556079e-66
"FGLBJAKE_00774",1862.25919303909,1.1559179941173,0.0667264571806247,17.3232334363009,3.14196371020261e-67,1.37025852854663e-66
"FGLBJAKE_01194",788.163929451256,-1.88059557731749,0.108719338359288,-17.2977099170953,4.89462136218013e-67,2.13138512044026e-66
"FGLBJAKE_01731",745.029800255082,-2.17130884636361,0.125749422742472,-17.2669488178116,8.34388189755979e-67,3.62240431625179e-66
"FGLBJAKE_02887",767.115272067523,-1.54499502288267,0.0895079567884659,-17.260979675069,9.25277128925377e-67,4.01092981678964e-66
"FGLBJAKE_02385",825.732381033474,-1.70702852925633,0.0989377990191382,-17.2535526985609,1.05225433490679e-66,4.55448638331645e-66
"FGLBJAKE_01566",194.448154738753,3.1275541959161,0.181844201936948,17.1990867050055,2.69749698021217e-66,1.16580546182403e-65
"FGLBJAKE_02541",2483.42017703104,1.1311192688761,0.0657682635754431,17.1985575927299,2.72223971597042e-66,1.17473227382868e-65
"FGLBJAKE_02888",1476.48273895815,-1.22863031269018,0.0714933177260551,-17.1852468422012,3.42486200615009e-66,1.47572015077591e-65
"FGLBJAKE_00087",7733.82635786985,1.13469123386522,0.0660427109691093,17.1811728685086,3.67407219403861e-66,1.58073106072859e-65
"FGLBJAKE_02893",918.785466938191,-1.53339676573839,0.0893854035233393,-17.1548900077181,5.77793481068794e-66,2.48218006665428e-65
"FGLBJAKE_02960",548.341917752746,1.74972319726636,0.102181479258591,17.1236823929543,9.88216081341408e-66,4.2390045041421e-65
"FGLBJAKE_02561",2312.27001504635,-1.1387393504928,0.0665778908715874,-17.1038663974674,1.3887758826152e-65,5.93949685511324e-65
"FGLBJAKE_00375",196.243183768809,6.0261634289186,0.352357779754877,17.1023992520069,1.42418637872711e-65,6.08188952817492e-65
"FGLBJAKE_00975",2827.22379335512,3.3692316997057,0.197334430653762,17.0737143464704,2.32899613316413e-65,9.93106066277998e-65
"FGLBJAKE_00695",950.571537371591,1.61449553321958,0.0946179692613977,17.0633078031856,2.78338303515554e-65,1.18510264341289e-64
"FGLBJAKE_01903",4276.78372400883,1.00346898289659,0.0588434488213415,17.0531979854426,3.30921696135916e-65,1.40690673771394e-64
"FGLBJAKE_00153",855.127026796846,-1.50700180577264,0.0883912816492212,-17.049213199025,3.5426999031997e-65,1.50394675358876e-64
"FGLBJAKE_03091",1212.30658500748,1.29271607995725,0.07601147836372,17.0068535408759,7.30574895880385e-65,3.09686172678499e-64
"FGLBJAKE_01978",2128.24375720792,1.23115034913661,0.0724575261339444,16.9913384409608,9.51919922994977e-65,4.0291868316459e-64
"FGLBJAKE_00172",984.461839996125,-1.40728076228716,0.0828464937432464,-16.9866061760988,1.03189674226618e-64,4.36128123128382e-64
"FGLBJAKE_00349",159.912685962932,3.52016224900089,0.207250795043623,16.9850361648068,1.05988280209433e-64,4.47298557007211e-64
"FGLBJAKE_01837",5172.9157359986,1.10003528298003,0.0648062785574592,16.9742084789624,1.27461183926071e-64,5.37131147512504e-64
"FGLBJAKE_00754",692.882193182958,1.53084178635806,0.090233412812037,16.9653539487298,1.4820397569025e-64,6.2362844236278e-64
"FGLBJAKE_00660",951.833034882398,-1.43338178291814,0.0844949079590598,-16.9641202948307,1.51349294648648e-64,6.35932562602653e-64
"FGLBJAKE_02057",251.997295044995,-2.48262469145741,0.146885391513267,-16.9017808093814,4.36521709359953e-64,1.8314794054022e-63
"FGLBJAKE_00399",3626.28838629088,-1.12299397603742,0.0665254070329305,-16.8806780164687,6.24237529353189e-64,2.61524585912692e-63
"FGLBJAKE_00263",3508.67862470259,-1.28987952459262,0.0764750635152312,-16.8666682354009,7.91359189762053e-64,3.31057687245435e-63
"FGLBJAKE_01134",6021.0564170452,1.02036845617796,0.0605970416739379,16.8385853168935,1.27242238729083e-63,5.31532258877012e-63
"FGLBJAKE_00674",857.420390157155,1.38797229394617,0.0826586915768057,16.7916073611748,2.81126821467344e-63,1.17095432593789e-62
"FGLBJAKE_01838",2629.22110939727,1.09552954384449,0.0654415559483307,16.7405791009839,6.6339641306719e-63,2.75919144884964e-62
"FGLBJAKE_00068",2234.93557642812,-1.08424458675059,0.0647724234979895,-16.7392931775086,6.77883385556625e-63,2.81537117064991e-62
"FGLBJAKE_00864",6288.96022585775,1.61175097990088,0.0965600621425458,16.6916936892765,1.50636058088776e-62,6.24715773372499e-62
"FGLBJAKE_00373",184.931871009971,6.01757607348276,0.361483447994387,16.6468924286022,3.1872883926098e-62,1.31802400580727e-61
"FGLBJAKE_00345",151.102156194436,3.74781635815433,0.225628447303301,16.6105666326566,5.84385894214461e-62,2.41311071835109e-61
"FGLBJAKE_01871",1097.14341342883,-1.44639471263895,0.087392363367116,-16.5505847068464,1.58555242113798e-61,6.53784456004385e-61
"FGLBJAKE_01376",4027.6349170555,1.41713769797006,0.0856705955313445,16.541704760901,1.83747909458687e-61,7.56578068458834e-61
"FGLBJAKE_02107",2272.69680268532,1.44962314525317,0.0877172724962262,16.5260855017527,2.3811407049967e-61,9.79026950809803e-61
"FGLBJAKE_01113",3834.95988068915,1.08475995816187,0.0656879285603631,16.5138402433415,2.91714903037939e-61,1.19769804475862e-60
"FGLBJAKE_01063",1608.10469355081,1.35601344532104,0.0822147007535083,16.4935642031535,4.08146594760217e-61,1.6733428150369e-60
"FGLBJAKE_02669",1503.69364948966,1.37018650646613,0.0831384685093457,16.4807763606098,5.04330480094448e-61,2.06473760654052e-60
"FGLBJAKE_02895",679.084702686022,-1.51185634432548,0.0917375899276257,-16.4802274129746,5.08930654331062e-61,2.08060697090679e-60
"FGLBJAKE_02930",6252.80925169801,-1.14767996821158,0.0696715990984032,-16.4727088665012,5.76308944239696e-61,2.35271577520581e-60
"FGLBJAKE_00897",319.997655262384,-2.25190691519142,0.137007418919069,-16.4363866786048,1.04995277715473e-60,4.28023302346483e-60
"FGLBJAKE_02028",942.667638405775,-1.49773456990903,0.0913125566515174,-16.4022849083608,1.84178535798409e-60,7.49757948845083e-60
"FGLBJAKE_00912",3366.92493273319,1.09580784375385,0.0668098422578328,16.4018923967057,1.85372507989605e-60,7.53551043793671e-60
"FGLBJAKE_00209",1112.49836360211,1.27891430425357,0.0781362774681198,16.3677403850647,3.25060370650111e-60,1.31952472492715e-59
"FGLBJAKE_01423",1203.91223919768,1.69250542177062,0.10358746122301,16.3389024288073,5.21838301134396e-60,2.11234264431022e-59
"FGLBJAKE_02571",4547.47364259692,-1.0126691623732,0.0621736568280669,-16.2877529493497,1.20578767218762e-59,4.87402780572042e-59
"FGLBJAKE_00760",1001.08937520154,-1.63522362583338,0.10039695152307,-16.2875824517204,1.20915337232325e-59,4.88076796637224e-59
"FGLBJAKE_01085",2262.48005362204,-1.21893695541019,0.0748815383414117,-16.2782039793657,1.4094517403465e-59,5.68129635589879e-59
"FGLBJAKE_02056",418.263791818733,1.88081918117257,0.115824472770686,16.2385300462045,2.69300118144425e-59,1.08398955118638e-58
"FGLBJAKE_00173",1953.69476263847,-1.14582265132209,0.0705839701962236,-16.2334684225993,2.92456631412812e-59,1.17555294920339e-58
"FGLBJAKE_00675",487.169963050417,1.65532442725518,0.101993054085837,16.2297760577113,3.10590475007788e-59,1.24669975582735e-58
"FGLBJAKE_01184",471.122809565413,-1.81174573651365,0.111744938356284,-16.2132241796683,4.06662779405173e-59,1.63005415343161e-58
"FGLBJAKE_02894",419.765108322635,-1.84316623283952,0.113731147735494,-16.206345135338,4.54825269941692e-59,1.82056800252427e-58
"FGLBJAKE_01400",503.487901488836,1.9434274603722,0.12000168461031,16.1950014842145,5.46964044813328e-59,2.18633472154869e-58
"FGLBJAKE_00945",423.16957622525,1.83548739091231,0.113492937055091,16.1727014785188,7.85759400851044e-59,3.13213941476546e-58
"FGLBJAKE_03068",428.789591593121,1.7220753417868,0.107177088917636,16.0675696567033,4.30642079839951e-58,1.71184693977873e-57
"FGLBJAKE_00434",1998.690137036,-1.19480652098887,0.074418571661009,-16.0552197431501,5.25524709498852e-58,2.08612985511008e-57
"FGLBJAKE_01754",842.86970636632,-1.37240948229403,0.0855435915453496,-16.0433932864096,6.35832337638492e-58,2.52052708741107e-57
"FGLBJAKE_00865",772.906973817602,1.74507912670619,0.108859810137977,16.0305178237436,7.82281670107232e-58,3.09680099158152e-57
"FGLBJAKE_01122",144.784573448103,3.29185387403772,0.20560876933591,16.0102795453228,1.08322044952995e-57,4.28222224477177e-57
"FGLBJAKE_00061",4610.79860553221,1.01113012393615,0.0633099066855757,15.9711201117048,2.03105497332317e-57,8.00720438042632e-57
"FGLBJAKE_01521",4434.13492933755,-1.12814770202818,0.0707606982103947,-15.9431397733503,3.1796820397043e-57,1.25183646330276e-56
"FGLBJAKE_00425",4490.48233187653,-1.13955124400934,0.0715362544967986,-15.9297023869251,3.9422898189291e-57,1.54995088093054e-56
"FGLBJAKE_01522",3005.43241177493,-1.13508834939644,0.0713538632354197,-15.9078751721041,5.58779690378793e-57,2.19389730894624e-56
"FGLBJAKE_00655",9032.93063064195,-1.05669762701081,0.0664413022188542,-15.904228118981,5.92288001978059e-57,2.3222861087107e-56
"FGLBJAKE_01245",619.355723547774,1.55175483658255,0.0976742026012551,15.8870489367334,7.79100022193676e-57,3.05059055011529e-56
"FGLBJAKE_00360",126.986146326781,4.0280743512769,0.253842478367388,15.8684014479525,1.04878165833111e-56,4.10095032114778e-56
"FGLBJAKE_00822",593.168388560374,-1.61525116115991,0.101910595492706,-15.849688183556,1.41280125088095e-56,5.51683531933674e-56
"FGLBJAKE_00252",432.888354067075,-1.77872088163957,0.112585170025957,-15.7988914634981,3.16635589082975e-56,1.23474990912411e-55
"FGLBJAKE_01771",5758.61865769223,-1.09346440209666,0.0692588475989326,-15.7880825339276,3.75831630142515e-56,1.46360447835987e-55
"FGLBJAKE_00923",577.148117351625,-1.57907289479982,0.100206049110159,-15.7582591951501,6.02703718773382e-56,2.34077092939824e-55
"FGLBJAKE_00449",2567.03590545012,-1.00483169087358,0.0638089738575076,-15.7474980418504,7.14528294835715e-56,2.77132836620492e-55
"FGLBJAKE_02650",802.607996973898,1.35599800021176,0.0861385058378829,15.7420654911732,7.78601398477197e-56,3.01576875906127e-55
"FGLBJAKE_01956",2051.63766073028,-1.22600612627017,0.0778834729131973,-15.7415441352568,7.85043532395511e-56,3.03662868385558e-55
"FGLBJAKE_00575",1909.56304785985,1.35563505679345,0.0862118936341669,15.7244551725771,1.02831559440907e-55,3.97228362678987e-55
"FGLBJAKE_02377",1596.67361265267,1.11570755904984,0.0709609334139831,15.7228422086961,1.05483627391309e-55,4.06926100835735e-55
"FGLBJAKE_00935",1258.12559826451,1.4247985872892,0.0906544261397748,15.7168121619609,1.16015939858542e-55,4.46956851412131e-55
"FGLBJAKE_00834",628.238612229726,-1.53072944211925,0.0974114501266992,-15.7140607200518,1.21163563071062e-55,4.661634273979e-55
"FGLBJAKE_00934",722.764059792285,1.74106983148188,0.110937030264978,15.6942170465827,1.6567412351339e-55,6.36560736600915e-55
"FGLBJAKE_00783",321.99318471473,-2.27093272557575,0.144815551908911,-15.6815528141907,2.02248795269341e-55,7.76052119631625e-55
"FGLBJAKE_00581",3565.86655171811,-1.00776671373858,0.0642710349758774,-15.6799515383069,2.07412406388979e-55,7.94804341282568e-55
"FGLBJAKE_00366",125.318503313022,3.8819941290934,0.24835776675012,15.6306532301814,4.50164392574095e-55,1.72044210672599e-54
"FGLBJAKE_00043",225.020513697787,-2.52716904337679,0.161849820666035,-15.6142838649874,5.81948595141404e-55,2.22114244679468e-54
"FGLBJAKE_00703",2944.76168560269,1.04278109399526,0.0668520528772396,15.5983406509613,7.47108380069586e-55,2.84395958188078e-54
"FGLBJAKE_01105",133.635480237333,3.9178495971707,0.2514544804252,15.5807508004859,9.83922615320613e-55,3.74046772014741e-54
"FGLBJAKE_02965",1362.99530548772,1.15694493790914,0.0743325723873235,15.564441008185,1.26974570919529e-54,4.82067261324606e-54
"FGLBJAKE_02205",541.00493519655,1.56858280512224,0.100961737774301,15.536408541509,1.96702350222191e-54,7.44825500050824e-54
"FGLBJAKE_00650",6783.08593899487,-1.08765144110315,0.0700527501380517,-15.5261776155788,2.30729161301256e-54,8.72520538920802e-54
"FGLBJAKE_01515",372.9982283501,-1.78422128250415,0.1150810977886,-15.5040342574912,3.25778173835455e-54,1.23033701918935e-53
"FGLBJAKE_01645",632.690088057548,-1.45618651233217,0.0940656756674859,-15.4805299807728,4.69588303631655e-54,1.77112438928789e-53
"FGLBJAKE_00965",344.350558996961,-2.14025209432936,0.138483859027391,-15.4548848462262,6.99364593668459e-54,2.63430385609849e-53
"FGLBJAKE_01086",1492.32519697503,-1.18875422870784,0.0770902924972543,-15.4202843211443,1.19576762684999e-53,4.49233484910702e-53
"FGLBJAKE_00014",549.423545517978,1.54084074818949,0.099924572806197,15.4200383841314,1.20033003816527e-53,4.50358815886028e-53
"FGLBJAKE_02832",4785.69298990255,1.05317587014001,0.0683413077133806,15.4105314249614,1.39063527239069e-53,5.21080283292158e-53
"FGLBJAKE_02092",1347.56035755279,1.10278114083413,0.0715896124911103,15.4042060357718,1.533611531231e-53,5.73906190202849e-53
"FGLBJAKE_01267",352.173885480172,1.75934980256524,0.114468902469881,15.3696747728333,2.61478412403917e-53,9.77228813067433e-53
"FGLBJAKE_02069",165.293408017383,-3.1322204312495,0.204185705511198,-15.3400573434251,4.12830140567716e-53,1.54087509609301e-52
"FGLBJAKE_00371",147.538922913128,5.77227167175378,0.376747840493901,15.3213132268697,5.5093059668211e-53,2.05366346934421e-52
"FGLBJAKE_02437",1130.35899222499,-1.41885069122459,0.0929500746783107,-15.264653591028,1.31524420455075e-52,4.87743463726303e-52
"FGLBJAKE_00055",1494.19204247323,-1.15237226910777,0.0755352433104414,-15.2560873388816,1.49975709110666e-52,5.55451273175329e-52
"FGLBJAKE_00152",3507.10580111218,-1.17036988842259,0.076938114619218,-15.2118347871531,2.95153436337985e-52,1.09172583788336e-51
"FGLBJAKE_00107",1642.22879766154,-1.14256477546352,0.0753392331935557,-15.1656013345415,5.97491658100098e-52,2.20718640794303e-51
"FGLBJAKE_00645",300.345643023919,-1.98529084960586,0.130940840148948,-15.1617390521364,6.33689594840764e-52,2.33789973757684e-51
"FGLBJAKE_01755",841.080550906527,-1.41404313299416,0.0932945840675448,-15.1567547797888,6.83647917576011e-52,2.51897963476084e-51
"FGLBJAKE_02667",1334.92966587298,-1.15906956437925,0.076611650334352,-15.1291554133189,1.04021847246387e-51,3.82300241670225e-51
"FGLBJAKE_02051",1422.10237592055,1.11245785586521,0.0736109914793914,15.1126595839517,1.33635299614323e-51,4.90508111228052e-51
"FGLBJAKE_00217",1957.56673609812,-1.04270770333864,0.0690033861341292,-15.110964283866,1.37118391347722e-51,5.02650837670092e-51
"FGLBJAKE_02884",2274.85068809633,-1.04936356409866,0.0696150446760549,-15.0738043619989,2.40836324477506e-51,8.79496310734883e-51
"FGLBJAKE_01149",269.526106198896,2.04322715279769,0.13560744369445,15.0672197420185,2.66076617055621e-51,9.70436798753622e-51
"FGLBJAKE_00351",131.337784776712,3.23207653265658,0.214787957151864,15.0477548905192,3.57150620535169e-51,1.30095169001024e-50
"FGLBJAKE_02226",2991.52175570026,1.00137899836048,0.0666183895205154,15.0315701950751,4.56065655128039e-51,1.65915530738985e-50
"FGLBJAKE_01082",517.327025912523,-1.48203648517365,0.098856141660989,-14.9918503825089,8.30079968696009e-51,3.01599219978803e-50
"FGLBJAKE_02031",1043.21109872184,-1.21510636529863,0.0811148124858631,-14.9800798160065,9.90979589440607e-51,3.59605472228826e-50
"FGLBJAKE_00044",1306.31630498121,1.08619318896267,0.0725254312060471,14.9767215568393,1.04233382536215e-50,3.77763860541086e-50
"FGLBJAKE_00460",16508.7100135773,-1.08828813742047,0.072669213153126,-14.9759174511394,1.05501821175272e-50,3.81879387982029e-50
"FGLBJAKE_02702",227.0365290987,2.29201705426312,0.153163365308617,14.9645252939226,1.2521417535084e-50,4.52661056551339e-50
"FGLBJAKE_00736",7421.26995022636,-1.07524392840161,0.0718710895318949,-14.9607294867074,1.32564907252264e-50,4.78632592265085e-50
"FGLBJAKE_03083",1002.22311011697,1.13830344354792,0.076110003090097,14.9560293960365,1.42264726714621e-50,5.13009817538045e-50
"FGLBJAKE_00810",8610.89194906483,-1.25051779329585,0.0836853504332953,-14.943090837537,1.72772077763358e-50,6.22239287583825e-50
"FGLBJAKE_01933",1129.53329501768,1.11082349186261,0.0745894011265177,14.8925112024756,3.68658572541182e-50,1.3244059218542e-49
"FGLBJAKE_00651",3923.87437577067,-1.10124284929417,0.0743995877968633,-14.8017332071912,1.42756128353496e-49,5.11572459960036e-49
"FGLBJAKE_00801",712.263730322209,-1.3768876622585,0.0930848789986485,-14.7917435900464,1.65607515106006e-49,5.9198507265505e-49
"FGLBJAKE_00643",1533.51615744707,-1.04289258098353,0.0706641243436514,-14.758444835625,2.71468571828391e-49,9.6799091245012e-49
"FGLBJAKE_01873",917.803913746852,-1.2318673832351,0.0834927733492625,-14.7541797190282,2.89186037243397e-49,1.02861469187812e-48
"FGLBJAKE_02214",1326.51900639122,1.16329299981971,0.0791293537129523,14.7011563375033,6.33682964216426e-49,2.24562865494206e-48
"FGLBJAKE_00445",13429.5342313946,1.01411768784942,0.0691542747737131,14.6645697777587,1.0870397002869e-48,3.84747795397112e-48
"FGLBJAKE_02094",124.317171119299,-3.39549416745469,0.231976880168329,-14.6372093847923,1.62606454962543e-48,5.74822818649877e-48
"FGLBJAKE_02460",113.706193082455,3.92545650279159,0.268564850557631,14.616419440746,2.20706092783081e-48,7.79249767393828e-48
"FGLBJAKE_01342",279.586335108736,-1.87984691096958,0.128801319474712,-14.5949351965968,3.02500016088888e-48,1.06542285078366e-47
"FGLBJAKE_02169",819.421831741121,-1.26590999392544,0.0867384204923701,-14.594570511424,3.04121891142432e-48,1.06982413114241e-47
"FGLBJAKE_00080",1216.51972368531,1.37953277183942,0.0947009645580994,14.5672515404326,4.53783608854602e-48,1.59045620957089e-47
"FGLBJAKE_01970",596.72541266492,1.59505923987594,0.109752117810978,14.5332889395634,7.45532018671282e-48,2.60981610433771e-47
"FGLBJAKE_02171",202.049421101017,2.37315463350826,0.16367565865903,14.4991298825443,1.22695338461416e-47,4.28985891408892e-47
"FGLBJAKE_01470",183.159154276933,2.29742880482444,0.158954623043193,14.4533626065104,2.38739926473776e-47,8.33704190383514e-47
"FGLBJAKE_01637",1809.04161977124,-1.0196991417201,0.0706531143234395,-14.4324726727837,3.23280126088084e-47,1.12755713880723e-46
"FGLBJAKE_00059",1870.21199865349,-1.17431074247237,0.0814040025049872,-14.4257125735363,3.56568161399264e-47,1.24215381316544e-46
"FGLBJAKE_01391",597.408631442747,1.75638278400348,0.12182368108149,14.4174167814598,4.02113164097396e-47,1.39912013754953e-46
"FGLBJAKE_02386",2385.65707939542,-1.0016695796384,0.0695345430942827,-14.4053521467773,4.78870844988881e-47,1.66417751934467e-46
"FGLBJAKE_01739",23988.36971562,-1.03846043767168,0.0720979885637366,-14.4034592137567,4.92171718909578e-47,1.70833516925861e-46
"FGLBJAKE_01123",128.632478518732,3.19297147905353,0.221835806020886,14.3933999489375,5.69271428331098e-47,1.97118805424527e-46
"FGLBJAKE_01354",596.978828388802,1.37095838927929,0.0952933501040921,14.386716258603,6.2703108957673e-47,2.16857683687548e-46
"FGLBJAKE_00376",141.991213955118,6.10593708107365,0.424420278645929,14.3865347352253,6.28678584296875e-47,2.17166135969858e-46
"FGLBJAKE_00862",1453.65336583918,1.64841317772463,0.114842246465299,14.3537176297115,1.00976022622861e-46,3.47967732635615e-46
"FGLBJAKE_00922",709.154565172546,-1.31539965550872,0.0917332158982068,-14.3394041365384,1.24116509605932e-46,4.27198621086765e-46
"FGLBJAKE_01042",733.479965162305,-1.25392598127572,0.0874984764466497,-14.3308321721496,1.40427750742287e-46,4.82762387121212e-46
"FGLBJAKE_00374",125.515661881993,5.71684094273088,0.400052019077804,14.2902439435484,2.51726132413106e-46,8.63318501855926e-46
"FGLBJAKE_00658",1231.6683791565,-1.14187255361905,0.0801321805214574,-14.2498624920519,4.49164797925498e-46,1.5386169597591e-45
"FGLBJAKE_01405",166.35650125627,2.43816699713303,0.171128093312926,14.2476138776033,4.6386152307844e-46,1.58706906824695e-45
"FGLBJAKE_00859",1032.48317674369,1.6914138758057,0.119092283172568,14.2025480639648,8.83409103609483e-46,3.01534176220149e-45
"FGLBJAKE_02026",290.067140841995,-1.79659997514081,0.127285553253994,-14.1147202428838,3.08236716451671e-45,1.04589412406388e-44
"FGLBJAKE_00924",412.2510859159,-1.5808686939776,0.112138585180375,-14.0974553177639,3.93712334675844e-45,1.33277885731257e-44
"FGLBJAKE_00490",976.254025791285,-1.13855817802726,0.0807864039475192,-14.0934380340397,4.16767345881954e-45,1.40916394360557e-44
"FGLBJAKE_01112",1470.97274678622,1.05191068081407,0.0747308383160296,14.0759919802537,5.33509728402247e-45,1.79965605566673e-44
"FGLBJAKE_01424",311.367311670246,1.80283905732426,0.128121020522675,14.0713760315793,5.69503803682501e-45,1.91882055308735e-44
"FGLBJAKE_00757",574.433149165982,-1.36908100564825,0.0973990503068932,-14.0564102148269,7.03661025228001e-45,2.36528863918745e-44
"FGLBJAKE_00906",121.335275950117,-3.28092436042001,0.23459562383234,-13.9854457079081,1.91274773000011e-44,6.42200581310785e-44
"FGLBJAKE_02027",230.164038278683,-1.96537989954693,0.140770963969674,-13.9615432339465,2.67576512654922e-44,8.9628775917278e-44
"FGLBJAKE_00443",651.378501047969,-1.25338219873227,0.0899330451079797,-13.9368370906087,3.78338631288478e-44,1.26435491432917e-43
"FGLBJAKE_01971",867.71784923437,1.32885116597101,0.0955456052272989,13.9080302313197,5.66172901217484e-44,1.88987330789669e-43
"FGLBJAKE_01888",1358.95119558751,1.13108879943508,0.0813638277173282,13.9016173546392,6.19260470820235e-44,2.06228805693784e-43
"FGLBJAKE_03042",214.037864950991,2.23895969452678,0.161692583502545,13.8470154043369,1.32608506377573e-43,4.41107462186511e-43
"FGLBJAKE_02161",224.986025390636,-2.27790223474644,0.164579230518456,-13.8407636709116,1.44661499509861e-43,4.80644103573806e-43
"FGLBJAKE_01092",981.587893776776,-1.1482293513899,0.0832315481722326,-13.7956024681151,2.70880339817435e-43,8.9793552091731e-43
"FGLBJAKE_02963",584.896155911324,-1.32580780911344,0.0961264660205008,-13.7923286270681,2.834600881021e-43,9.38553333185985e-43
"FGLBJAKE_01355",1399.46614615515,1.01066081905055,0.0732965263299017,13.7886591583024,2.98251913443809e-43,9.8639355493384e-43
"FGLBJAKE_01409",287.819227112638,1.85598414292469,0.134621302823124,13.7867046596869,3.06441473161829e-43,1.01231355616908e-42
"FGLBJAKE_02866",563.414786761326,1.33910823614463,0.097277070228117,13.765918658985,4.08656330103238e-43,1.34687877605127e-42
"FGLBJAKE_00488",805.980095751883,1.22472147010872,0.0892245858943112,13.7262779965091,7.0671891311988e-43,2.32392466396629e-42
"FGLBJAKE_00534",1120.41863834581,-1.04471715429801,0.07612969962411,-13.7228592711687,7.40851394931834e-43,2.43337932461039e-42
"FGLBJAKE_00024",282.666095295172,-2.06754793523994,0.150878032864267,-13.7034391023639,9.68272180539068e-43,3.17672859231653e-42
"FGLBJAKE_00040",231.978570068454,-1.93188943706165,0.140991582640318,-13.7021615112306,9.85463481690827e-43,3.22944361046686e-42
"FGLBJAKE_01248",196.559508775344,2.22073884670178,0.162079030711081,13.7015802535272,9.93385066390615e-43,3.25169553622623e-42
"FGLBJAKE_01518",1091.77394975085,-1.07358190456013,0.0783631278571377,-13.7000900030095,1.01398530097059e-42,3.31535125709838e-42
"FGLBJAKE_00318",753.096881962504,1.27332577764506,0.093073658910055,13.6808393755701,1.32158260171916e-42,4.31616863334191e-42
"FGLBJAKE_01922",322.809280284481,1.71577600482522,0.12593216722662,13.6246047583507,2.85954190882876e-42,9.32840345740506e-42
"FGLBJAKE_00320",2425.80922019185,1.06943704796907,0.0786080400690268,13.6046776771178,3.75620736955204e-42,1.22396144899009e-41
"FGLBJAKE_00884",484.585071942384,-1.78216532206932,0.131389644191661,-13.5639709889894,6.54923067113051e-42,2.1316522025854e-41
"FGLBJAKE_02229",1310.44627972805,1.04165261675384,0.076807461463997,13.5618675178076,6.73979996359013e-42,2.19119740897715e-41
"FGLBJAKE_02058",353.199298191207,1.52889136029957,0.112955279041211,13.5353688050451,9.66959338951445e-42,3.13661528233234e-41
"FGLBJAKE_00867",893.526830702781,1.30702734009912,0.0967515590996036,13.5091088170844,1.38184048917693e-41,4.46727735196232e-41
"FGLBJAKE_01412",279.315536263486,1.7935218564005,0.133219061597413,13.4629521848796,2.58382784594219e-41,8.33436726064854e-41
"FGLBJAKE_01067",1018.3006047824,-1.06450650278038,0.0790941925783893,-13.4587188778159,2.73619131441018e-41,8.80606252812413e-41
"FGLBJAKE_00936",3160.76616298546,1.12704997047802,0.0838725008883153,13.4376578561643,3.63768953281155e-41,1.16943173571593e-40
"FGLBJAKE_02380",891.563327215465,1.11909151307966,0.0834396659719765,13.4119845764425,5.14435318968633e-41,1.6500972173168e-40
"FGLBJAKE_02651",821.494988972166,1.10025214319348,0.0821903113630831,13.3866404074443,7.23814554070509e-41,2.3139522006659e-40
"FGLBJAKE_01118",4206.49181218581,1.07461675910103,0.0804443311315818,13.3585144407913,1.05651628608539e-40,3.3700641578351e-40
"FGLBJAKE_00698",599.567632512259,1.24757409493987,0.0933961852788133,13.3578699302923,1.06570248315388e-40,3.3955974906699e-40
"FGLBJAKE_02799",1252.74375421266,1.12097107405559,0.0840487638458828,13.3371512293872,1.40735571778403e-40,4.47922517487408e-40
"FGLBJAKE_01632",639.312153625692,-1.25135588098615,0.0939370342563282,-13.3212198031667,1.7423724120065e-40,5.53323570398529e-40
"FGLBJAKE_00951",229.647070370609,-1.95338008018798,0.146738380090182,-13.311991579759,1.97155315213434e-40,6.25413218458508e-40
"FGLBJAKE_02818",363.676800726218,-1.6315638093222,0.122570896981037,-13.3111843798828,1.9929714568104e-40,6.31510470438047e-40
"FGLBJAKE_00869",1635.54244593921,1.30109821825002,0.0977490966217941,13.3105907186453,2.00887123009304e-40,6.35847567762931e-40
"FGLBJAKE_00025",325.349799280804,-1.85071154768776,0.139134900445535,-13.301562309395,2.2668172441777e-40,7.15129830929387e-40
"FGLBJAKE_01016",136.978341213088,-2.64091622209821,0.198871145107141,-13.2795344476718,3.04280037339944e-40,9.57832231451258e-40
"FGLBJAKE_02194",1327.20544952294,-1.2400550234591,0.0935954802607551,-13.2490908749475,4.56702087875848e-40,1.43606323911946e-39
"FGLBJAKE_00372",119.02120338432,6.09403027714335,0.460325498847883,13.2385242451171,5.25716823613965e-40,1.65126792466288e-39
"FGLBJAKE_00782",708.864141669468,1.14655779240821,0.0866911744944657,13.2257729704816,6.22935151955892e-40,1.95449304227209e-39
"FGLBJAKE_00319",319.044129724915,1.55067094140648,0.117405166675595,13.2078594606588,7.90402458309542e-40,2.47452795771419e-39
"FGLBJAKE_00665",994.75811034755,1.00819989470309,0.076685323466992,13.1472340354286,1.76514086423629e-39,5.51414656936424e-39
"FGLBJAKE_02055",927.47414247875,1.14644376160628,0.087267418203313,13.1371339408178,2.01723481757109e-39,6.29482395841401e-39
"FGLBJAKE_01018",507.637352637056,1.29156959995623,0.0984587783114413,13.1178714798875,2.60139141301569e-39,8.08259342811576e-39
"FGLBJAKE_02446",102.406471306539,5.51951259902718,0.422251226540286,13.071631891401,4.78283522187189e-39,1.4812358219461e-38
"FGLBJAKE_00058",2943.43811154846,-1.08643349426802,0.0832222205772185,-13.0546083333593,5.98168696620464e-39,1.85052404099808e-38
"FGLBJAKE_02544",314.069322649799,-1.61514081247023,0.123772189570705,-13.0493030629274,6.41313749258991e-39,1.98186636061327e-38
"FGLBJAKE_00185",898.903914119561,-1.12763750838413,0.086446852061481,-13.0442865355253,6.84951834627798e-39,2.11444852064478e-38
"FGLBJAKE_02362",259.25011137438,-1.96234062556123,0.150463626278816,-13.0419602005665,7.06178130194392e-39,2.17763513538485e-38
"FGLBJAKE_02082",511.266979626969,-1.39739776776275,0.107156329244936,-13.0407394281732,7.17577225091594e-39,2.21041473195417e-38
"FGLBJAKE_01951",697.851491930577,1.36188965962347,0.104518539482546,13.0301252425259,8.24721715179693e-39,2.53774112358291e-38
"FGLBJAKE_00368",131.357691775716,6.53135704063891,0.502174896695301,13.006140059211,1.12902491132452e-38,3.46298569385985e-38
"FGLBJAKE_02376",954.428377313121,-1.02088094655935,0.0786210324121392,-12.9848326235121,1.49163909121071e-38,4.56546405552671e-38
"FGLBJAKE_02753",920.791873960543,-1.15006869515773,0.088739117276596,-12.9601097064445,2.05952773099038e-38,6.29689648815568e-38
"FGLBJAKE_02115",572.318272634792,-1.64031486369184,0.126758220916455,-12.940500835626,2.65890447087825e-38,8.11219899076868e-38
"FGLBJAKE_02959",334.327063569885,-1.68213748191982,0.130027572673521,-12.9367752341529,2.79100848903186e-38,8.49720169224317e-38
"FGLBJAKE_01111",647.571614510669,-1.1593977810984,0.0897946271409382,-12.9116609535964,3.86865163507948e-38,1.17656135441465e-37
"FGLBJAKE_00249",576.969941072572,-1.2084198520178,0.0937615607112819,-12.8882224533235,5.24385574416004e-38,1.58975120345105e-37
"FGLBJAKE_02898",779.299560676714,-1.15641140879045,0.0905239708385933,-12.7746429821595,2.27187759078215e-37,6.83704313707635e-37
"FGLBJAKE_01312",562.079106773019,-1.20396150340014,0.0942495478245898,-12.7741886426964,2.28518203544546e-37,6.86988825300235e-37
"FGLBJAKE_00105",500.381779584736,-1.24642759591699,0.0980351944858408,-12.7140829622877,4.93869250570391e-37,1.48006280097946e-36
"FGLBJAKE_02493",81.8100010835119,4.6539559801041,0.366321053504914,12.7045823208239,5.57663743694063e-37,1.6695058326841e-36
"FGLBJAKE_02159",755.213558417665,1.12365648006067,0.0886528278781672,12.6747956828278,8.15709565273941e-37,2.43695352452943e-36
"FGLBJAKE_02473",105.055918870417,2.83534364803113,0.224637340060519,12.6218715342127,1.59973647563641e-36,4.76933882881644e-36
"FGLBJAKE_02517",381.848125462,1.37672010999376,0.109586359296968,12.5628784351069,3.37815487460164e-36,1.00297697413276e-35
"FGLBJAKE_01181",458.815795120317,-1.29050502708887,0.10344547695284,-12.4752194595923,1.01924995807869e-35,3.01061087309163e-35
"FGLBJAKE_02316",892.806840377245,1.03246329103848,0.0828659525219142,12.4594391256825,1.24241316572983e-35,3.65849942449542e-35
"FGLBJAKE_01401",449.838807389308,1.35114745193945,0.108625530599058,12.4385809163648,1.613449094472e-35,4.73651960930798e-35
"FGLBJAKE_02263",829.758227602333,1.04823954597819,0.0844373875517274,12.4144004968892,2.18316005544827e-35,6.40245101975341e-35
"FGLBJAKE_00966",220.313895644891,-1.75937426140025,0.142036269226269,-12.3867957880357,3.08109890649277e-35,9.01739130067232e-35
"FGLBJAKE_02468",97.8946669085078,3.1694228838548,0.256198932439788,12.3709449281163,3.75379131471118e-35,1.09638173155284e-34
"FGLBJAKE_02487",102.797124095149,6.01521956456569,0.486947508896213,12.352911668448,4.69797933797701e-35,1.36937044800669e-34
"FGLBJAKE_01469",134.873725330717,2.39928732256958,0.194396508957959,12.3422346184646,5.36460025762621e-35,1.56209332729663e-34
"FGLBJAKE_01591",550.528561292397,1.36282672740575,0.110853078665765,12.2939907831954,9.75676962632747e-35,2.83241978849143e-34
"FGLBJAKE_01594",615.871109737345,1.12506317352391,0.0917508795679635,12.2621513692469,1.44608909805826e-34,4.18535757081514e-34
"FGLBJAKE_01154",595.478193804995,-1.31089370160632,0.107210054504515,-12.2273391956079,2.22095048632174e-34,6.42154094334879e-34
"FGLBJAKE_02471",105.808115005212,2.65506498196419,0.21727212293956,12.2199983414475,2.43089665539678e-34,7.00741924534637e-34
"FGLBJAKE_00336",75.7516880242167,4.20311536076295,0.344056805158978,12.2163413068398,2.54272892041077e-34,7.32244781288633e-34
"FGLBJAKE_00218",598.805717114416,-1.30560061574247,0.106968519078834,-12.2054659350782,2.9063995947371e-34,8.3613537890635e-34
"FGLBJAKE_00324",320.176426002303,1.42146738735702,0.116678943149781,12.1827242258466,3.84229684463708e-34,1.10317294020849e-33
"FGLBJAKE_00775",927.871800786901,1.33681348448382,0.110040766960003,12.1483475753101,5.85367393347703e-34,1.67564331522042e-33
"FGLBJAKE_02897",481.775334425578,-1.29023666691473,0.106488803903367,-12.1161720257987,8.67156091275976e-34,2.4748824293219e-33
"FGLBJAKE_02988",406.435748132242,1.31024924971535,0.108365855027914,12.0909787439766,1.17874048826087e-33,3.35748281790063e-33
"FGLBJAKE_00276",979.702557935805,-1.13033155495446,0.0936369110450479,-12.0714314722606,1.49510677750978e-33,4.25439294907238e-33
"FGLBJAKE_01898",18044.4742938244,-1.09516302028748,0.090870322260881,-12.0519328317486,1.89454577464162e-33,5.385682053729e-33
"FGLBJAKE_02114",218.892676337293,-1.80784724041773,0.150019178507682,-12.0507741636857,1.92136812060253e-33,5.451147066744e-33
"FGLBJAKE_02264",261.721723498314,1.5348077579717,0.127632945830786,12.0251691127347,2.62051013040092e-33,7.42004543327314e-33
"FGLBJAKE_02382",112.773652925804,-2.80771390074548,0.235120641144196,-11.9415883143307,7.18381225942125e-33,2.02414474838987e-32
"FGLBJAKE_00266",798.221353001514,-1.41836465248286,0.119178767830776,-11.9011521791937,1.16724353150742e-32,3.27923549320853e-32
"FGLBJAKE_02500",310.166722196248,1.52551737846159,0.128365640714721,11.8841566167374,1.43071871479152e-32,4.00768575663822e-32
"FGLBJAKE_01633",442.979892611099,-1.2747641677081,0.107492058202147,-11.8591474479985,1.9292953027614e-32,5.39376916355667e-32
"FGLBJAKE_02378",1027.59247070744,-1.06966009071034,0.0902495563706548,-11.8522476311933,2.0949526076134e-32,5.85120874079777e-32
"FGLBJAKE_01126",289.302205691666,1.47755709363575,0.124696475316148,11.8492290170162,2.1717970380811e-32,6.05994629849037e-32
"FGLBJAKE_01375",330.742982896634,1.41719994178859,0.119681180950183,11.8414602073361,2.38268023328132e-32,6.64192336610137e-32
"FGLBJAKE_02499",175.077260248535,1.91094464013082,0.161633038929954,11.8227353317223,2.97826605443943e-32,8.29412465160748e-32
"FGLBJAKE_00533",416.876524094579,1.23158744759673,0.104481082992045,11.7876596636206,4.51925194348188e-32,1.25612476649583e-31
"FGLBJAKE_02419",783.520373169129,1.03156788390727,0.087545076080117,11.7832770282047,4.76055657146472e-32,1.3219168682502e-31
"FGLBJAKE_02304",342.324286077235,-1.35122144894711,0.115136106188326,-11.7358619609468,8.34715783345453e-32,2.31561115958961e-31
"FGLBJAKE_00350",73.584154694867,3.51452369878422,0.299747924222624,11.724930899518,9.49785103971101e-32,2.63228774234614e-31
"FGLBJAKE_02678",211.551996697097,-1.67376981061798,0.142831032767121,-11.7185304775257,1.02433421334856e-31,2.83343265559552e-31
"FGLBJAKE_01396",478.094714540993,1.29163358026981,0.110276468356086,11.7126853944858,1.09747649693375e-31,3.03283408864193e-31
"FGLBJAKE_01552",187.077458890423,-1.87411883217376,0.160298624305622,-11.6914218090893,1.41006038536952e-31,3.89290446450721e-31
"FGLBJAKE_02462",69.4701647220869,3.78676849282745,0.324526811029358,11.6685844254787,1.84467079339442e-31,5.08301424757006e-31
"FGLBJAKE_01500",256.707751470152,1.45915821613205,0.126794509301138,11.508055231844,1.20157503436276e-30,3.28262989425719e-30
"FGLBJAKE_00594",339.150510688317,-1.32056698436567,0.115004463493392,-11.482745488757,1.61082819750945e-30,4.39233419320889e-30
"FGLBJAKE_02105",93.8593437461532,2.8366719024843,0.247454967114432,11.4633863913207,2.01479870836574e-30,5.4834578483363e-30
"FGLBJAKE_00963",159.297226697258,-2.06572712868091,0.18202623795094,-11.3485130052387,7.54346478191347e-30,2.04334757617524e-29
"FGLBJAKE_01389",533.785316742312,1.09756703346024,0.0971163259041285,11.301570804313,1.28891611133578e-29,3.48152716539382e-29
"FGLBJAKE_00041",257.205958129485,-1.57987427611071,0.139933096884326,-11.290211617461,1.46683087464018e-29,3.95837740255012e-29
"FGLBJAKE_00108",698.686616069177,-1.14499045162993,0.101607979211432,-11.2687060653708,1.87302158990685e-29,5.04504596943982e-29
"FGLBJAKE_01696",599.540336557817,-1.01302642783654,0.090612713597461,-11.1797383349186,5.1240844066235e-29,1.37247144311612e-28
"FGLBJAKE_02034",383.390300747738,-1.49601667200192,0.133921698937224,-11.1708310443641,5.66483708365712e-29,1.51589774473283e-28
"FGLBJAKE_00980",92.7843472226512,-2.77019632385836,0.2480150747827,-11.1694675264618,5.75246822731367e-29,1.53791569165577e-28
"FGLBJAKE_02006",1448.85781483204,1.05261824697014,0.094844712674346,11.0983334472671,1.27804749330317e-28,3.40733626693257e-28
"FGLBJAKE_02545",695.172539851465,-1.04110420545334,0.0940936361761725,-11.0645549238215,1.86385851671636e-28,4.95534632473895e-28
"FGLBJAKE_00344",65.3110541494334,3.32232947934972,0.30205997118135,10.9989068275289,3.86792348191003e-28,1.02455410940179e-27
"FGLBJAKE_02179",147.374286644702,1.86320607433159,0.169828180494608,10.9711242792873,5.26140642600442e-28,1.39110230619473e-27
"FGLBJAKE_02871",410.033278482218,-1.28702493720501,0.117342560720159,-10.9680999741801,5.44035938482423e-28,1.43709493308684e-27
"FGLBJAKE_02951",172.744031711215,-1.72300457318125,0.157203615299558,-10.9603368211221,5.92783322579778e-28,1.56442540780007e-27
"FGLBJAKE_01700",164.780688846578,-1.82878652469604,0.167172769205246,-10.9395000955613,7.46101615373617e-28,1.96724407576493e-27
"FGLBJAKE_00265",434.961827500202,-1.14507539713053,0.104799210708691,-10.9263742483088,8.62251636680012e-28,2.27141265244579e-27
"FGLBJAKE_01091",445.854351727401,1.20022526271173,0.11108351606184,10.8047107731409,3.26985847142756e-27,8.55102206267772e-27
"FGLBJAKE_01914",416.857534770862,-1.17473432828653,0.109758664171336,-10.7028847076048,9.86581183508837e-27,2.5683281896779e-26
"FGLBJAKE_03034",227.486443170177,1.43688139958682,0.134278057984051,10.7007907409376,1.00913347462035e-26,2.62466027697637e-26
"FGLBJAKE_03004",439.151017096248,1.28227134413733,0.120174500239773,10.6700784407585,1.40507718993376e-26,3.65116803243184e-26
"FGLBJAKE_02736",495.862226230585,1.15736578182652,0.108828123788859,10.6348041437521,2.05259543100748e-26,5.31935010704735e-26
"FGLBJAKE_01772",2342.36861910691,-1.11974748503388,0.105579010236383,-10.6057774412438,2.80124446403915e-26,7.25295188256624e-26
"FGLBJAKE_02271",501.788462221464,-1.01182531183218,0.0961169583394731,-10.5270217588299,6.4853988425695e-26,1.67016454064021e-25
"FGLBJAKE_02989",112.955024388256,2.03710977587647,0.194291111829649,10.4848325622974,1.01425153280646e-25,2.60963196534088e-25
"FGLBJAKE_00359",57.852982794099,4.90309772816545,0.468510207367949,10.4652954216529,1.24686986171169e-25,3.20241642766702e-25
"FGLBJAKE_00235",392.242605241156,-1.26687501190927,0.121434093310544,-10.4326139173245,1.75979399652154e-25,4.51172876539064e-25
"FGLBJAKE_00758",506.717637962297,-1.04040550802981,0.0997513335143922,-10.4299909722982,1.80905482801376e-25,4.63388910491225e-25
"FGLBJAKE_01043",341.821226386136,-1.17618873110755,0.113065361764313,-10.4027326561723,2.40923126683679e-25,6.15478280967906e-25
"FGLBJAKE_02270",439.512237844284,-1.14013748160764,0.109931463494705,-10.3713481596882,3.34768037962045e-25,8.5219073614076e-25
"FGLBJAKE_01021",1612.22643417689,2.44760430003667,0.237171769169711,10.3199647605835,5.72441638825986e-25,1.44823703343828e-24
"FGLBJAKE_00442",415.714090056368,1.08100633259593,0.104750251035197,10.3198447919013,5.73157341180369e-25,1.44877238219207e-24
"FGLBJAKE_02173",561.657428772145,-1.00078254980494,0.0974573196971524,-10.2689315991335,9.72759576822875e-25,2.45022876756261e-24
"FGLBJAKE_02195",379.453739863596,-1.09912936202023,0.107275842647846,-10.2458236159313,1.23567933070839e-24,3.10975691458487e-24
"FGLBJAKE_03053",288.477118554194,-1.31270927946896,0.128433317942378,-10.2209403330833,1.59783284263709e-24,4.01764793502975e-24
"FGLBJAKE_00348",55.2435316703715,3.49120682897867,0.343308469252808,10.1693000367194,2.71855201607105e-24,6.79401608190278e-24
"FGLBJAKE_00576",137.334288862278,-1.90543456922603,0.18751811904747,-10.1613357626719,2.95006665743187e-24,7.36619598041634e-24
"FGLBJAKE_02665",519.127460581737,1.01832668703552,0.100316077407361,10.1511812797497,3.27376479713868e-24,8.16736113452828e-24
"FGLBJAKE_02049",771.524255103287,1.02100749462139,0.100904348908869,10.1185677888225,4.57054482907244e-24,1.13926676832213e-23
"FGLBJAKE_00893",73.0776720567314,2.85753385743751,0.282445800456801,10.1171051324396,4.6393450403769e-24,1.15541400745608e-23
"FGLBJAKE_01020",118.886608194361,1.86804726411885,0.185112978895834,10.0913900001038,6.03093871555016e-24,1.49938735886602e-23
"FGLBJAKE_02165",169.552006169761,1.56277908593562,0.154885152259001,10.0899218752894,6.12182210564761e-24,1.52066696038299e-23
"FGLBJAKE_00885",438.917149889655,1.03510250391667,0.10281698148896,10.067427470897,7.69648339837194e-24,1.90687011094146e-23
"FGLBJAKE_02490",58.9148718658772,5.53188168951307,0.549798145243132,10.0616594242361,8.16109695368152e-24,2.02024053788809e-23
"FGLBJAKE_02978",161.745928673656,-1.65431352310124,0.164515438421572,-10.0556734308549,8.67264299427405e-24,2.1450237491862e-23
"FGLBJAKE_01244",161.207743542813,1.57723205084171,0.15703460824663,10.0438500051186,9.77815158113499e-24,2.41429618936271e-23
"FGLBJAKE_00583",335.003202468293,-1.12751920096573,0.112366349332817,-10.0343137216832,1.07705755950817e-23,2.65705015109569e-23
"FGLBJAKE_01421",83.8681259834755,2.29505746752605,0.230032932422427,9.9770821653982,1.92030776975812e-23,4.73324573780861e-23
"FGLBJAKE_02395",128.50563048279,-1.81243585650128,0.182946437977859,-9.906920716984,3.88433472953635e-23,9.52523721219068e-23
"FGLBJAKE_02739",313.891008024201,1.18054663069644,0.119940090637419,9.84280255602986,7.36306265630551e-23,1.79638727285416e-22
"FGLBJAKE_02338",220.104553547939,1.38277811155919,0.140574671488598,9.83660923348737,7.83055575054572e-23,1.90558994302019e-22
"FGLBJAKE_00952",131.265316347505,-1.76891599958682,0.180520263629883,-9.79898856791834,1.1371859386982e-22,2.76036519241438e-22
"FGLBJAKE_01635",128.44657509646,-1.80458164250925,0.184271031503378,-9.79308374076241,1.20561698804397e-22,2.92400272036993e-22
"FGLBJAKE_01576",550.76504131519,-1.06385049380317,0.108860940418334,-9.77256387566544,1.4766699509226e-22,3.57837220822222e-22
"FGLBJAKE_01497",149.795369009445,1.57621666107095,0.161372078481749,9.7675922371491,1.5509405242531e-22,3.75518371247128e-22
"FGLBJAKE_00076",461.197000097864,-1.08723677076029,0.111923393586618,-9.71411548488189,2.62518316052961e-22,6.33482485588758e-22
"FGLBJAKE_00370",49.5874674897866,4.94540186520532,0.509819283655613,9.7003036639665,3.00602629748101e-22,7.24167609300959e-22
"FGLBJAKE_02340",153.843663123594,-1.62816189578904,0.167871507400586,-9.69885790030947,3.04892290696148e-22,7.33886468560076e-22
"FGLBJAKE_02626",54.8367031119761,-3.27488659640299,0.337896967355077,-9.69196800444082,3.26181904881259e-22,7.84474305128652e-22
"FGLBJAKE_01262",373.477514266225,-1.06518779390888,0.109939460983248,-9.68885770752679,3.3626843195753e-22,8.080564159247e-22
"FGLBJAKE_00545",105.945100251212,1.92052201485843,0.198416821084689,9.67922983726621,3.69488829604113e-22,8.87143605916641e-22
"FGLBJAKE_02773",86.2869404901896,-2.20500309164592,0.229991673761869,-9.58731703448082,9.04052616486271e-22,2.15801264101457e-21
"FGLBJAKE_01516",310.035032228397,-1.14583085266445,0.119592764734239,-9.58110513801352,9.60120145706072e-22,2.28994630602428e-21
"FGLBJAKE_00047",681.087838634614,1.048652118057,0.10985698111875,9.54561200733757,1.35306312893458e-21,3.21912535807779e-21
"FGLBJAKE_01580",123.66720091167,-1.91221253645237,0.201194599650902,-9.50429355345669,2.01410414630937e-21,4.78391348470507e-21
"FGLBJAKE_02731",215.71774050724,-1.29480078662722,0.136388368559253,-9.49348394078569,2.23438912591282e-21,5.29837817481308e-21
"FGLBJAKE_00866",431.541481650592,1.36998064096269,0.144457761088361,9.48360704638574,2.45641808106644e-21,5.81527641267294e-21
"FGLBJAKE_01727",77.8447806680255,-2.36295824319869,0.251269153199847,-9.40409203878406,5.24813502468037e-21,1.23632295581405e-20
"FGLBJAKE_01439",300.579868246437,1.12342139646979,0.119606407845957,9.39265225586127,5.85080470175743e-21,1.37604032020056e-20
"FGLBJAKE_02119",471.227039633973,-1.30844611289864,0.139493892028638,-9.37995272674751,6.60023141794235e-21,1.54976022019333e-20
"FGLBJAKE_00953",113.21198365793,-1.86963726379246,0.199449796900166,-9.37397426746091,6.98516304660468e-21,1.63880478334219e-20
"FGLBJAKE_01411",177.798466380745,1.39015304769768,0.148364482579209,9.36985067807924,7.26352142516053e-21,1.7027210910205e-20
"FGLBJAKE_02914",397.70232160712,-1.0805313274921,0.116132756032227,-9.30427697067876,1.34907064785734e-20,3.14710149508278e-20
"FGLBJAKE_00188",236.639058415368,-1.22889688862895,0.132804113936442,-9.25345497366955,2.17350966569374e-20,5.05802978073183e-20
"FGLBJAKE_00363",44.3038225266498,4.93238995443462,0.533315556871545,9.24853942639187,2.27581114753031e-20,5.29181329935445e-20
"FGLBJAKE_00208",333.661764233695,-1.04774889060101,0.11345633619363,-9.23482042301163,2.58719625105069e-20,6.01099597859311e-20
"FGLBJAKE_02481",41.5180615056982,4.17285795061756,0.452606516483361,9.21961526988082,2.9816810936266e-20,6.91634500652368e-20
"FGLBJAKE_01452",72.9520679857656,2.29144207540559,0.249440708967584,9.18631960632929,4.06512021946506e-20,9.4143074220327e-20
"FGLBJAKE_02116",873.99126879988,-1.03635287062308,0.113424799596813,-9.13691603870552,6.42586299655604e-20,1.48217738780915e-19
"FGLBJAKE_00015",144.184617168401,1.51438857123107,0.165954477377397,9.12532518051442,7.15212185321079e-20,1.64837194916823e-19
"FGLBJAKE_01501",112.60877090211,1.78381158979465,0.195603501197862,9.11952791678427,7.54522758238341e-20,1.7361876758823e-19
"FGLBJAKE_01664",370.194070860803,1.01892842739773,0.111935502976719,9.10281725012353,8.80184509358062e-20,2.02210254188255e-19
"FGLBJAKE_01268",189.855692794534,1.31029099078429,0.144091152980436,9.09348675252948,9.59127460918438e-20,2.20170313313066e-19
"FGLBJAKE_00684",334.728196264604,-1.05971370471171,0.117050950661536,-9.05343953827405,1.38534340425373e-19,3.17755542204726e-19
"FGLBJAKE_00343",41.8565993558827,4.8492732782389,0.536566295967832,9.03760320892317,1.6014448547812e-19,3.67029705952245e-19
"FGLBJAKE_01863",407.8807230212,-1.02788583595303,0.114178020864466,-9.00248426247613,2.20666830052121e-19,5.04531797589335e-19
"FGLBJAKE_02247",180.071749263932,1.3418924497581,0.15011946168654,8.93883067979595,3.9330994990106e-19,8.94282275328834e-19
"FGLBJAKE_00060",48.4186261565967,-3.07398884862971,0.345172591344086,-8.90565741810422,5.30705857213894e-19,1.20382686158858e-18
"FGLBJAKE_00863",2093.47890108252,1.76487125972875,0.198359784495721,8.8973239420253,5.72093369457973e-19,1.29566299749583e-18
"FGLBJAKE_00947",187.223254427857,1.35243520512166,0.152758141993182,8.85344105050732,8.48615136480278e-19,1.91588366240716e-18
"FGLBJAKE_00171",158.302876700351,1.38546469814717,0.156784827340277,8.83672688008407,9.85637053461618e-19,2.22174187580289e-18
"FGLBJAKE_01191",256.762640157475,1.13142187772137,0.12823980805913,8.82270407952954,1.11728321270334e-18,2.51651406999168e-18
"FGLBJAKE_01019",112.97028044736,1.62225167197448,0.185432353919629,8.74848233160866,2.16241218214365e-18,4.8552911027194e-18
"FGLBJAKE_02498",45.1118098808653,2.95837118046774,0.33822266921747,8.74681518927274,2.19458688871581e-18,4.92368674330151e-18
"FGLBJAKE_00957",209.534867708067,-1.22279232104697,0.141129410955189,-8.66433376835412,4.54161020604492e-18,1.01261347805842e-17
"FGLBJAKE_01243",156.106796978326,1.41288494388951,0.163793718711444,8.62600199204583,6.35339142139938e-18,1.41547650737223e-17
"FGLBJAKE_02639",87.9704185123479,-2.01031179591253,0.233302835183463,-8.61674824625116,6.88823583470034e-18,1.53344614941354e-17
"FGLBJAKE_03040",99.1444797893225,1.72883394024553,0.201323793736639,8.587330430039,8.90133567963371e-18,1.97700453966517e-17
"FGLBJAKE_00544",138.341602812272,1.4320151840811,0.167377898185165,8.55558111081614,1.17276432109214e-17,2.60071347131081e-17
"FGLBJAKE_01911",400.820617663442,-1.03355887529777,0.120898686878324,-8.54896692416493,1.24195098488501e-17,2.75201783389322e-17
"FGLBJAKE_02592",332.755564912933,1.02164705380038,0.119565122372073,8.54469124048678,1.2888037694123e-17,2.8536379301163e-17
"FGLBJAKE_00101",228.491880340246,-1.13339475544639,0.132646901641559,-8.54444952290765,1.29150397695289e-17,2.85741526540616e-17
"FGLBJAKE_01367",64.5263321724444,2.17106475257184,0.254110406566438,8.54378528572462,1.29895289991146e-17,2.87168510334271e-17
"FGLBJAKE_01121",77.1359120968972,1.98144122529262,0.232097362835734,8.53711218896948,1.37617922659006e-17,3.04007617003831e-17
"FGLBJAKE_01408",277.356379609704,1.06911941615524,0.125497439422418,8.51905362432641,1.60862354386368e-17,3.54810749429334e-17
"FGLBJAKE_02501",157.655834217829,1.37085504849286,0.161077498015073,8.51053105111293,1.73138531424319e-17,3.81302788745972e-17
"FGLBJAKE_02581",93.765854106532,-1.83296599625552,0.216968113737122,-8.44808928226353,2.96108904128554e-17,6.49631290431651e-17
"FGLBJAKE_02341",143.251606267845,-1.51561727093959,0.179417949219808,-8.44741163038699,2.9783214374311e-17,6.52913486741188e-17
"FGLBJAKE_02448",34.7311525912504,3.89688221046581,0.46369921075177,8.40390089115746,4.31887220061032e-17,9.43911688559244e-17
"FGLBJAKE_02640",59.1875738575056,-2.34638390345762,0.279357050457756,-8.39922922873372,4.49418744769556e-17,9.81481362057525e-17
"FGLBJAKE_00182",125.270427233773,-1.52715719538953,0.181919819622677,-8.39467188653237,4.67197079323242e-17,1.01953257856871e-16
"FGLBJAKE_02260",212.567650173719,1.14308895852251,0.137087402022065,8.33839537157855,7.53054198235508e-17,1.63465088045986e-16
"FGLBJAKE_02392",129.580673560902,-1.48409558663885,0.178503255179421,-8.3141093709867,9.24438681882057e-17,2.00515982772002e-16
"FGLBJAKE_01517",125.39727099543,-1.47680811252717,0.178416934750253,-8.27728665215774,1.26013626728284e-16,2.72508023489156e-16
"FGLBJAKE_01502",94.7319927517022,1.70602797262839,0.206745836316164,8.25181296526554,1.56009454778161e-16,3.36614994769095e-16
"FGLBJAKE_01753",203.534100864448,-1.236851757708,0.150708239516503,-8.20692857720337,2.26918458987524e-16,4.87781339663533e-16
"FGLBJAKE_01942",132.856536888571,1.46746593921997,0.179446797228211,8.17772154135317,2.89261277319852e-16,6.20864011215277e-16
"FGLBJAKE_01444",112.95567775151,1.49670876455925,0.183579183964974,8.15293287742698,3.55202784003972e-16,7.61830448677177e-16
"FGLBJAKE_00831",64.6509480926588,-2.10496641590358,0.25847881578748,-8.14367092131168,3.83470549329912e-16,8.21845159413995e-16
"FGLBJAKE_01644",99.5968821303844,-1.6617970415916,0.204557882567008,-8.12384749361704,4.51633195387397e-16,9.66488312392688e-16
"FGLBJAKE_01246",86.8815916747497,1.7645789327901,0.218334938031078,8.08198151291265,6.37227671533345e-16,1.35759253371893e-15
"FGLBJAKE_02932",67.4929244484593,1.96641238576715,0.243381943623386,8.07953275617693,6.50153966606412e-16,1.38410555557543e-15
"FGLBJAKE_01574",199.237057910865,-1.11966297916234,0.139519435254691,-8.02513984606097,1.01410351274038e-15,2.15253581655529e-15
"FGLBJAKE_02080",113.671663624859,-1.47546241921933,0.18520604809345,-7.96659954903225,1.63100108482493e-15,3.44415658911597e-15
"FGLBJAKE_00193",123.388404979614,1.42004621697328,0.18009472358115,7.8849962327376,3.14545005821516e-15,6.61787955147173e-15
"FGLBJAKE_00384",47.880566724585,2.39648053559573,0.304156669759832,7.87909907577576,3.2974995947761e-15,6.93270946260901e-15
"FGLBJAKE_00595",241.171862127217,1.05190239151131,0.133881530640422,7.85696418676676,3.9355531718977e-15,8.25604366133868e-15
"FGLBJAKE_02344",123.013162056195,-1.41136658803264,0.180938535999536,-7.80025426997078,6.17825615667086e-15,1.28949224359274e-14
"FGLBJAKE_00272",88.7729993764239,1.58301671669034,0.205587989669783,7.69994744942539,1.36122199549526e-14,2.81045403380271e-14
"FGLBJAKE_02482",45.755032824303,2.38655259532252,0.310108076607266,7.69587371419852,1.40530555420225e-14,2.89938848727729e-14
"FGLBJAKE_01406",60.1468897753518,2.03033953560684,0.264146487854442,7.68641503469717,1.51315094279062e-14,3.11741635095358e-14
"FGLBJAKE_02472",41.0821845891977,2.61835454234236,0.341229446354845,7.67329598987636,1.67632057248207e-14,3.44863659650213e-14
"FGLBJAKE_01247",59.5741375382969,1.98761187342305,0.2596615533549,7.65462521402399,1.93876828377466e-14,3.9800143196917e-14
"FGLBJAKE_02474",47.7491727977843,2.3183621364262,0.303041157227337,7.65032102450361,2.00478188603498e-14,4.10965987194331e-14
"FGLBJAKE_02495",32.1944806450211,5.33054650844382,0.697741516085925,7.63971526066878,2.17702648977798e-14,4.45322002250671e-14
"FGLBJAKE_02339",210.583159877768,-1.03542048034467,0.135677280214046,-7.63149496150853,2.32046912175601e-14,4.73989215062316e-14
"FGLBJAKE_00905",31.4360087580149,-3.65941116063683,0.481897312745076,-7.59375714255677,3.10760584803369e-14,6.32077792445068e-14
"FGLBJAKE_00861",1147.97521794664,1.52055324884284,0.20043331188007,7.58633000961768,3.29093610720656e-14,6.68893237065888e-14
"FGLBJAKE_02941",69.0074916748778,1.91650872374142,0.257480667119785,7.4433111626584,9.8192429133939e-14,1.98038625495397e-13
"FGLBJAKE_01504",191.909357702556,1.04863796553601,0.141081772764926,7.43283802708718,1.06292028922045e-13,2.14073784948814e-13
"FGLBJAKE_00886",88.8267718439334,1.53543540627507,0.20740114451637,7.40321568550399,1.32925583317257e-13,2.67339486671656e-13
"FGLBJAKE_02660",124.924423651829,1.2975430642195,0.175343237625452,7.4000177126372,1.36166333794875e-13,2.73665764563966e-13
"FGLBJAKE_02992",177.676826705764,1.07424440112009,0.146027798107068,7.35643771285558,1.88882955331238e-13,3.78292413673851e-13
"FGLBJAKE_00944",50.2805050993319,2.1566256472013,0.293500788412121,7.34793817375735,2.01287558392851e-13,4.02575116785702e-13
"FGLBJAKE_01676",84.3056127988421,-1.67236783713209,0.227866043864452,-7.33925866605606,2.14780164355924e-13,4.29261608038196e-13
"FGLBJAKE_02146",163.178754412149,-1.17423876483948,0.16079443037156,-7.30273282554671,2.81980771934068e-13,5.62006060012836e-13
"FGLBJAKE_01853",58.6045841264229,-1.92726659263253,0.265342563592112,-7.26331488827832,3.77717232344866e-13,7.50732590428177e-13
"FGLBJAKE_02022",109.059513934646,-1.38909042439169,0.191395221424,-7.2577069273554,3.93707422024417e-13,7.81973138146632e-13
"FGLBJAKE_02060",80.6962942908816,-1.61324558222803,0.222819470526248,-7.24014637687593,4.4820074160255e-13,8.88977868437357e-13
"FGLBJAKE_01093",64.6068082226671,-1.85238736888797,0.259123717135631,-7.1486600661814,8.76290297625885e-13,1.72733766486749e-12
"FGLBJAKE_02645",89.3446201818825,1.63964316131507,0.22984283383687,7.13375802910089,9.76649615329265e-13,1.92384578098445e-12
"FGLBJAKE_00680",113.899027785876,1.2695636414322,0.178038172889691,7.13085076546364,9.97504258683037e-13,1.96358030099661e-12
"FGLBJAKE_02343",39.528662266593,-2.48631389335252,0.349050687652559,-7.12307404426994,1.05546080237116e-12,2.07624527447961e-12
"FGLBJAKE_01320",114.470980691489,1.28491046207206,0.181291616452781,7.08753381547967,1.36522951263804e-12,2.68010219899025e-12
"FGLBJAKE_00578",64.5383614557413,-1.75895682190214,0.249413686671561,-7.05236687439056,1.75899676453982e-12,3.43201405382718e-12
"FGLBJAKE_02772",125.289051359182,-1.24132354085232,0.176082095515995,-7.0496863250901,1.79321566135178e-12,3.49403512591527e-12
"FGLBJAKE_00364",23.9748289398927,4.1861190130522,0.596617340799222,7.01642196226565,2.27621940616304e-12,4.42615329723448e-12
"FGLBJAKE_02447",27.8150986865632,5.44055792347542,0.781227642868331,6.96411343497785,3.30478251119879e-12,6.39592251662312e-12
"FGLBJAKE_02484",36.0924779091233,2.3865860008481,0.349010245950864,6.83815454857477,8.02198304459608e-12,1.53803730955098e-11
"FGLBJAKE_02905",34.4064164846592,2.50569913411372,0.371776831290058,6.73979366981799,1.58611706203141e-11,3.01488124092479e-11
"FGLBJAKE_01480",103.83818989696,-1.34119752142204,0.199997671574842,-6.70606567997041,1.99941757023317e-11,3.78795392013851e-11
"FGLBJAKE_01634",91.8933799054159,-1.3690371814437,0.204220073892772,-6.70373462974322,2.03159066336484e-11,3.8463712559358e-11
"FGLBJAKE_01859",98.794542418835,-1.29552541213867,0.194342087835346,-6.66621124929093,2.62491362806672e-11,4.95338264416531e-11
"FGLBJAKE_01642",78.5923870729835,-1.49040087773755,0.223944533910862,-6.65522328993652,2.82870272285894e-11,5.3309453281945e-11
"FGLBJAKE_02483",50.9764357678958,1.96681250726873,0.297459620856847,6.61203191748591,3.7908023705011e-11,7.12076209988246e-11
"FGLBJAKE_01826",50.9409400243187,-1.84227048387614,0.28114315465207,-6.55278442100448,5.64740165721572e-11,1.0566817944556e-10
"FGLBJAKE_02363",22.705158780264,-4.11409233942701,0.631726472373985,-6.51245834920694,7.39307179094429e-11,1.37972002124506e-10
"FGLBJAKE_00903",40.5212051183085,-2.11340735105767,0.325577858235044,-6.49125024199876,8.51269438090317e-11,1.58660724064304e-10
"FGLBJAKE_01471",31.3418505526511,2.39544075877375,0.369659726518121,6.48012371089693,9.16474431787835e-11,1.70592455761544e-10
"FGLBJAKE_02360",114.932051314303,1.16495846090105,0.180033897459843,6.47077287854023,9.75028978860770e-11,1.81257004220301e-10
"FGLBJAKE_03007",163.756199001296,1.05840540832958,0.163589102690421,6.46990166779336,9.80667136112384e-11,1.8206959620071e-10
"FGLBJAKE_02237",40.263519079372,-2.10883328083584,0.327526204776989,-6.4386704027903,1.20524599303131e-10,2.23044235928653e-10
"FGLBJAKE_02298",145.089512057208,-1.0940302423987,0.170028008882345,-6.43441189242966,1.23952313003384e-10,2.29092570785676e-10
"FGLBJAKE_01482",30.9639047376324,-2.80191656814815,0.438699494954719,-6.38686982859956,1.6931564476059e-10,3.12131599128888e-10
"FGLBJAKE_02470",24.7876085035318,2.7933105742969,0.442063436225205,6.318800301941,2.63601646406851e-10,4.83465942420734e-10
"FGLBJAKE_00860",1300.46903772512,1.23328360943923,0.196199541718465,6.28586386409057,3.26035561756883e-10,5.96831977381708e-10
"FGLBJAKE_03018",131.370058084742,1.07331682180248,0.171082330280829,6.27368600860562,3.52599232584827e-10,6.45047864066705e-10
"FGLBJAKE_00892",93.4306005113932,1.31852144661334,0.210470134149674,6.26464867303064,3.73666902755021e-10,6.82720075345157e-10
"FGLBJAKE_00337",20.1606678797036,4.96334751392808,0.795782805060878,6.23706303072027,4.45862374348136e-10,8.12045921341282e-10
"FGLBJAKE_00668",58.0598498973824,-1.70278976494983,0.275207415794547,-6.18729608006285,6.12049435990635e-10,1.10770156110648e-09
"FGLBJAKE_02491",20.8848593627469,5.44386704709213,0.897632576026547,6.06469416605835,1.32204977252943e-09,2.37770403394843e-09
"FGLBJAKE_01631",86.9194777341633,-1.2798503669848,0.211943567418728,-6.03863746643583,1.55420990081778e-09,2.77958883319868e-09
"FGLBJAKE_00691",94.6578259019723,1.189772462391,0.199278522459176,5.97039985899503,2.36672815394648e-09,4.21697254460148e-09
"FGLBJAKE_02216",114.129939999188,-1.12754669005385,0.189145748493413,-5.96125844241814,2.50302722944423e-09,4.45430356496762e-09
"FGLBJAKE_01036",54.4665268430197,-1.58848391778725,0.266960784814862,-5.95025190268627,2.67730113908429e-09,4.75854265536688e-09
"FGLBJAKE_01503",93.3499678649756,1.23734977779514,0.208014414878021,5.94838477189535,2.708014201725e-09,4.81015625201339e-09
"FGLBJAKE_00346",21.9867232421928,3.06640171206632,0.517772065420808,5.92230040370017,3.17469010729072e-09,5.63213541256391e-09
"FGLBJAKE_02616",17.2590153444511,3.87829054305506,0.667985775365712,5.80594780020841,6.40029012893963e-09,1.12918562495841e-08
"FGLBJAKE_00564",72.2013336941592,-1.43462270580406,0.248027115848905,-5.78413654851357,7.28857217116607e-09,1.2827529957092e-08
"FGLBJAKE_01410",58.0275751470137,1.44296662838222,0.251053506916629,5.7476457752148,9.04945712647081e-09,1.58296651134979e-08
"FGLBJAKE_02732",64.3898121598301,-1.39258315347391,0.24367437230864,-5.71493481353898,1.09746085623065e-08,1.91273650746325e-08
"FGLBJAKE_02896",37.5996850716813,-1.89362863432928,0.333383755862899,-5.68002669904533,1.34673718206889e-08,2.34009834417533e-08
"FGLBJAKE_02827",70.8283954374334,-1.28855508564694,0.229829079226928,-5.60657985482617,2.06363786051443e-08,3.56852900789319e-08
"FGLBJAKE_02617",23.4834640021345,2.47720488537172,0.450447425888675,5.49943177160911,3.81017100487382e-08,6.54930111722928e-08
"FGLBJAKE_00529",44.2607532564445,1.5851588059334,0.290602169730479,5.45473837102993,4.90450027267279e-08,8.42027107745614e-08
"FGLBJAKE_02551",79.5563793196261,1.12599924757837,0.209853597406626,5.36564186410662,8.06618517623809e-08,1.3733540400775e-07
"FGLBJAKE_01835",55.9099519764988,1.47969131868963,0.278129129848647,5.32015945073733,1.03676345663755e-07,1.75687392357095e-07
"FGLBJAKE_01278",54.6060705362031,1.35752648113259,0.255221572264238,5.31901151258134,1.04332534468838e-07,1.76695170337914e-07
"FGLBJAKE_01590",40.7794020570665,1.62561456875123,0.305875770469646,5.3146235357421,1.06878054728556e-07,1.80899604999923e-07
"FGLBJAKE_00377",14.2896146218186,4.88688412473617,0.925693675086939,5.27915903095827,1.29778133434843e-07,2.18757979760551e-07
"FGLBJAKE_01464",55.8296319389566,1.33018278929164,0.252109664568998,5.27620704888761,1.31885073426367e-07,2.22179191692485e-07
"FGLBJAKE_02555",34.9462219568574,-1.76749075958759,0.335535258258419,-5.26767520278397,1.38162277148677e-07,2.32617682791621e-07
"FGLBJAKE_01495",18.5721580296509,2.81066472753132,0.534113203884745,5.26230152538567,1.42263202302729e-07,2.39241921251049e-07
"FGLBJAKE_02180",81.4066596924239,1.09789081600815,0.20974321335509,5.23445215912395,1.65474922742206e-07,2.77626928173438e-07
"FGLBJAKE_01523",126.619407504681,-1.00508485825606,0.192356507085668,-5.22511493623888,1.74046963397711e-07,2.9183837386524e-07
"FGLBJAKE_01636",72.662433596408,-1.14778691491237,0.223370767996046,-5.13848309342201,2.76965106926077e-07,4.62251868353974e-07
"FGLBJAKE_02826",59.62718939887,-1.26213042296282,0.2473293348887,-5.10303568936044,3.34247936906804e-07,5.55597785234329e-07
"FGLBJAKE_01858",37.6348835740257,-1.5878432563934,0.317118084974674,-5.00710407771356,5.52550530278508e-07,9.12661048287605e-07
"FGLBJAKE_02040",70.5515490770724,1.22184035404252,0.244114249937867,5.00519881307014,5.58044041494943e-07,9.2120538498361e-07
"FGLBJAKE_01077",78.8820647072349,-1.06081628639263,0.212851529351029,-4.98383210882718,6.23371741055312e-07,1.02727659621156e-06
"FGLBJAKE_00019",52.9067480681379,1.29129023972781,0.261662984765969,4.93493659748145,8.01768010604683e-07,1.31748499855795e-06
"FGLBJAKE_02904",26.9861374694033,1.88151097529859,0.382090752912537,4.92425153175398,8.468385257401e-07,1.38916319804626e-06
"FGLBJAKE_02492",7.22835522709077,6.39053335788366,1.30446293872343,4.8989765582283,9.63371359646643e-07,1.57672510684764e-06
"FGLBJAKE_00969",44.1304934491628,-1.46368892690652,0.299643905144149,-4.88476121749377,1.03554272551761e-06,1.69291797106804e-06
"FGLBJAKE_02557",21.7624211442485,2.2539179375025,0.461927354820007,4.87937749081943,1.06421202992532e-06,1.73879782490357e-06
"FGLBJAKE_00530",21.4856342441307,2.0350653046973,0.424507866359752,4.79394015038738,1.63537081313612e-06,2.65389933198939e-06
"FGLBJAKE_01450",65.1706712555338,1.12480511103752,0.236712606153097,4.75177528276647,2.01638398095657e-06,3.26852090314111e-06
"FGLBJAKE_03074",71.5277793363992,-1.04619910457165,0.222894068938,-4.69370544293245,2.68300280124927e-06,4.32956207231354e-06
"FGLBJAKE_02614",28.2980011416607,1.68023234899403,0.358414643464364,4.68795675520745,2.75946309223422e-06,4.45044720936091e-06
"FGLBJAKE_01581",35.4321555058372,-1.57316469487006,0.338335176987717,-4.6497225292278,3.32381888670611e-06,5.34863128801421e-06
"FGLBJAKE_01298",30.8238754423215,1.64121788438488,0.353821937029057,4.63854191225598,3.5087578684226e-06,5.63991617105512e-06
"FGLBJAKE_01643",19.6574796726446,-2.27966169821933,0.500267288470567,-4.55688738951687,5.19172402531545e-06,8.31381934582375e-06
"FGLBJAKE_01974",47.3793280262782,1.22586950496915,0.270596633192048,4.53024670155125,5.89148509582774e-06,9.42244193957091e-06
"FGLBJAKE_02235",45.5454339069012,-1.32128099435486,0.292697963244272,-4.5141448191499,6.35727666178136e-06,1.01560940110948e-05
"FGLBJAKE_01630",27.8120572311298,-1.69129040021003,0.376369629695726,-4.49369520483717,6.99977966833413e-06,1.11701092541878e-05
"FGLBJAKE_01910",37.7863621737558,-1.46711923121261,0.32947909139329,-4.452844716211,8.47400401638354e-06,1.3485209049328e-05
"FGLBJAKE_00844",59.8484619994847,1.09903019707271,0.247166877896831,4.44651082064262,8.72762728447128e-06,1.3865782650951e-05
"FGLBJAKE_01347",36.1242430601083,-1.47329882325703,0.334352563933097,-4.40642298634156,1.0509164895805e-05,1.66409586283987e-05
"FGLBJAKE_02469",14.233878150833,2.5928829784745,0.590039605007367,4.39442192773167,1.11067910313348e-05,1.75679237336577e-05
"FGLBJAKE_01595",35.3065991136024,1.40029696063397,0.319759144930126,4.37922412176815,1.19102593257481e-05,1.88180787807587e-05
"FGLBJAKE_00725",54.3658524778907,-1.11272905929286,0.254584805209985,-4.37075990601664,1.2381487847618e-05,1.95304039923458e-05
"FGLBJAKE_01641",16.7747068837481,2.13750217625233,0.489534487104764,4.36639753185537,1.26312502248459e-05,1.9902529137175e-05
"FGLBJAKE_02939",24.9951132674048,1.67599837864252,0.384521695632781,4.35865751575979,1.30862717763623e-05,2.05969031135078e-05
"FGLBJAKE_00177",43.8777690122552,-1.23876752092621,0.286020904373155,-4.33103840308839,1.4840779274839e-05,2.33073222054029e-05
"FGLBJAKE_00046",17.1478695883956,-2.12244118762327,0.491818155846227,-4.31549987001066,1.59242145686887e-05,2.49951898800718e-05
"FGLBJAKE_01386",13.8370927219535,2.40914596721521,0.559515978299383,4.30576795060915,1.66407426036728e-05,2.60913771101777e-05
"FGLBJAKE_01208",38.4685516120406,-1.29752348027499,0.302919882032918,-4.28338830573687,1.84068520891042e-05,2.87819874342141e-05
"FGLBJAKE_00979",42.8711081878116,-1.26104007306805,0.296277982832853,-4.25627331808679,2.07862578290639e-05,3.23617036840355e-05
"FGLBJAKE_00940",24.030628288542,-1.65098011175377,0.393894687703496,-4.19142517859126,2.77207609105586e-05,4.30180706570979e-05
"FGLBJAKE_00562",61.6662584094865,-1.0076327549011,0.244764111941084,-4.11675039657626,3.84251826052387e-05,5.91504953441114e-05
"FGLBJAKE_01545",52.4995712228126,-1.09376872329704,0.266966678378626,-4.09702338111949,4.18496647468218e-05,6.42156628309481e-05
"FGLBJAKE_01372",33.3490081091682,-1.41182606994586,0.349480473480881,-4.03978527293341,5.35001595699452e-05,8.16066496491133e-05
"FGLBJAKE_01422",17.3948796193214,1.86263525160106,0.462352382931317,4.02860528108872,5.61087328796335e-05,8.55018548759633e-05
"FGLBJAKE_02141",9.51111307269946,-2.97938790048371,0.756078803461963,-3.9405785307584,8.12853342429427e-05,0.000122890084489331
"FGLBJAKE_01675",36.0857286509282,-1.25853223409401,0.321446468219042,-3.91521562226783,9.03234498276872e-05,0.000136053246753026
"FGLBJAKE_02985",15.32815404084,1.98119019135436,0.508395687714676,3.89694531096467,9.74136056537956e-05,0.000146502722474625
"FGLBJAKE_01539",31.44732260216,1.34293830515003,0.345816706585133,3.88338180191254,0.000103013619337161,0.000154762750640356
"FGLBJAKE_00528",18.6856031981332,1.71894800702321,0.445568173290786,3.85787879400756,0.000114375338579379,0.000171294800978184
"FGLBJAKE_01397",30.645205720692,1.29511001874994,0.339205318202679,3.8180710892513,0.000134499172884829,0.000200909887147089
"FGLBJAKE_01472",39.7562565258178,1.16003196303142,0.306177011672629,3.78876244396738,0.000151399598560572,0.000225218657486068
"FGLBJAKE_01352",35.5226256558784,-1.19019340795396,0.320075895686422,-3.71847247479077,0.000200431126987632,0.000296011849415444
"FGLBJAKE_02725",45.0977947477072,-1.02233949716843,0.275912379246438,-3.70530492310858,0.00021113657720677,0.000311182832252439
"FGLBJAKE_02862",34.239264359769,1.21480150295225,0.328223592194454,3.70114011253812,0.000214632912637204,0.000316011778134899
"FGLBJAKE_00291",37.6139874163251,-1.13758778510602,0.3098203940102,-3.6717653424344,0.000240880807859662,0.000353209919279933
"FGLBJAKE_02250",23.4351299091328,1.51426312733004,0.415196000596218,3.64710431978048,0.000265212269361806,0.000388293460084478
"FGLBJAKE_01585",20.464256097089,1.52180972993448,0.41808733235977,3.63993264599786,0.00027270936602993,0.000398863469704845
"FGLBJAKE_01851",23.4931006439435,-1.43373918450696,0.395693739028399,-3.62335574989741,0.000290805414788996,0.000424251148275926
"FGLBJAKE_02318",47.3279394211176,1.00098830740514,0.278060664218004,3.59989180857436,0.000318349611187669,0.000463493810817306
"FGLBJAKE_02620",31.3301821196838,-1.29733365802546,0.361427582399553,-3.58947053628926,0.000331350277828233,0.000481933551861509
"FGLBJAKE_01010",7.61071120143123,2.84302736643131,0.801646502011179,3.54648508949853,0.000390406834614555,0.000565824126415648
"FGLBJAKE_01433",14.5297497518661,1.79582913897306,0.519898498096032,3.45419181926806,0.000551944643254204,0.000795132283063951
"FGLBJAKE_02730",34.7045744320711,-1.08705083029635,0.314854850393352,-3.45254592374321,0.000555322939477047,0.000799598260549616
"FGLBJAKE_03032",31.8324914406374,1.13481845378133,0.339019505858138,3.34735445651965,0.000815868169331031,0.00116136954861683
"FGLBJAKE_00579",18.9136967494508,-1.53535176154384,0.460027888323411,-3.33751887769129,0.000845299794834643,0.00120088562054116
"FGLBJAKE_02728",12.6340389971681,-1.92456535066226,0.578980595591474,-3.32405846640881,0.000887175943423035,0.00125851118529013
"FGLBJAKE_03045",41.0348468211541,-1.00066375186842,0.301645335943764,-3.31735197806929,0.000908750541281558,0.00128784470199369
"FGLBJAKE_02556",23.0302949053021,-1.28394178045602,0.390368885877562,-3.289047428997,0.00100527082024554,0.0014204269112024
"FGLBJAKE_02345",30.2899588355622,-1.1175233850612,0.34379753142886,-3.25052765916222,0.00115191062827787,0.00162124933676328
"FGLBJAKE_01493",23.8463477081467,-1.21191936421436,0.385297832179001,-3.1454092470765,0.00165854643238856,0.00231391380907026
"FGLBJAKE_01350",25.3017221468161,-1.18050005207887,0.382162183971915,-3.08900278884116,0.00200829553853771,0.00279102581129467
"FGLBJAKE_01827",29.6929319592537,-1.07669418244934,0.349827451496648,-3.0777864282605,0.00208544316731505,0.00289544138302582
"FGLBJAKE_00890",24.4219934909023,-1.15617775855502,0.378843218001043,-3.05186341900368,0.00227425557540717,0.00315149977035689
"FGLBJAKE_01684",23.719130867311,-1.14418023678558,0.382156237966617,-2.99401167143982,0.00275335411784347,0.00379527085596266
"FGLBJAKE_03048",24.699638090188,-1.12269214732186,0.376474005251152,-2.98212394922962,0.00286256078452988,0.00394202189493956
"FGLBJAKE_01646",18.3609538707521,-1.29236098350216,0.445945157646197,-2.89802672221746,0.00375518593035408,0.00513435031581239
"FGLBJAKE_02236",13.8119040043783,-1.45235479778121,0.507409196384198,-2.86229498426656,0.00420585261592574,0.00573144638130421
"FGLBJAKE_01584",13.0175413624684,1.48189598326779,0.52264224820854,2.83539263874531,0.00457693957999792,0.00621944413849362
"FGLBJAKE_02618",12.7903511248159,1.51641948906302,0.551970473537371,2.74728370766801,0.00600911292742141,0.00811950660715051
"FGLBJAKE_01011",13.2609162112214,1.44360879672508,0.526168236764341,2.74362588970121,0.00607647440672019,0.00820666703238431
"FGLBJAKE_00604",3.118706007605,-3.95702198535338,1.44598505033233,-2.73655801935431,0.0062085645672227,0.00837325882975037
"FGLBJAKE_01530",22.1938962233444,1.08271550990022,0.396667511375093,2.72952908632943,0.0063424853742864,0.0085378468223415
"FGLBJAKE_02023",15.4028184895818,-1.3102994274762,0.484370421434001,-2.70515987247321,0.00682715233701853,0.00916451929780068
"FGLBJAKE_01682",21.9673107639207,-1.0713390989039,0.396620522299106,-2.70116909910165,0.0069096198169229,0.00927089045463885
"FGLBJAKE_01626",17.8438947695741,-1.19788284034617,0.448642992192502,-2.6700134877671,0.00758482001018873,0.0101625979996655
"FGLBJAKE_02940",10.774826966129,1.4968816556453,0.569363813228419,2.62904248718872,0.0085625662250591,0.011435323109117
"FGLBJAKE_00566",5.21976363397558,2.48905824638166,0.947321331648148,2.62746985972669,0.00860224621550757,0.0114829798529349
"FGLBJAKE_02744",7.06227084028224,-2.0004037794644,0.764616532409143,-2.61621831947782,0.00889096891961455,0.0118518760087997
"FGLBJAKE_00226",11.6690503369805,-1.41979765227584,0.562111368287616,-2.52582981305116,0.0115425381470225,0.0152590867684189
"FGLBJAKE_01138",6.67905765927628,-1.92564543148929,0.771299934483592,-2.49662335674716,0.0125382051011622,0.0165449042519468
"FGLBJAKE_02722",8.49446532089948,-1.58501089077068,0.659863406947341,-2.40202877456602,0.0163044258638973,0.0214065417692283
"FGLBJAKE_01681",12.9325490923174,-1.22010533934545,0.51238862286754,-2.38121083274104,0.0172558326462483,0.022612770775858
"FGLBJAKE_02187",7.00694118032691,-1.80403385107005,0.757657241651468,-2.38106857810504,0.0172624979409299,0.022612770775858
"FGLBJAKE_01030",15.1368563993409,-1.17602429624359,0.497013581835734,-2.36618140675333,0.0179726355562299,0.0234574725652156
"FGLBJAKE_03025",11.8502441342724,-1.31238619361207,0.557218543593668,-2.35524500880408,0.018510496349766,0.0241375528626259
"FGLBJAKE_01752",7.00154130373492,-1.77511199836301,0.756132188622727,-2.34762125600859,0.0188937222940545,0.0246149401056721
"FGLBJAKE_02741",9.9982292402553,1.36286741850645,0.581485375251863,2.34376903789909,0.0190899887026184,0.0248256233173418
"FGLBJAKE_01239",3.92398994720011,2.42759247560736,1.0493293371597,2.31347050886646,0.0206967843790321,0.0268544281288209
"FGLBJAKE_00902",17.9735933315008,-1.01663948852201,0.441936927606921,-2.30041760489916,0.0214245723830636,0.0277611456397316
"FGLBJAKE_01463",11.5220072120241,-1.36319084097064,0.598824721745269,-2.27644382649673,0.022819459095351,0.029475561995523
"FGLBJAKE_01854",9.3562343210259,-1.33897553473021,0.607125699307179,-2.20543379444846,0.0274236688007256,0.0352169902293501
"FGLBJAKE_02234",5.97616977293164,-1.67426133295608,0.790137912653055,-2.11894823187814,0.0340948421737136,0.043396180871237
"FGLBJAKE_02658",1.89812217114925,3.38429490350961,1.59776465777932,2.11814354950956,0.0341629122713864,0.0434635723187094
"FGLBJAKE_01622",4.63763509068622,1.95788163865938,0.937157452154255,2.08917043145608,0.0366923840977961,0.0465991656637499
